{
  "type": "FeatureCollection",
  "name": "nasledky",
  "crs": {
    "type": "name",
    "properties": { "name": "urn:ogc:def:crs:EPSG::5514" }
  },
  "features": [
    {
      "type": "Feature",
      "properties": {
        "p1": 40823000018,
        "p59a": "2",
        "p59b": "4",
        "p59c": "2",
        "p59d": "31",
        "p59e": "10",
        "p59f": "5",
        "p59g": "3",
        "x": 0,
        "y": 0
      },
      "geometry": { "type": "Point", "coordinates": [0.0, 0.0] }
    },
    {
      "type": "Feature",
      "properties": {
        "p1": 40823000018,
        "p59a": "1",
        "p59b": "3",
        "p59c": "2",
        "p59d": "33",
        "p59e": "10",
        "p59f": "5",
        "p59g": "3",
        "x": 0,
        "y": 0
      },
      "geometry": { "type": "Point", "coordinates": [0.0, 0.0] }
    },
    {
      "type": "Feature",
      "properties": {
        "p1": 40823000018,
        "p59a": "1",
        "p59b": "4",
        "p59c": "1",
        "p59d": "45",
        "p59e": "10",
        "p59f": "5",
        "p59g": "3",
        "x": 0,
        "y": 0
      },
      "geometry": { "type": "Point", "coordinates": [0.0, 0.0] }
    },
    {
      "type": "Feature",
      "properties": {
        "p1": 40823000029,
        "p59a": "1",
        "p59b": "3",
        "p59c": "2",
        "p59d": "23",
        "p59e": "10",
        "p59f": "1",
        "p59g": "4",
        "x": 0,
        "y": 0
      },
      "geometry": { "type": "Point", "coordinates": [0.0, 0.0] }
    },
    {
      "type": "Feature",
      "properties": {
        "p1": 40823000029,
        "p59a": "1",
        "p59b": "3",
        "p59c": "1",
        "p59d": "86",
        "p59e": "10",
        "p59f": "1",
        "p59g": "4",
        "x": 0,
        "y": 0
      },
      "geometry": { "type": "Point", "coordinates": [0.0, 0.0] }
    },
    {
      "type": "Feature",
      "properties": {
        "p1": 40823000029,
        "p59a": "2",
        "p59b": "3",
        "p59c": "2",
        "p59d": "81",
        "p59e": "10",
        "p59f": "1",
        "p59g": "4",
        "x": 0,
        "y": 0
      },
      "geometry": { "type": "Point", "coordinates": [0.0, 0.0] }
    },
    {
      "type": "Feature",
      "properties": {
        "p1": 40823000138,
        "p59a": "1",
        "p59b": "3",
        "p59c": "1",
        "p59d": "66",
        "p59e": "10",
        "p59f": "1",
        "p59g": "4",
        "x": 0,
        "y": 0
      },
      "geometry": { "type": "Point", "coordinates": [0.0, 0.0] }
    },
    {
      "type": "Feature",
      "properties": {
        "p1": 40823000138,
        "p59a": "2",
        "p59b": "3",
        "p59c": "2",
        "p59d": "20",
        "p59e": "10",
        "p59f": "1",
        "p59g": "4",
        "x": 0,
        "y": 0
      },
      "geometry": { "type": "Point", "coordinates": [0.0, 0.0] }
    },
    {
      "type": "Feature",
      "properties": {
        "p1": 40823000170,
        "p59a": null,
        "p59b": null,
        "p59c": null,
        "p59d": null,
        "p59e": null,
        "p59f": null,
        "p59g": null,
        "x": 0,
        "y": 0
      },
      "geometry": { "type": "Point", "coordinates": [0.0, 0.0] }
    },
    {
      "type": "Feature",
      "properties": {
        "p1": 40823000170,
        "p59a": "1",
        "p59b": "4",
        "p59c": "1",
        "p59d": "43",
        "p59e": "10",
        "p59f": "1",
        "p59g": "4",
        "x": 0,
        "y": 0
      },
      "geometry": { "type": "Point", "coordinates": [0.0, 0.0] }
    },
    {
      "type": "Feature",
      "properties": {
        "p1": 40823000261,
        "p59a": "1",
        "p59b": "7",
        "p59c": "1",
        "p59d": "62",
        "p59e": "10",
        "p59f": "1",
        "p59g": "4",
        "x": 0,
        "y": 0
      },
      "geometry": { "type": "Point", "coordinates": [0.0, 0.0] }
    },
    {
      "type": "Feature",
      "properties": {
        "p1": 40823000261,
        "p59a": "2",
        "p59b": "7",
        "p59c": "2",
        "p59d": "51",
        "p59e": "10",
        "p59f": "1",
        "p59g": "4",
        "x": 0,
        "y": 0
      },
      "geometry": { "type": "Point", "coordinates": [0.0, 0.0] }
    },
    {
      "type": "Feature",
      "properties": {
        "p1": 40823000261,
        "p59a": "1",
        "p59b": "7",
        "p59c": "1",
        "p59d": "46",
        "p59e": "10",
        "p59f": "1",
        "p59g": "4",
        "x": 0,
        "y": 0
      },
      "geometry": { "type": "Point", "coordinates": [0.0, 0.0] }
    },
    {
      "type": "Feature",
      "properties": {
        "p1": 40823000270,
        "p59a": "1",
        "p59b": "3",
        "p59c": "1",
        "p59d": "49",
        "p59e": "10",
        "p59f": "1",
        "p59g": "4",
        "x": 0,
        "y": 0
      },
      "geometry": { "type": "Point", "coordinates": [0.0, 0.0] }
    },
    {
      "type": "Feature",
      "properties": {
        "p1": 40823000270,
        "p59a": "2",
        "p59b": "3",
        "p59c": "1",
        "p59d": "42",
        "p59e": "10",
        "p59f": "1",
        "p59g": "4",
        "x": 0,
        "y": 0
      },
      "geometry": { "type": "Point", "coordinates": [0.0, 0.0] }
    },
    {
      "type": "Feature",
      "properties": {
        "p1": 40823000279,
        "p59a": "1",
        "p59b": "3",
        "p59c": "1",
        "p59d": "45",
        "p59e": "10",
        "p59f": "1",
        "p59g": "4",
        "x": 0,
        "y": 0
      },
      "geometry": { "type": "Point", "coordinates": [0.0, 0.0] }
    },
    {
      "type": "Feature",
      "properties": {
        "p1": 40823000279,
        "p59a": "1",
        "p59b": "3",
        "p59c": "1",
        "p59d": "68",
        "p59e": "10",
        "p59f": "1",
        "p59g": "4",
        "x": 0,
        "y": 0
      },
      "geometry": { "type": "Point", "coordinates": [0.0, 0.0] }
    },
    {
      "type": "Feature",
      "properties": {
        "p1": 40823000308,
        "p59a": "1",
        "p59b": "3",
        "p59c": "1",
        "p59d": "23",
        "p59e": "10",
        "p59f": "1",
        "p59g": "4",
        "x": 0,
        "y": 0
      },
      "geometry": { "type": "Point", "coordinates": [0.0, 0.0] }
    },
    {
      "type": "Feature",
      "properties": {
        "p1": 40823000308,
        "p59a": "2",
        "p59b": "3",
        "p59c": "1",
        "p59d": "58",
        "p59e": "10",
        "p59f": "1",
        "p59g": "4",
        "x": 0,
        "y": 0
      },
      "geometry": { "type": "Point", "coordinates": [0.0, 0.0] }
    },
    {
      "type": "Feature",
      "properties": {
        "p1": 40823000308,
        "p59a": "1",
        "p59b": "3",
        "p59c": "1",
        "p59d": "76",
        "p59e": "10",
        "p59f": "5",
        "p59g": "3",
        "x": 0,
        "y": 0
      },
      "geometry": { "type": "Point", "coordinates": [0.0, 0.0] }
    },
    {
      "type": "Feature",
      "properties": {
        "p1": 40823000308,
        "p59a": "2",
        "p59b": "3",
        "p59c": "2",
        "p59d": "74",
        "p59e": "10",
        "p59f": "5",
        "p59g": "3",
        "x": 0,
        "y": 0
      },
      "geometry": { "type": "Point", "coordinates": [0.0, 0.0] }
    },
    {
      "type": "Feature",
      "properties": {
        "p1": 40823000321,
        "p59a": "1",
        "p59b": "3",
        "p59c": "1",
        "p59d": "66",
        "p59e": "10",
        "p59f": "1",
        "p59g": "4",
        "x": 0,
        "y": 0
      },
      "geometry": { "type": "Point", "coordinates": [0.0, 0.0] }
    },
    {
      "type": "Feature",
      "properties": {
        "p1": 40823000321,
        "p59a": "4",
        "p59b": "4",
        "p59c": "3",
        "p59d": "06",
        "p59e": "104",
        "p59f": "4",
        "p59g": "2",
        "x": 0,
        "y": 0
      },
      "geometry": { "type": "Point", "coordinates": [0.0, 0.0] }
    },
    {
      "type": "Feature",
      "properties": {
        "p1": 40823000321,
        "p59a": "4",
        "p59b": "4",
        "p59c": "2",
        "p59d": "16",
        "p59e": "10",
        "p59f": "5",
        "p59g": "3",
        "x": 0,
        "y": 0
      },
      "geometry": { "type": "Point", "coordinates": [0.0, 0.0] }
    },
    {
      "type": "Feature",
      "properties": {
        "p1": 40823000321,
        "p59a": "4",
        "p59b": "4",
        "p59c": "3",
        "p59d": "11",
        "p59e": "10",
        "p59f": "5",
        "p59g": "3",
        "x": 0,
        "y": 0
      },
      "geometry": { "type": "Point", "coordinates": [0.0, 0.0] }
    },
    {
      "type": "Feature",
      "properties": {
        "p1": 40823000321,
        "p59a": "4",
        "p59b": "4",
        "p59c": "2",
        "p59d": "38",
        "p59e": "10",
        "p59f": "5",
        "p59g": "3",
        "x": 0,
        "y": 0
      },
      "geometry": { "type": "Point", "coordinates": [0.0, 0.0] }
    },
    {
      "type": "Feature",
      "properties": {
        "p1": 40823000321,
        "p59a": "4",
        "p59b": "4",
        "p59c": "2",
        "p59d": "38",
        "p59e": "104",
        "p59f": "5",
        "p59g": "3",
        "x": 0,
        "y": 0
      },
      "geometry": { "type": "Point", "coordinates": [0.0, 0.0] }
    },
    {
      "type": "Feature",
      "properties": {
        "p1": 40823000321,
        "p59a": "4",
        "p59b": "4",
        "p59c": "4",
        "p59d": "14",
        "p59e": "10",
        "p59f": "5",
        "p59g": "3",
        "x": 0,
        "y": 0
      },
      "geometry": { "type": "Point", "coordinates": [0.0, 0.0] }
    },
    {
      "type": "Feature",
      "properties": {
        "p1": 40823000321,
        "p59a": "4",
        "p59b": "4",
        "p59c": "2",
        "p59d": "15",
        "p59e": "10",
        "p59f": "5",
        "p59g": "3",
        "x": 0,
        "y": 0
      },
      "geometry": { "type": "Point", "coordinates": [0.0, 0.0] }
    },
    {
      "type": "Feature",
      "properties": {
        "p1": 40823000321,
        "p59a": "4",
        "p59b": "4",
        "p59c": "2",
        "p59d": "19",
        "p59e": "10",
        "p59f": "5",
        "p59g": "3",
        "x": 0,
        "y": 0
      },
      "geometry": { "type": "Point", "coordinates": [0.0, 0.0] }
    },
    {
      "type": "Feature",
      "properties": {
        "p1": 40823000321,
        "p59a": "4",
        "p59b": "4",
        "p59c": "1",
        "p59d": "15",
        "p59e": "10",
        "p59f": "5",
        "p59g": "3",
        "x": 0,
        "y": 0
      },
      "geometry": { "type": "Point", "coordinates": [0.0, 0.0] }
    },
    {
      "type": "Feature",
      "properties": {
        "p1": 40823000321,
        "p59a": "4",
        "p59b": "4",
        "p59c": "1",
        "p59d": "15",
        "p59e": "10",
        "p59f": "5",
        "p59g": "3",
        "x": 0,
        "y": 0
      },
      "geometry": { "type": "Point", "coordinates": [0.0, 0.0] }
    },
    {
      "type": "Feature",
      "properties": {
        "p1": 40823000321,
        "p59a": "4",
        "p59b": "4",
        "p59c": "3",
        "p59d": "13",
        "p59e": "10",
        "p59f": "5",
        "p59g": "3",
        "x": 0,
        "y": 0
      },
      "geometry": { "type": "Point", "coordinates": [0.0, 0.0] }
    },
    {
      "type": "Feature",
      "properties": {
        "p1": 40823000321,
        "p59a": "4",
        "p59b": "4",
        "p59c": "4",
        "p59d": "14",
        "p59e": "10",
        "p59f": "5",
        "p59g": "3",
        "x": 0,
        "y": 0
      },
      "geometry": { "type": "Point", "coordinates": [0.0, 0.0] }
    },
    {
      "type": "Feature",
      "properties": {
        "p1": 40823000321,
        "p59a": "4",
        "p59b": "4",
        "p59c": "2",
        "p59d": "22",
        "p59e": "10",
        "p59f": "5",
        "p59g": "3",
        "x": 0,
        "y": 0
      },
      "geometry": { "type": "Point", "coordinates": [0.0, 0.0] }
    },
    {
      "type": "Feature",
      "properties": {
        "p1": 40823000321,
        "p59a": "4",
        "p59b": "4",
        "p59c": "1",
        "p59d": "62",
        "p59e": "10",
        "p59f": "5",
        "p59g": "3",
        "x": 0,
        "y": 0
      },
      "geometry": { "type": "Point", "coordinates": [0.0, 0.0] }
    },
    {
      "type": "Feature",
      "properties": {
        "p1": 40823000321,
        "p59a": "4",
        "p59b": "4",
        "p59c": "1",
        "p59d": "24",
        "p59e": "10",
        "p59f": "5",
        "p59g": "3",
        "x": 0,
        "y": 0
      },
      "geometry": { "type": "Point", "coordinates": [0.0, 0.0] }
    },
    {
      "type": "Feature",
      "properties": {
        "p1": 40823000321,
        "p59a": "4",
        "p59b": "4",
        "p59c": "3",
        "p59d": "14",
        "p59e": "10",
        "p59f": "5",
        "p59g": "3",
        "x": 0,
        "y": 0
      },
      "geometry": { "type": "Point", "coordinates": [0.0, 0.0] }
    },
    {
      "type": "Feature",
      "properties": {
        "p1": 40823000338,
        "p59a": "1",
        "p59b": "3",
        "p59c": "1",
        "p59d": "22",
        "p59e": "10",
        "p59f": "1",
        "p59g": "4",
        "x": 0,
        "y": 0
      },
      "geometry": { "type": "Point", "coordinates": [0.0, 0.0] }
    },
    {
      "type": "Feature",
      "properties": {
        "p1": 40823000338,
        "p59a": "2",
        "p59b": "3",
        "p59c": "2",
        "p59d": "17",
        "p59e": "10",
        "p59f": "1",
        "p59g": "4",
        "x": 0,
        "y": 0
      },
      "geometry": { "type": "Point", "coordinates": [0.0, 0.0] }
    },
    {
      "type": "Feature",
      "properties": {
        "p1": 40823000338,
        "p59a": "1",
        "p59b": "3",
        "p59c": "1",
        "p59d": "51",
        "p59e": "10",
        "p59f": "1",
        "p59g": "4",
        "x": 0,
        "y": 0
      },
      "geometry": { "type": "Point", "coordinates": [0.0, 0.0] }
    },
    {
      "type": "Feature",
      "properties": {
        "p1": 40823000352,
        "p59a": "1",
        "p59b": "7",
        "p59c": "1",
        "p59d": "63",
        "p59e": "10",
        "p59f": "1",
        "p59g": "4",
        "x": 0,
        "y": 0
      },
      "geometry": { "type": "Point", "coordinates": [0.0, 0.0] }
    },
    {
      "type": "Feature",
      "properties": {
        "p1": 40823000352,
        "p59a": "2",
        "p59b": "7",
        "p59c": "1",
        "p59d": "45",
        "p59e": "10",
        "p59f": "1",
        "p59g": "4",
        "x": 0,
        "y": 0
      },
      "geometry": { "type": "Point", "coordinates": [0.0, 0.0] }
    },
    {
      "type": "Feature",
      "properties": {
        "p1": 40823000352,
        "p59a": "1",
        "p59b": "3",
        "p59c": "1",
        "p59d": "53",
        "p59e": "10",
        "p59f": "1",
        "p59g": "4",
        "x": 0,
        "y": 0
      },
      "geometry": { "type": "Point", "coordinates": [0.0, 0.0] }
    },
    {
      "type": "Feature",
      "properties": {
        "p1": 40823000436,
        "p59a": "1",
        "p59b": "3",
        "p59c": "2",
        "p59d": "46",
        "p59e": "50",
        "p59f": "1",
        "p59g": "4",
        "x": 0,
        "y": 0
      },
      "geometry": { "type": "Point", "coordinates": [0.0, 0.0] }
    },
    {
      "type": "Feature",
      "properties": {
        "p1": 40823000436,
        "p59a": "1",
        "p59b": "3",
        "p59c": "1",
        "p59d": "61",
        "p59e": "104",
        "p59f": "1",
        "p59g": "4",
        "x": 0,
        "y": 0
      },
      "geometry": { "type": "Point", "coordinates": [0.0, 0.0] }
    },
    {
      "type": "Feature",
      "properties": {
        "p1": 40823000474,
        "p59a": "1",
        "p59b": "3",
        "p59c": "1",
        "p59d": "62",
        "p59e": "10",
        "p59f": "5",
        "p59g": "4",
        "x": 0,
        "y": 0
      },
      "geometry": { "type": "Point", "coordinates": [0.0, 0.0] }
    },
    {
      "type": "Feature",
      "properties": {
        "p1": 40823000474,
        "p59a": "3",
        "p59b": "3",
        "p59c": "4",
        "p59d": "12",
        "p59e": "10",
        "p59f": "5",
        "p59g": "3",
        "x": 0,
        "y": 0
      },
      "geometry": { "type": "Point", "coordinates": [0.0, 0.0] }
    },
    {
      "type": "Feature",
      "properties": {
        "p1": 40823000474,
        "p59a": "2",
        "p59b": "3",
        "p59c": "2",
        "p59d": "15",
        "p59e": "10",
        "p59f": "5",
        "p59g": "3",
        "x": 0,
        "y": 0
      },
      "geometry": { "type": "Point", "coordinates": [0.0, 0.0] }
    },
    {
      "type": "Feature",
      "properties": {
        "p1": 40823000516,
        "p59a": "1",
        "p59b": "3",
        "p59c": "2",
        "p59d": "32",
        "p59e": "10",
        "p59f": "1",
        "p59g": "4",
        "x": 0,
        "y": 0
      },
      "geometry": { "type": "Point", "coordinates": [0.0, 0.0] }
    },
    {
      "type": "Feature",
      "properties": {
        "p1": 40823000516,
        "p59a": "2",
        "p59b": "3",
        "p59c": "4",
        "p59d": "06",
        "p59e": "10",
        "p59f": "1",
        "p59g": "4",
        "x": 0,
        "y": 0
      },
      "geometry": { "type": "Point", "coordinates": [0.0, 0.0] }
    },
    {
      "type": "Feature",
      "properties": {
        "p1": 40823000516,
        "p59a": "3",
        "p59b": "3",
        "p59c": "4",
        "p59d": "02",
        "p59e": "10",
        "p59f": "1",
        "p59g": "4",
        "x": 0,
        "y": 0
      },
      "geometry": { "type": "Point", "coordinates": [0.0, 0.0] }
    },
    {
      "type": "Feature",
      "properties": {
        "p1": 40823000516,
        "p59a": "1",
        "p59b": "1",
        "p59c": "1",
        "p59d": "56",
        "p59e": "412",
        "p59f": "1",
        "p59g": "4",
        "x": 0,
        "y": 0
      },
      "geometry": { "type": "Point", "coordinates": [0.0, 0.0] }
    },
    {
      "type": "Feature",
      "properties": {
        "p1": 40823000559,
        "p59a": "1",
        "p59b": "1",
        "p59c": "2",
        "p59d": "62",
        "p59e": "10",
        "p59f": "2",
        "p59g": "3",
        "x": 0,
        "y": 0
      },
      "geometry": { "type": "Point", "coordinates": [0.0, 0.0] }
    },
    {
      "type": "Feature",
      "properties": {
        "p1": 40823000559,
        "p59a": "1",
        "p59b": "3",
        "p59c": "2",
        "p59d": "50",
        "p59e": "10",
        "p59f": "1",
        "p59g": "4",
        "x": 0,
        "y": 0
      },
      "geometry": { "type": "Point", "coordinates": [0.0, 0.0] }
    },
    {
      "type": "Feature",
      "properties": {
        "p1": 40823000580,
        "p59a": "1",
        "p59b": "2",
        "p59c": "1",
        "p59d": "38",
        "p59e": "412",
        "p59f": "5",
        "p59g": "4",
        "x": 0,
        "y": 0
      },
      "geometry": { "type": "Point", "coordinates": [0.0, 0.0] }
    },
    {
      "type": "Feature",
      "properties": {
        "p1": 40823000580,
        "p59a": "1",
        "p59b": "3",
        "p59c": "1",
        "p59d": "75",
        "p59e": "10",
        "p59f": "1",
        "p59g": "4",
        "x": 0,
        "y": 0
      },
      "geometry": { "type": "Point", "coordinates": [0.0, 0.0] }
    },
    {
      "type": "Feature",
      "properties": {
        "p1": 40823000601,
        "p59a": "1",
        "p59b": "1",
        "p59c": "1",
        "p59d": "27",
        "p59e": "10",
        "p59f": "5",
        "p59g": "3",
        "x": 0,
        "y": 0
      },
      "geometry": { "type": "Point", "coordinates": [0.0, 0.0] }
    },
    {
      "type": "Feature",
      "properties": {
        "p1": 40823000601,
        "p59a": "1",
        "p59b": "3",
        "p59c": "1",
        "p59d": "60",
        "p59e": "10",
        "p59f": "1",
        "p59g": "4",
        "x": 0,
        "y": 0
      },
      "geometry": { "type": "Point", "coordinates": [0.0, 0.0] }
    },
    {
      "type": "Feature",
      "properties": {
        "p1": 40823000609,
        "p59a": "2",
        "p59b": "3",
        "p59c": "2",
        "p59d": "67",
        "p59e": "10",
        "p59f": "1",
        "p59g": "4",
        "x": 0,
        "y": 0
      },
      "geometry": { "type": "Point", "coordinates": [0.0, 0.0] }
    },
    {
      "type": "Feature",
      "properties": {
        "p1": 40823000609,
        "p59a": "3",
        "p59b": "3",
        "p59c": "4",
        "p59d": "10",
        "p59e": "10",
        "p59f": "1",
        "p59g": "4",
        "x": 0,
        "y": 0
      },
      "geometry": { "type": "Point", "coordinates": [0.0, 0.0] }
    },
    {
      "type": "Feature",
      "properties": {
        "p1": 40823000609,
        "p59a": "1",
        "p59b": "3",
        "p59c": "2",
        "p59d": "45",
        "p59e": "10",
        "p59f": "1",
        "p59g": "4",
        "x": 0,
        "y": 0
      },
      "geometry": { "type": "Point", "coordinates": [0.0, 0.0] }
    },
    {
      "type": "Feature",
      "properties": {
        "p1": 40823000614,
        "p59a": "1",
        "p59b": "7",
        "p59c": "2",
        "p59d": "64",
        "p59e": "10",
        "p59f": "5",
        "p59g": "3",
        "x": 0,
        "y": 0
      },
      "geometry": { "type": "Point", "coordinates": [0.0, 0.0] }
    },
    {
      "type": "Feature",
      "properties": {
        "p1": 40823000614,
        "p59a": "1",
        "p59b": "7",
        "p59c": "2",
        "p59d": "67",
        "p59e": "10",
        "p59f": "5",
        "p59g": "3",
        "x": 0,
        "y": 0
      },
      "geometry": { "type": "Point", "coordinates": [0.0, 0.0] }
    },
    {
      "type": "Feature",
      "properties": {
        "p1": 40823000621,
        "p59a": "1",
        "p59b": "1",
        "p59c": "1",
        "p59d": "16",
        "p59e": "10",
        "p59f": "1",
        "p59g": "4",
        "x": 0,
        "y": 0
      },
      "geometry": { "type": "Point", "coordinates": [0.0, 0.0] }
    },
    {
      "type": "Feature",
      "properties": {
        "p1": 40823000621,
        "p59a": "1",
        "p59b": "3",
        "p59c": "2",
        "p59d": "20",
        "p59e": "10",
        "p59f": "1",
        "p59g": "4",
        "x": 0,
        "y": 0
      },
      "geometry": { "type": "Point", "coordinates": [0.0, 0.0] }
    },
    {
      "type": "Feature",
      "properties": {
        "p1": 40823000655,
        "p59a": "1",
        "p59b": "3",
        "p59c": "1",
        "p59d": "49",
        "p59e": "10",
        "p59f": "1",
        "p59g": "4",
        "x": 0,
        "y": 0
      },
      "geometry": { "type": "Point", "coordinates": [0.0, 0.0] }
    },
    {
      "type": "Feature",
      "properties": {
        "p1": 40823000655,
        "p59a": "1",
        "p59b": "2",
        "p59c": "1",
        "p59d": "67",
        "p59e": "10",
        "p59f": "5",
        "p59g": "3",
        "x": 0,
        "y": 0
      },
      "geometry": { "type": "Point", "coordinates": [0.0, 0.0] }
    },
    {
      "type": "Feature",
      "properties": {
        "p1": 40823000674,
        "p59a": "1",
        "p59b": "3",
        "p59c": "1",
        "p59d": "53",
        "p59e": "10",
        "p59f": "4",
        "p59g": "2",
        "x": 0,
        "y": 0
      },
      "geometry": { "type": "Point", "coordinates": [0.0, 0.0] }
    },
    {
      "type": "Feature",
      "properties": {
        "p1": 40823000674,
        "p59a": "2",
        "p59b": "3",
        "p59c": "1",
        "p59d": "49",
        "p59e": "10",
        "p59f": "5",
        "p59g": "3",
        "x": 0,
        "y": 0
      },
      "geometry": { "type": "Point", "coordinates": [0.0, 0.0] }
    },
    {
      "type": "Feature",
      "properties": {
        "p1": 40823000674,
        "p59a": "1",
        "p59b": "3",
        "p59c": "1",
        "p59d": "72",
        "p59e": "10",
        "p59f": "3",
        "p59g": "3",
        "x": 0,
        "y": 0
      },
      "geometry": { "type": "Point", "coordinates": [0.0, 0.0] }
    },
    {
      "type": "Feature",
      "properties": {
        "p1": 40823000737,
        "p59a": "1",
        "p59b": "3",
        "p59c": "1",
        "p59d": "67",
        "p59e": "10",
        "p59f": "1",
        "p59g": "4",
        "x": 0,
        "y": 0
      },
      "geometry": { "type": "Point", "coordinates": [0.0, 0.0] }
    },
    {
      "type": "Feature",
      "properties": {
        "p1": 40823000737,
        "p59a": "2",
        "p59b": "3",
        "p59c": "2",
        "p59d": "49",
        "p59e": "10",
        "p59f": "1",
        "p59g": "4",
        "x": 0,
        "y": 0
      },
      "geometry": { "type": "Point", "coordinates": [0.0, 0.0] }
    },
    {
      "type": "Feature",
      "properties": {
        "p1": 40823000737,
        "p59a": "3",
        "p59b": "3",
        "p59c": "4",
        "p59d": "12",
        "p59e": "10",
        "p59f": "1",
        "p59g": "4",
        "x": 0,
        "y": 0
      },
      "geometry": { "type": "Point", "coordinates": [0.0, 0.0] }
    },
    {
      "type": "Feature",
      "properties": {
        "p1": 40823000737,
        "p59a": "1",
        "p59b": "3",
        "p59c": "1",
        "p59d": "27",
        "p59e": "10",
        "p59f": "1",
        "p59g": "4",
        "x": 0,
        "y": 0
      },
      "geometry": { "type": "Point", "coordinates": [0.0, 0.0] }
    },
    {
      "type": "Feature",
      "properties": {
        "p1": 40823000792,
        "p59a": "1",
        "p59b": "3",
        "p59c": "1",
        "p59d": "20",
        "p59e": "10",
        "p59f": "1",
        "p59g": "4",
        "x": 0,
        "y": 0
      },
      "geometry": { "type": "Point", "coordinates": [0.0, 0.0] }
    },
    {
      "type": "Feature",
      "properties": {
        "p1": 40823000792,
        "p59a": "2",
        "p59b": "3",
        "p59c": "1",
        "p59d": "33",
        "p59e": "10",
        "p59f": "1",
        "p59g": "4",
        "x": 0,
        "y": 0
      },
      "geometry": { "type": "Point", "coordinates": [0.0, 0.0] }
    },
    {
      "type": "Feature",
      "properties": {
        "p1": 40823000796,
        "p59a": "1",
        "p59b": "3",
        "p59c": "1",
        "p59d": "73",
        "p59e": "10",
        "p59f": "1",
        "p59g": "4",
        "x": 0,
        "y": 0
      },
      "geometry": { "type": "Point", "coordinates": [0.0, 0.0] }
    },
    {
      "type": "Feature",
      "properties": {
        "p1": 40823000796,
        "p59a": "3",
        "p59b": "3",
        "p59c": "1",
        "p59d": "19",
        "p59e": "10",
        "p59f": "1",
        "p59g": "4",
        "x": 0,
        "y": 0
      },
      "geometry": { "type": "Point", "coordinates": [0.0, 0.0] }
    },
    {
      "type": "Feature",
      "properties": {
        "p1": 40823000796,
        "p59a": "3",
        "p59b": "3",
        "p59c": "1",
        "p59d": "42",
        "p59e": "10",
        "p59f": "1",
        "p59g": "4",
        "x": 0,
        "y": 0
      },
      "geometry": { "type": "Point", "coordinates": [0.0, 0.0] }
    },
    {
      "type": "Feature",
      "properties": {
        "p1": 40823000796,
        "p59a": "1",
        "p59b": "3",
        "p59c": "1",
        "p59d": "30",
        "p59e": "10",
        "p59f": "1",
        "p59g": "4",
        "x": 0,
        "y": 0
      },
      "geometry": { "type": "Point", "coordinates": [0.0, 0.0] }
    },
    {
      "type": "Feature",
      "properties": {
        "p1": 40823000837,
        "p59a": "1",
        "p59b": "7",
        "p59c": "1",
        "p59d": "24",
        "p59e": "10",
        "p59f": "1",
        "p59g": "4",
        "x": 0,
        "y": 0
      },
      "geometry": { "type": "Point", "coordinates": [0.0, 0.0] }
    },
    {
      "type": "Feature",
      "properties": {
        "p1": 40823000837,
        "p59a": "2",
        "p59b": "7",
        "p59c": "2",
        "p59d": "22",
        "p59e": "10",
        "p59f": "5",
        "p59g": "3",
        "x": 0,
        "y": 0
      },
      "geometry": { "type": "Point", "coordinates": [0.0, 0.0] }
    },
    {
      "type": "Feature",
      "properties": {
        "p1": 40824000045,
        "p59a": "1.0",
        "p59b": "3.0",
        "p59c": "1.0",
        "p59d": "80",
        "p59e": "10.0",
        "p59f": "1.0",
        "p59g": "4.0",
        "x": 0,
        "y": 0
      },
      "geometry": { "type": "Point", "coordinates": [0.0, 0.0] }
    },
    {
      "type": "Feature",
      "properties": {
        "p1": 40824000045,
        "p59a": "2.0",
        "p59b": "3.0",
        "p59c": "2.0",
        "p59d": "73",
        "p59e": "10.0",
        "p59f": "1.0",
        "p59g": "4.0",
        "x": 0,
        "y": 0
      },
      "geometry": { "type": "Point", "coordinates": [0.0, 0.0] }
    },
    {
      "type": "Feature",
      "properties": {
        "p1": 40824000055,
        "p59a": "1.0",
        "p59b": "3.0",
        "p59c": "2.0",
        "p59d": "40",
        "p59e": "10.0",
        "p59f": "1.0",
        "p59g": "4.0",
        "x": 0,
        "y": 0
      },
      "geometry": { "type": "Point", "coordinates": [0.0, 0.0] }
    },
    {
      "type": "Feature",
      "properties": {
        "p1": 40824000055,
        "p59a": "2.0",
        "p59b": "3.0",
        "p59c": "2.0",
        "p59d": "19",
        "p59e": "10.0",
        "p59f": "1.0",
        "p59g": "4.0",
        "x": 0,
        "y": 0
      },
      "geometry": { "type": "Point", "coordinates": [0.0, 0.0] }
    },
    {
      "type": "Feature",
      "properties": {
        "p1": 40824000055,
        "p59a": "1.0",
        "p59b": "3.0",
        "p59c": "1.0",
        "p59d": "27",
        "p59e": "10.0",
        "p59f": "1.0",
        "p59g": "4.0",
        "x": 0,
        "y": 0
      },
      "geometry": { "type": "Point", "coordinates": [0.0, 0.0] }
    },
    {
      "type": "Feature",
      "properties": {
        "p1": 40824000079,
        "p59a": "1.0",
        "p59b": "3.0",
        "p59c": "2.0",
        "p59d": "59",
        "p59e": "10.0",
        "p59f": "1.0",
        "p59g": "4.0",
        "x": 0,
        "y": 0
      },
      "geometry": { "type": "Point", "coordinates": [0.0, 0.0] }
    },
    {
      "type": "Feature",
      "properties": {
        "p1": 40824000079,
        "p59a": "1.0",
        "p59b": "3.0",
        "p59c": "1.0",
        "p59d": "45",
        "p59e": "10.0",
        "p59f": "1.0",
        "p59g": "4.0",
        "x": 0,
        "y": 0
      },
      "geometry": { "type": "Point", "coordinates": [0.0, 0.0] }
    },
    {
      "type": "Feature",
      "properties": {
        "p1": 40824000079,
        "p59a": "4.0",
        "p59b": "3.0",
        "p59c": "2.0",
        "p59d": "60",
        "p59e": "10.0",
        "p59f": "1.0",
        "p59g": "4.0",
        "x": 0,
        "y": 0
      },
      "geometry": { "type": "Point", "coordinates": [0.0, 0.0] }
    },
    {
      "type": "Feature",
      "properties": {
        "p1": 40824000093,
        "p59a": "1.0",
        "p59b": "3.0",
        "p59c": "1.0",
        "p59d": "22",
        "p59e": "10.0",
        "p59f": "1.0",
        "p59g": "4.0",
        "x": 0,
        "y": 0
      },
      "geometry": { "type": "Point", "coordinates": [0.0, 0.0] }
    },
    {
      "type": "Feature",
      "properties": {
        "p1": 40824000093,
        "p59a": "1.0",
        "p59b": "3.0",
        "p59c": "1.0",
        "p59d": "51",
        "p59e": "10.0",
        "p59f": "1.0",
        "p59g": "4.0",
        "x": 0,
        "y": 0
      },
      "geometry": { "type": "Point", "coordinates": [0.0, 0.0] }
    },
    {
      "type": "Feature",
      "properties": {
        "p1": 40824000093,
        "p59a": "3.0",
        "p59b": "3.0",
        "p59c": "1.0",
        "p59d": "46",
        "p59e": "10.0",
        "p59f": "1.0",
        "p59g": "4.0",
        "x": 0,
        "y": 0
      },
      "geometry": { "type": "Point", "coordinates": [0.0, 0.0] }
    },
    {
      "type": "Feature",
      "properties": {
        "p1": 40824000093,
        "p59a": "3.0",
        "p59b": "3.0",
        "p59c": "1.0",
        "p59d": "39",
        "p59e": "10.0",
        "p59f": "1.0",
        "p59g": "4.0",
        "x": 0,
        "y": 0
      },
      "geometry": { "type": "Point", "coordinates": [0.0, 0.0] }
    },
    {
      "type": "Feature",
      "properties": {
        "p1": 40824000093,
        "p59a": "2.0",
        "p59b": "3.0",
        "p59c": "2.0",
        "p59d": "35",
        "p59e": "10.0",
        "p59f": "1.0",
        "p59g": "4.0",
        "x": 0,
        "y": 0
      },
      "geometry": { "type": "Point", "coordinates": [0.0, 0.0] }
    },
    {
      "type": "Feature",
      "properties": {
        "p1": 40824000112,
        "p59a": "1.0",
        "p59b": "3.0",
        "p59c": "1.0",
        "p59d": "44",
        "p59e": "120.0",
        "p59f": "1.0",
        "p59g": "4.0",
        "x": 0,
        "y": 0
      },
      "geometry": { "type": "Point", "coordinates": [0.0, 0.0] }
    },
    {
      "type": "Feature",
      "properties": {
        "p1": 40824000112,
        "p59a": "1.0",
        "p59b": "3.0",
        "p59c": "1.0",
        "p59d": "45",
        "p59e": "10.0",
        "p59f": "1.0",
        "p59g": "4.0",
        "x": 0,
        "y": 0
      },
      "geometry": { "type": "Point", "coordinates": [0.0, 0.0] }
    },
    {
      "type": "Feature",
      "properties": {
        "p1": 40824000135,
        "p59a": "1.0",
        "p59b": "3.0",
        "p59c": "1.0",
        "p59d": "40",
        "p59e": "10.0",
        "p59f": "1.0",
        "p59g": "4.0",
        "x": 0,
        "y": 0
      },
      "geometry": { "type": "Point", "coordinates": [0.0, 0.0] }
    },
    {
      "type": "Feature",
      "properties": {
        "p1": 40824000135,
        "p59a": "2.0",
        "p59b": "3.0",
        "p59c": "2.0",
        "p59d": "43",
        "p59e": "10.0",
        "p59f": "1.0",
        "p59g": "4.0",
        "x": 0,
        "y": 0
      },
      "geometry": { "type": "Point", "coordinates": [0.0, 0.0] }
    },
    {
      "type": "Feature",
      "properties": {
        "p1": 40824000161,
        "p59a": "1.0",
        "p59b": "3.0",
        "p59c": "2.0",
        "p59d": "18",
        "p59e": "10.0",
        "p59f": "1.0",
        "p59g": "4.0",
        "x": 0,
        "y": 0
      },
      "geometry": { "type": "Point", "coordinates": [0.0, 0.0] }
    },
    {
      "type": "Feature",
      "properties": {
        "p1": 40824000161,
        "p59a": "1.0",
        "p59b": "3.0",
        "p59c": "1.0",
        "p59d": "57",
        "p59e": "10.0",
        "p59f": "1.0",
        "p59g": "4.0",
        "x": 0,
        "y": 0
      },
      "geometry": { "type": "Point", "coordinates": [0.0, 0.0] }
    },
    {
      "type": "Feature",
      "properties": {
        "p1": 40824000228,
        "p59a": null,
        "p59b": null,
        "p59c": null,
        "p59d": null,
        "p59e": null,
        "p59f": null,
        "p59g": null,
        "x": 0,
        "y": 0
      },
      "geometry": { "type": "Point", "coordinates": [0.0, 0.0] }
    },
    {
      "type": "Feature",
      "properties": {
        "p1": 40824000228,
        "p59a": "1.0",
        "p59b": "3.0",
        "p59c": "2.0",
        "p59d": "69",
        "p59e": "10.0",
        "p59f": "1.0",
        "p59g": "4.0",
        "x": 0,
        "y": 0
      },
      "geometry": { "type": "Point", "coordinates": [0.0, 0.0] }
    },
    {
      "type": "Feature",
      "properties": {
        "p1": 40824000228,
        "p59a": "2.0",
        "p59b": "3.0",
        "p59c": "2.0",
        "p59d": "88",
        "p59e": "10.0",
        "p59f": "1.0",
        "p59g": "4.0",
        "x": 0,
        "y": 0
      },
      "geometry": { "type": "Point", "coordinates": [0.0, 0.0] }
    },
    {
      "type": "Feature",
      "properties": {
        "p1": 40824000263,
        "p59a": "1.0",
        "p59b": "3.0",
        "p59c": "1.0",
        "p59d": "76",
        "p59e": "10.0",
        "p59f": "1.0",
        "p59g": "4.0",
        "x": 0,
        "y": 0
      },
      "geometry": { "type": "Point", "coordinates": [0.0, 0.0] }
    },
    {
      "type": "Feature",
      "properties": {
        "p1": 40824000263,
        "p59a": "1.0",
        "p59b": "3.0",
        "p59c": "1.0",
        "p59d": "60",
        "p59e": "10.0",
        "p59f": "1.0",
        "p59g": "4.0",
        "x": 0,
        "y": 0
      },
      "geometry": { "type": "Point", "coordinates": [0.0, 0.0] }
    },
    {
      "type": "Feature",
      "properties": {
        "p1": 40824000385,
        "p59a": "1.0",
        "p59b": "3.0",
        "p59c": "1.0",
        "p59d": "19",
        "p59e": "10.0",
        "p59f": "1.0",
        "p59g": "4.0",
        "x": 0,
        "y": 0
      },
      "geometry": { "type": "Point", "coordinates": [0.0, 0.0] }
    },
    {
      "type": "Feature",
      "properties": {
        "p1": 40824000385,
        "p59a": "2.0",
        "p59b": "3.0",
        "p59c": "1.0",
        "p59d": "26",
        "p59e": "10.0",
        "p59f": "1.0",
        "p59g": "4.0",
        "x": 0,
        "y": 0
      },
      "geometry": { "type": "Point", "coordinates": [0.0, 0.0] }
    },
    {
      "type": "Feature",
      "properties": {
        "p1": 40824000447,
        "p59a": "1.0",
        "p59b": "1.0",
        "p59c": "1.0",
        "p59d": "45",
        "p59e": "10.0",
        "p59f": "1.0",
        "p59g": "4.0",
        "x": 0,
        "y": 0
      },
      "geometry": { "type": "Point", "coordinates": [0.0, 0.0] }
    },
    {
      "type": "Feature",
      "properties": {
        "p1": 40824000447,
        "p59a": "1.0",
        "p59b": "3.0",
        "p59c": "1.0",
        "p59d": "34",
        "p59e": "10.0",
        "p59f": "1.0",
        "p59g": "4.0",
        "x": 0,
        "y": 0
      },
      "geometry": { "type": "Point", "coordinates": [0.0, 0.0] }
    },
    {
      "type": "Feature",
      "properties": {
        "p1": 40824000533,
        "p59a": "1.0",
        "p59b": "3.0",
        "p59c": "1.0",
        "p59d": "76",
        "p59e": "10.0",
        "p59f": "5.0",
        "p59g": "3.0",
        "x": 0,
        "y": 0
      },
      "geometry": { "type": "Point", "coordinates": [0.0, 0.0] }
    },
    {
      "type": "Feature",
      "properties": {
        "p1": 40824000533,
        "p59a": "1.0",
        "p59b": "3.0",
        "p59c": "2.0",
        "p59d": "24",
        "p59e": "10.0",
        "p59f": "1.0",
        "p59g": "4.0",
        "x": 0,
        "y": 0
      },
      "geometry": { "type": "Point", "coordinates": [0.0, 0.0] }
    },
    {
      "type": "Feature",
      "properties": {
        "p1": 40824000549,
        "p59a": "1.0",
        "p59b": "3.0",
        "p59c": "1.0",
        "p59d": "53",
        "p59e": "10.0",
        "p59f": "1.0",
        "p59g": "4.0",
        "x": 0,
        "y": 0
      },
      "geometry": { "type": "Point", "coordinates": [0.0, 0.0] }
    },
    {
      "type": "Feature",
      "properties": {
        "p1": 40824000549,
        "p59a": "2.0",
        "p59b": "3.0",
        "p59c": "1.0",
        "p59d": "41",
        "p59e": "10.0",
        "p59f": "1.0",
        "p59g": "4.0",
        "x": 0,
        "y": 0
      },
      "geometry": { "type": "Point", "coordinates": [0.0, 0.0] }
    },
    {
      "type": "Feature",
      "properties": {
        "p1": 40824000551,
        "p59a": "1.0",
        "p59b": "3.0",
        "p59c": "1.0",
        "p59d": "26",
        "p59e": "901.0",
        "p59f": "1.0",
        "p59g": "4.0",
        "x": 0,
        "y": 0
      },
      "geometry": { "type": "Point", "coordinates": [0.0, 0.0] }
    },
    {
      "type": "Feature",
      "properties": {
        "p1": 40824000551,
        "p59a": "1.0",
        "p59b": "3.0",
        "p59c": "2.0",
        "p59d": "24",
        "p59e": "10.0",
        "p59f": "1.0",
        "p59g": "4.0",
        "x": 0,
        "y": 0
      },
      "geometry": { "type": "Point", "coordinates": [0.0, 0.0] }
    },
    {
      "type": "Feature",
      "properties": {
        "p1": 40824000554,
        "p59a": "1.0",
        "p59b": "3.0",
        "p59c": "2.0",
        "p59d": "27",
        "p59e": "10.0",
        "p59f": "1.0",
        "p59g": "4.0",
        "x": 0,
        "y": 0
      },
      "geometry": { "type": "Point", "coordinates": [0.0, 0.0] }
    },
    {
      "type": "Feature",
      "properties": {
        "p1": 40824000554,
        "p59a": "1.0",
        "p59b": "3.0",
        "p59c": "1.0",
        "p59d": "32",
        "p59e": "10.0",
        "p59f": "1.0",
        "p59g": "4.0",
        "x": 0,
        "y": 0
      },
      "geometry": { "type": "Point", "coordinates": [0.0, 0.0] }
    },
    {
      "type": "Feature",
      "properties": {
        "p1": 40824000554,
        "p59a": "3.0",
        "p59b": "4.0",
        "p59c": "2.0",
        "p59d": "57",
        "p59e": "10.0",
        "p59f": "5.0",
        "p59g": "3.0",
        "x": 0,
        "y": 0
      },
      "geometry": { "type": "Point", "coordinates": [0.0, 0.0] }
    },
    {
      "type": "Feature",
      "properties": {
        "p1": 40824000626,
        "p59a": "1.0",
        "p59b": "3.0",
        "p59c": "1.0",
        "p59d": "64",
        "p59e": "10.0",
        "p59f": "1.0",
        "p59g": "4.0",
        "x": 0,
        "y": 0
      },
      "geometry": { "type": "Point", "coordinates": [0.0, 0.0] }
    },
    {
      "type": "Feature",
      "properties": {
        "p1": 40824000626,
        "p59a": "1.0",
        "p59b": "7.0",
        "p59c": "1.0",
        "p59d": "24",
        "p59e": "10.0",
        "p59f": "1.0",
        "p59g": "4.0",
        "x": 0,
        "y": 0
      },
      "geometry": { "type": "Point", "coordinates": [0.0, 0.0] }
    },
    {
      "type": "Feature",
      "properties": {
        "p1": 40824000626,
        "p59a": "2.0",
        "p59b": "7.0",
        "p59c": "1.0",
        "p59d": "27",
        "p59e": "10.0",
        "p59f": "1.0",
        "p59g": "4.0",
        "x": 0,
        "y": 0
      },
      "geometry": { "type": "Point", "coordinates": [0.0, 0.0] }
    },
    {
      "type": "Feature",
      "properties": {
        "p1": 40824000626,
        "p59a": "3.0",
        "p59b": "3.0",
        "p59c": "1.0",
        "p59d": "43",
        "p59e": "10.0",
        "p59f": "1.0",
        "p59g": "4.0",
        "x": 0,
        "y": 0
      },
      "geometry": { "type": "Point", "coordinates": [0.0, 0.0] }
    },
    {
      "type": "Feature",
      "properties": {
        "p1": 40824000626,
        "p59a": "1.0",
        "p59b": "3.0",
        "p59c": "2.0",
        "p59d": "47",
        "p59e": "10.0",
        "p59f": "5.0",
        "p59g": "3.0",
        "x": 0,
        "y": 0
      },
      "geometry": { "type": "Point", "coordinates": [0.0, 0.0] }
    },
    {
      "type": "Feature",
      "properties": {
        "p1": 40824000738,
        "p59a": "1.0",
        "p59b": "3.0",
        "p59c": "1.0",
        "p59d": "77",
        "p59e": "10.0",
        "p59f": "1.0",
        "p59g": "4.0",
        "x": 0,
        "y": 0
      },
      "geometry": { "type": "Point", "coordinates": [0.0, 0.0] }
    },
    {
      "type": "Feature",
      "properties": {
        "p1": 40824000738,
        "p59a": "2.0",
        "p59b": "3.0",
        "p59c": "2.0",
        "p59d": "76",
        "p59e": "10.0",
        "p59f": "5.0",
        "p59g": "3.0",
        "x": 0,
        "y": 0
      },
      "geometry": { "type": "Point", "coordinates": [0.0, 0.0] }
    },
    {
      "type": "Feature",
      "properties": {
        "p1": 40824000768,
        "p59a": "1.0",
        "p59b": "3.0",
        "p59c": "1.0",
        "p59d": "44",
        "p59e": "10.0",
        "p59f": "1.0",
        "p59g": "4.0",
        "x": 0,
        "y": 0
      },
      "geometry": { "type": "Point", "coordinates": [0.0, 0.0] }
    },
    {
      "type": "Feature",
      "properties": {
        "p1": 40824000768,
        "p59a": "1.0",
        "p59b": "3.0",
        "p59c": "1.0",
        "p59d": "20",
        "p59e": "10.0",
        "p59f": "1.0",
        "p59g": "4.0",
        "x": 0,
        "y": 0
      },
      "geometry": { "type": "Point", "coordinates": [0.0, 0.0] }
    },
    {
      "type": "Feature",
      "properties": {
        "p1": 40824000780,
        "p59a": "1.0",
        "p59b": "3.0",
        "p59c": "1.0",
        "p59d": "54",
        "p59e": "10.0",
        "p59f": "1.0",
        "p59g": "4.0",
        "x": 0,
        "y": 0
      },
      "geometry": { "type": "Point", "coordinates": [0.0, 0.0] }
    },
    {
      "type": "Feature",
      "properties": {
        "p1": 40824000780,
        "p59a": "1.0",
        "p59b": "3.0",
        "p59c": "1.0",
        "p59d": "49",
        "p59e": "10.0",
        "p59f": "1.0",
        "p59g": "4.0",
        "x": 0,
        "y": 0
      },
      "geometry": { "type": "Point", "coordinates": [0.0, 0.0] }
    },
    {
      "type": "Feature",
      "properties": {
        "p1": 40824000784,
        "p59a": "1.0",
        "p59b": "3.0",
        "p59c": "1.0",
        "p59d": "45",
        "p59e": "10.0",
        "p59f": "1.0",
        "p59g": "4.0",
        "x": 0,
        "y": 0
      },
      "geometry": { "type": "Point", "coordinates": [0.0, 0.0] }
    },
    {
      "type": "Feature",
      "properties": {
        "p1": 40824000784,
        "p59a": "1.0",
        "p59b": "3.0",
        "p59c": "1.0",
        "p59d": "46",
        "p59e": "10.0",
        "p59f": "1.0",
        "p59g": "4.0",
        "x": 0,
        "y": 0
      },
      "geometry": { "type": "Point", "coordinates": [0.0, 0.0] }
    },
    {
      "type": "Feature",
      "properties": {
        "p1": 40824000837,
        "p59a": "1.0",
        "p59b": "3.0",
        "p59c": "1.0",
        "p59d": "41",
        "p59e": "10.0",
        "p59f": "1.0",
        "p59g": "4.0",
        "x": 0,
        "y": 0
      },
      "geometry": { "type": "Point", "coordinates": [0.0, 0.0] }
    },
    {
      "type": "Feature",
      "properties": {
        "p1": 40824000837,
        "p59a": "1.0",
        "p59b": "7.0",
        "p59c": "1.0",
        "p59d": "53",
        "p59e": "10.0",
        "p59f": "1.0",
        "p59g": "4.0",
        "x": 0,
        "y": 0
      },
      "geometry": { "type": "Point", "coordinates": [0.0, 0.0] }
    },
    {
      "type": "Feature",
      "properties": {
        "p1": 40824000862,
        "p59a": "1.0",
        "p59b": "3.0",
        "p59c": "1.0",
        "p59d": "37",
        "p59e": "10.0",
        "p59f": "1.0",
        "p59g": "4.0",
        "x": 0,
        "y": 0
      },
      "geometry": { "type": "Point", "coordinates": [0.0, 0.0] }
    },
    {
      "type": "Feature",
      "properties": {
        "p1": 40824000862,
        "p59a": "2.0",
        "p59b": "3.0",
        "p59c": "1.0",
        "p59d": "45",
        "p59e": "10.0",
        "p59f": "1.0",
        "p59g": "4.0",
        "x": 0,
        "y": 0
      },
      "geometry": { "type": "Point", "coordinates": [0.0, 0.0] }
    },
    {
      "type": "Feature",
      "properties": {
        "p1": 40824000863,
        "p59a": "1.0",
        "p59b": "3.0",
        "p59c": "1.0",
        "p59d": "49",
        "p59e": "10.0",
        "p59f": "1.0",
        "p59g": "4.0",
        "x": 0,
        "y": 0
      },
      "geometry": { "type": "Point", "coordinates": [0.0, 0.0] }
    },
    {
      "type": "Feature",
      "properties": {
        "p1": 40824000863,
        "p59a": "1.0",
        "p59b": "3.0",
        "p59c": "1.0",
        "p59d": "48",
        "p59e": "10.0",
        "p59f": "1.0",
        "p59g": "4.0",
        "x": 0,
        "y": 0
      },
      "geometry": { "type": "Point", "coordinates": [0.0, 0.0] }
    },
    {
      "type": "Feature",
      "properties": {
        "p1": 40824000863,
        "p59a": "2.0",
        "p59b": "3.0",
        "p59c": "1.0",
        "p59d": "27",
        "p59e": "10.0",
        "p59f": "1.0",
        "p59g": "4.0",
        "x": 0,
        "y": 0
      },
      "geometry": { "type": "Point", "coordinates": [0.0, 0.0] }
    },
    {
      "type": "Feature",
      "properties": {
        "p1": 40824000896,
        "p59a": "1.0",
        "p59b": "3.0",
        "p59c": "1.0",
        "p59d": "57",
        "p59e": "10.0",
        "p59f": "1.0",
        "p59g": "4.0",
        "x": 0,
        "y": 0
      },
      "geometry": { "type": "Point", "coordinates": [0.0, 0.0] }
    },
    {
      "type": "Feature",
      "properties": {
        "p1": 40824000896,
        "p59a": "1.0",
        "p59b": "3.0",
        "p59c": "1.0",
        "p59d": "22",
        "p59e": "10.0",
        "p59f": "5.0",
        "p59g": "3.0",
        "x": 0,
        "y": 0
      },
      "geometry": { "type": "Point", "coordinates": [0.0, 0.0] }
    },
    {
      "type": "Feature",
      "properties": {
        "p1": 40824000993,
        "p59a": "1.0",
        "p59b": "3.0",
        "p59c": "1.0",
        "p59d": "20",
        "p59e": "10.0",
        "p59f": "1.0",
        "p59g": "4.0",
        "x": 0,
        "y": 0
      },
      "geometry": { "type": "Point", "coordinates": [0.0, 0.0] }
    },
    {
      "type": "Feature",
      "properties": {
        "p1": 40824000993,
        "p59a": "2.0",
        "p59b": "3.0",
        "p59c": "2.0",
        "p59d": "22",
        "p59e": "10.0",
        "p59f": "5.0",
        "p59g": "3.0",
        "x": 0,
        "y": 0
      },
      "geometry": { "type": "Point", "coordinates": [0.0, 0.0] }
    },
    {
      "type": "Feature",
      "properties": {
        "p1": 40824000993,
        "p59a": "1.0",
        "p59b": "3.0",
        "p59c": "1.0",
        "p59d": "23",
        "p59e": "10.0",
        "p59f": "5.0",
        "p59g": "3.0",
        "x": 0,
        "y": 0
      },
      "geometry": { "type": "Point", "coordinates": [0.0, 0.0] }
    },
    {
      "type": "Feature",
      "properties": {
        "p1": 40824001003,
        "p59a": "1.0",
        "p59b": "3.0",
        "p59c": "2.0",
        "p59d": "42",
        "p59e": "10.0",
        "p59f": "1.0",
        "p59g": "4.0",
        "x": 0,
        "y": 0
      },
      "geometry": { "type": "Point", "coordinates": [0.0, 0.0] }
    },
    {
      "type": "Feature",
      "properties": {
        "p1": 40824001003,
        "p59a": "3.0",
        "p59b": "3.0",
        "p59c": "1.0",
        "p59d": "33",
        "p59e": "10.0",
        "p59f": "1.0",
        "p59g": "4.0",
        "x": 0,
        "y": 0
      },
      "geometry": { "type": "Point", "coordinates": [0.0, 0.0] }
    },
    {
      "type": "Feature",
      "properties": {
        "p1": 40824001003,
        "p59a": "2.0",
        "p59b": "3.0",
        "p59c": "1.0",
        "p59d": "63",
        "p59e": "10.0",
        "p59f": "1.0",
        "p59g": "4.0",
        "x": 0,
        "y": 0
      },
      "geometry": { "type": "Point", "coordinates": [0.0, 0.0] }
    },
    {
      "type": "Feature",
      "properties": {
        "p1": 40824001003,
        "p59a": "1.0",
        "p59b": "3.0",
        "p59c": "1.0",
        "p59d": "43",
        "p59e": "10.0",
        "p59f": "1.0",
        "p59g": "4.0",
        "x": 0,
        "y": 0
      },
      "geometry": { "type": "Point", "coordinates": [0.0, 0.0] }
    },
    {
      "type": "Feature",
      "properties": {
        "p1": 40824001003,
        "p59a": "1.0",
        "p59b": "3.0",
        "p59c": "1.0",
        "p59d": "43",
        "p59e": "10.0",
        "p59f": "1.0",
        "p59g": "4.0",
        "x": 0,
        "y": 0
      },
      "geometry": { "type": "Point", "coordinates": [0.0, 0.0] }
    },
    {
      "type": "Feature",
      "properties": {
        "p1": 40824001003,
        "p59a": "1.0",
        "p59b": "3.0",
        "p59c": "1.0",
        "p59d": "47",
        "p59e": "10.0",
        "p59f": "1.0",
        "p59g": "4.0",
        "x": 0,
        "y": 0
      },
      "geometry": { "type": "Point", "coordinates": [0.0, 0.0] }
    },
    {
      "type": "Feature",
      "properties": {
        "p1": 40824001003,
        "p59a": "2.0",
        "p59b": "3.0",
        "p59c": "1.0",
        "p59d": "43",
        "p59e": "10.0",
        "p59f": "1.0",
        "p59g": "4.0",
        "x": 0,
        "y": 0
      },
      "geometry": { "type": "Point", "coordinates": [0.0, 0.0] }
    },
    {
      "type": "Feature",
      "properties": {
        "p1": 40824001003,
        "p59a": "1.0",
        "p59b": "3.0",
        "p59c": "1.0",
        "p59d": "20",
        "p59e": "10.0",
        "p59f": "1.0",
        "p59g": "4.0",
        "x": 0,
        "y": 0
      },
      "geometry": { "type": "Point", "coordinates": [0.0, 0.0] }
    },
    {
      "type": "Feature",
      "properties": {
        "p1": 40824001003,
        "p59a": "2.0",
        "p59b": "3.0",
        "p59c": "1.0",
        "p59d": "42",
        "p59e": "97.0",
        "p59f": "1.0",
        "p59g": "4.0",
        "x": 0,
        "y": 0
      },
      "geometry": { "type": "Point", "coordinates": [0.0, 0.0] }
    },
    {
      "type": "Feature",
      "properties": {
        "p1": 40824001037,
        "p59a": "1.0",
        "p59b": "3.0",
        "p59c": "1.0",
        "p59d": "58",
        "p59e": "10.0",
        "p59f": "1.0",
        "p59g": "4.0",
        "x": 0,
        "y": 0
      },
      "geometry": { "type": "Point", "coordinates": [0.0, 0.0] }
    },
    {
      "type": "Feature",
      "properties": {
        "p1": 40824001037,
        "p59a": "1.0",
        "p59b": "3.0",
        "p59c": "1.0",
        "p59d": "47",
        "p59e": "10.0",
        "p59f": "1.0",
        "p59g": "4.0",
        "x": 0,
        "y": 0
      },
      "geometry": { "type": "Point", "coordinates": [0.0, 0.0] }
    },
    {
      "type": "Feature",
      "properties": {
        "p1": 40824001040,
        "p59a": "1.0",
        "p59b": "3.0",
        "p59c": "1.0",
        "p59d": "41",
        "p59e": "10.0",
        "p59f": "1.0",
        "p59g": "4.0",
        "x": 0,
        "y": 0
      },
      "geometry": { "type": "Point", "coordinates": [0.0, 0.0] }
    },
    {
      "type": "Feature",
      "properties": {
        "p1": 40824001040,
        "p59a": "3.0",
        "p59b": "6.0",
        "p59c": "4.0",
        "p59d": "02",
        "p59e": "10.0",
        "p59f": "1.0",
        "p59g": "4.0",
        "x": 0,
        "y": 0
      },
      "geometry": { "type": "Point", "coordinates": [0.0, 0.0] }
    },
    {
      "type": "Feature",
      "properties": {
        "p1": 40825000001,
        "p59a": "1.0",
        "p59b": "7.0",
        "p59c": "1.0",
        "p59d": "19",
        "p59e": "10.0",
        "p59f": "1.0",
        "p59g": "4.0",
        "x": 0,
        "y": 0
      },
      "geometry": { "type": "Point", "coordinates": [0.0, 0.0] }
    },
    {
      "type": "Feature",
      "properties": {
        "p1": 40825000001,
        "p59a": "2.0",
        "p59b": "7.0",
        "p59c": "2.0",
        "p59d": "17",
        "p59e": "10.0",
        "p59f": "1.0",
        "p59g": "4.0",
        "x": 0,
        "y": 0
      },
      "geometry": { "type": "Point", "coordinates": [0.0, 0.0] }
    },
    {
      "type": "Feature",
      "properties": {
        "p1": 40825000004,
        "p59a": "1.0",
        "p59b": "3.0",
        "p59c": "1.0",
        "p59d": "53",
        "p59e": "10.0",
        "p59f": "1.0",
        "p59g": "4.0",
        "x": 0,
        "y": 0
      },
      "geometry": { "type": "Point", "coordinates": [0.0, 0.0] }
    },
    {
      "type": "Feature",
      "properties": {
        "p1": 40825000004,
        "p59a": "1.0",
        "p59b": "4.0",
        "p59c": "1.0",
        "p59d": "47",
        "p59e": "10.0",
        "p59f": "1.0",
        "p59g": "4.0",
        "x": 0,
        "y": 0
      },
      "geometry": { "type": "Point", "coordinates": [0.0, 0.0] }
    },
    {
      "type": "Feature",
      "properties": {
        "p1": 40825000005,
        "p59a": "1.0",
        "p59b": "3.0",
        "p59c": "2.0",
        "p59d": "73",
        "p59e": "10.0",
        "p59f": "1.0",
        "p59g": "4.0",
        "x": 0,
        "y": 0
      },
      "geometry": { "type": "Point", "coordinates": [0.0, 0.0] }
    },
    {
      "type": "Feature",
      "properties": {
        "p1": 40825000005,
        "p59a": "2.0",
        "p59b": "3.0",
        "p59c": "2.0",
        "p59d": "53",
        "p59e": "10.0",
        "p59f": "1.0",
        "p59g": "4.0",
        "x": 0,
        "y": 0
      },
      "geometry": { "type": "Point", "coordinates": [0.0, 0.0] }
    },
    {
      "type": "Feature",
      "properties": {
        "p1": 40825000008,
        "p59a": "1.0",
        "p59b": "3.0",
        "p59c": "1.0",
        "p59d": "49",
        "p59e": "50.0",
        "p59f": "1.0",
        "p59g": "4.0",
        "x": 0,
        "y": 0
      },
      "geometry": { "type": "Point", "coordinates": [0.0, 0.0] }
    },
    {
      "type": "Feature",
      "properties": {
        "p1": 40825000008,
        "p59a": "2.0",
        "p59b": "3.0",
        "p59c": "2.0",
        "p59d": "68",
        "p59e": "10.0",
        "p59f": "1.0",
        "p59g": "4.0",
        "x": 0,
        "y": 0
      },
      "geometry": { "type": "Point", "coordinates": [0.0, 0.0] }
    },
    {
      "type": "Feature",
      "properties": {
        "p1": 40825000008,
        "p59a": "1.0",
        "p59b": "3.0",
        "p59c": "1.0",
        "p59d": "85",
        "p59e": "10.0",
        "p59f": "1.0",
        "p59g": "4.0",
        "x": 0,
        "y": 0
      },
      "geometry": { "type": "Point", "coordinates": [0.0, 0.0] }
    },
    {
      "type": "Feature",
      "properties": {
        "p1": 40825000010,
        "p59a": "1.0",
        "p59b": "3.0",
        "p59c": "1.0",
        "p59d": "61",
        "p59e": "10.0",
        "p59f": "1.0",
        "p59g": "4.0",
        "x": 0,
        "y": 0
      },
      "geometry": { "type": "Point", "coordinates": [0.0, 0.0] }
    },
    {
      "type": "Feature",
      "properties": {
        "p1": 40825000010,
        "p59a": "3.0",
        "p59b": "3.0",
        "p59c": "2.0",
        "p59d": "81",
        "p59e": "10.0",
        "p59f": "3.0",
        "p59g": "3.0",
        "x": 0,
        "y": 0
      },
      "geometry": { "type": "Point", "coordinates": [0.0, 0.0] }
    },
    {
      "type": "Feature",
      "properties": {
        "p1": 40825000010,
        "p59a": "2.0",
        "p59b": "3.0",
        "p59c": "2.0",
        "p59d": "63",
        "p59e": "10.0",
        "p59f": "1.0",
        "p59g": "4.0",
        "x": 0,
        "y": 0
      },
      "geometry": { "type": "Point", "coordinates": [0.0, 0.0] }
    },
    {
      "type": "Feature",
      "properties": {
        "p1": 40825000016,
        "p59a": "1.0",
        "p59b": "3.0",
        "p59c": "1.0",
        "p59d": "50",
        "p59e": "10.0",
        "p59f": "1.0",
        "p59g": "4.0",
        "x": 0,
        "y": 0
      },
      "geometry": { "type": "Point", "coordinates": [0.0, 0.0] }
    },
    {
      "type": "Feature",
      "properties": {
        "p1": 40825000016,
        "p59a": "1.0",
        "p59b": "3.0",
        "p59c": "1.0",
        "p59d": "50",
        "p59e": "10.0",
        "p59f": "1.0",
        "p59g": "4.0",
        "x": 0,
        "y": 0
      },
      "geometry": { "type": "Point", "coordinates": [0.0, 0.0] }
    },
    {
      "type": "Feature",
      "properties": {
        "p1": 40825000021,
        "p59a": "1.0",
        "p59b": "3.0",
        "p59c": "1.0",
        "p59d": "74",
        "p59e": "10.0",
        "p59f": "1.0",
        "p59g": "4.0",
        "x": 0,
        "y": 0
      },
      "geometry": { "type": "Point", "coordinates": [0.0, 0.0] }
    },
    {
      "type": "Feature",
      "properties": {
        "p1": 40825000021,
        "p59a": "1.0",
        "p59b": "3.0",
        "p59c": "1.0",
        "p59d": "37",
        "p59e": "50.0",
        "p59f": "1.0",
        "p59g": "4.0",
        "x": 0,
        "y": 0
      },
      "geometry": { "type": "Point", "coordinates": [0.0, 0.0] }
    },
    {
      "type": "Feature",
      "properties": {
        "p1": 40825000021,
        "p59a": "3.0",
        "p59b": "3.0",
        "p59c": "4.0",
        "p59d": "11",
        "p59e": "10.0",
        "p59f": "1.0",
        "p59g": "4.0",
        "x": 0,
        "y": 0
      },
      "geometry": { "type": "Point", "coordinates": [0.0, 0.0] }
    },
    {
      "type": "Feature",
      "properties": {
        "p1": 40825000021,
        "p59a": "2.0",
        "p59b": "3.0",
        "p59c": "2.0",
        "p59d": "33",
        "p59e": "10.0",
        "p59f": "1.0",
        "p59g": "4.0",
        "x": 0,
        "y": 0
      },
      "geometry": { "type": "Point", "coordinates": [0.0, 0.0] }
    },
    {
      "type": "Feature",
      "properties": {
        "p1": 40825000023,
        "p59a": null,
        "p59b": null,
        "p59c": null,
        "p59d": null,
        "p59e": null,
        "p59f": null,
        "p59g": null,
        "x": 0,
        "y": 0
      },
      "geometry": { "type": "Point", "coordinates": [0.0, 0.0] }
    },
    {
      "type": "Feature",
      "properties": {
        "p1": 40825000023,
        "p59a": "1.0",
        "p59b": "3.0",
        "p59c": "1.0",
        "p59d": "66",
        "p59e": "10.0",
        "p59f": "1.0",
        "p59g": "4.0",
        "x": 0,
        "y": 0
      },
      "geometry": { "type": "Point", "coordinates": [0.0, 0.0] }
    },
    {
      "type": "Feature",
      "properties": {
        "p1": 40825000024,
        "p59a": "1.0",
        "p59b": "3.0",
        "p59c": "1.0",
        "p59d": "62",
        "p59e": "10.0",
        "p59f": "1.0",
        "p59g": "4.0",
        "x": 0,
        "y": 0
      },
      "geometry": { "type": "Point", "coordinates": [0.0, 0.0] }
    },
    {
      "type": "Feature",
      "properties": {
        "p1": 40825000024,
        "p59a": "1.0",
        "p59b": "3.0",
        "p59c": "1.0",
        "p59d": "39",
        "p59e": "10.0",
        "p59f": "1.0",
        "p59g": "4.0",
        "x": 0,
        "y": 0
      },
      "geometry": { "type": "Point", "coordinates": [0.0, 0.0] }
    },
    {
      "type": "Feature",
      "properties": {
        "p1": 40825000026,
        "p59a": "1.0",
        "p59b": "3.0",
        "p59c": "2.0",
        "p59d": "38",
        "p59e": "10.0",
        "p59f": "1.0",
        "p59g": "4.0",
        "x": 0,
        "y": 0
      },
      "geometry": { "type": "Point", "coordinates": [0.0, 0.0] }
    },
    {
      "type": "Feature",
      "properties": {
        "p1": 40825000026,
        "p59a": "1.0",
        "p59b": "2.0",
        "p59c": "1.0",
        "p59d": "39",
        "p59e": "10.0",
        "p59f": "5.0",
        "p59g": "4.0",
        "x": 0,
        "y": 0
      },
      "geometry": { "type": "Point", "coordinates": [0.0, 0.0] }
    },
    {
      "type": "Feature",
      "properties": {
        "p1": 40825000027,
        "p59a": "1.0",
        "p59b": "3.0",
        "p59c": "1.0",
        "p59d": "60",
        "p59e": "10.0",
        "p59f": "1.0",
        "p59g": "4.0",
        "x": 0,
        "y": 0
      },
      "geometry": { "type": "Point", "coordinates": [0.0, 0.0] }
    },
    {
      "type": "Feature",
      "properties": {
        "p1": 40825000027,
        "p59a": "1.0",
        "p59b": "3.0",
        "p59c": "2.0",
        "p59d": "40",
        "p59e": "10.0",
        "p59f": "1.0",
        "p59g": "4.0",
        "x": 0,
        "y": 0
      },
      "geometry": { "type": "Point", "coordinates": [0.0, 0.0] }
    },
    {
      "type": "Feature",
      "properties": {
        "p1": 40825000033,
        "p59a": "1.0",
        "p59b": "3.0",
        "p59c": "2.0",
        "p59d": "44",
        "p59e": "10.0",
        "p59f": "1.0",
        "p59g": "4.0",
        "x": 0,
        "y": 0
      },
      "geometry": { "type": "Point", "coordinates": [0.0, 0.0] }
    },
    {
      "type": "Feature",
      "properties": {
        "p1": 40825000033,
        "p59a": "1.0",
        "p59b": "3.0",
        "p59c": "1.0",
        "p59d": "63",
        "p59e": "10.0",
        "p59f": "1.0",
        "p59g": "4.0",
        "x": 0,
        "y": 0
      },
      "geometry": { "type": "Point", "coordinates": [0.0, 0.0] }
    },
    {
      "type": "Feature",
      "properties": {
        "p1": 40825000035,
        "p59a": "1.0",
        "p59b": "3.0",
        "p59c": "1.0",
        "p59d": "19",
        "p59e": "10.0",
        "p59f": "1.0",
        "p59g": "4.0",
        "x": 0,
        "y": 0
      },
      "geometry": { "type": "Point", "coordinates": [0.0, 0.0] }
    },
    {
      "type": "Feature",
      "properties": {
        "p1": 40825000035,
        "p59a": "2.0",
        "p59b": "3.0",
        "p59c": "2.0",
        "p59d": "17",
        "p59e": "10.0",
        "p59f": "1.0",
        "p59g": "4.0",
        "x": 0,
        "y": 0
      },
      "geometry": { "type": "Point", "coordinates": [0.0, 0.0] }
    },
    {
      "type": "Feature",
      "properties": {
        "p1": 40825000036,
        "p59a": "1.0",
        "p59b": "3.0",
        "p59c": "1.0",
        "p59d": "50",
        "p59e": "10.0",
        "p59f": "1.0",
        "p59g": "4.0",
        "x": 0,
        "y": 0
      },
      "geometry": { "type": "Point", "coordinates": [0.0, 0.0] }
    },
    {
      "type": "Feature",
      "properties": {
        "p1": 40825000036,
        "p59a": "2.0",
        "p59b": "3.0",
        "p59c": "1.0",
        "p59d": "55",
        "p59e": "10.0",
        "p59f": "1.0",
        "p59g": "4.0",
        "x": 0,
        "y": 0
      },
      "geometry": { "type": "Point", "coordinates": [0.0, 0.0] }
    },
    {
      "type": "Feature",
      "properties": {
        "p1": 40825000036,
        "p59a": "1.0",
        "p59b": "3.0",
        "p59c": "1.0",
        "p59d": "27",
        "p59e": "10.0",
        "p59f": "1.0",
        "p59g": "4.0",
        "x": 0,
        "y": 0
      },
      "geometry": { "type": "Point", "coordinates": [0.0, 0.0] }
    },
    {
      "type": "Feature",
      "properties": {
        "p1": 40825000036,
        "p59a": "3.0",
        "p59b": "3.0",
        "p59c": "2.0",
        "p59d": "33",
        "p59e": "10.0",
        "p59f": "1.0",
        "p59g": "4.0",
        "x": 0,
        "y": 0
      },
      "geometry": { "type": "Point", "coordinates": [0.0, 0.0] }
    },
    {
      "type": "Feature",
      "properties": {
        "p1": 40825000036,
        "p59a": "2.0",
        "p59b": "3.0",
        "p59c": "1.0",
        "p59d": "40",
        "p59e": "10.0",
        "p59f": "1.0",
        "p59g": "4.0",
        "x": 0,
        "y": 0
      },
      "geometry": { "type": "Point", "coordinates": [0.0, 0.0] }
    },
    {
      "type": "Feature",
      "properties": {
        "p1": 40825000037,
        "p59a": "1.0",
        "p59b": "3.0",
        "p59c": "1.0",
        "p59d": "45",
        "p59e": "180.0",
        "p59f": "1.0",
        "p59g": "4.0",
        "x": 0,
        "y": 0
      },
      "geometry": { "type": "Point", "coordinates": [0.0, 0.0] }
    },
    {
      "type": "Feature",
      "properties": {
        "p1": 40825000037,
        "p59a": "1.0",
        "p59b": "3.0",
        "p59c": "1.0",
        "p59d": "45",
        "p59e": "10.0",
        "p59f": "1.0",
        "p59g": "4.0",
        "x": 0,
        "y": 0
      },
      "geometry": { "type": "Point", "coordinates": [0.0, 0.0] }
    },
    {
      "type": "Feature",
      "properties": {
        "p1": 40825000037,
        "p59a": "2.0",
        "p59b": "3.0",
        "p59c": "1.0",
        "p59d": "19",
        "p59e": "10.0",
        "p59f": "1.0",
        "p59g": "4.0",
        "x": 0,
        "y": 0
      },
      "geometry": { "type": "Point", "coordinates": [0.0, 0.0] }
    },
    {
      "type": "Feature",
      "properties": {
        "p1": 40825000039,
        "p59a": "1.0",
        "p59b": "3.0",
        "p59c": "1.0",
        "p59d": "20",
        "p59e": "160.0",
        "p59f": "1.0",
        "p59g": "4.0",
        "x": 0,
        "y": 0
      },
      "geometry": { "type": "Point", "coordinates": [0.0, 0.0] }
    },
    {
      "type": "Feature",
      "properties": {
        "p1": 40825000039,
        "p59a": "1.0",
        "p59b": "3.0",
        "p59c": "1.0",
        "p59d": "49",
        "p59e": "10.0",
        "p59f": "1.0",
        "p59g": "4.0",
        "x": 0,
        "y": 0
      },
      "geometry": { "type": "Point", "coordinates": [0.0, 0.0] }
    },
    {
      "type": "Feature",
      "properties": {
        "p1": 40825000043,
        "p59a": "1.0",
        "p59b": "3.0",
        "p59c": "1.0",
        "p59d": "54",
        "p59e": "10.0",
        "p59f": "1.0",
        "p59g": "4.0",
        "x": 0,
        "y": 0
      },
      "geometry": { "type": "Point", "coordinates": [0.0, 0.0] }
    },
    {
      "type": "Feature",
      "properties": {
        "p1": 40825000043,
        "p59a": "1.0",
        "p59b": "3.0",
        "p59c": "2.0",
        "p59d": "54",
        "p59e": "10.0",
        "p59f": "3.0",
        "p59g": "3.0",
        "x": 0,
        "y": 0
      },
      "geometry": { "type": "Point", "coordinates": [0.0, 0.0] }
    },
    {
      "type": "Feature",
      "properties": {
        "p1": 40825000044,
        "p59a": "1.0",
        "p59b": "3.0",
        "p59c": "1.0",
        "p59d": "44",
        "p59e": "10.0",
        "p59f": "1.0",
        "p59g": "4.0",
        "x": 0,
        "y": 0
      },
      "geometry": { "type": "Point", "coordinates": [0.0, 0.0] }
    },
    {
      "type": "Feature",
      "properties": {
        "p1": 40825000044,
        "p59a": "3.0",
        "p59b": "5.0",
        "p59c": "3.0",
        "p59d": "04",
        "p59e": "10.0",
        "p59f": "1.0",
        "p59g": "4.0",
        "x": 0,
        "y": 0
      },
      "geometry": { "type": "Point", "coordinates": [0.0, 0.0] }
    },
    {
      "type": "Feature",
      "properties": {
        "p1": 40825000044,
        "p59a": "3.0",
        "p59b": "3.0",
        "p59c": "2.0",
        "p59d": "61",
        "p59e": "10.0",
        "p59f": "1.0",
        "p59g": "4.0",
        "x": 0,
        "y": 0
      },
      "geometry": { "type": "Point", "coordinates": [0.0, 0.0] }
    },
    {
      "type": "Feature",
      "properties": {
        "p1": 40825000044,
        "p59a": "2.0",
        "p59b": "3.0",
        "p59c": "2.0",
        "p59d": "36",
        "p59e": "10.0",
        "p59f": "1.0",
        "p59g": "4.0",
        "x": 0,
        "y": 0
      },
      "geometry": { "type": "Point", "coordinates": [0.0, 0.0] }
    },
    {
      "type": "Feature",
      "properties": {
        "p1": 40825000044,
        "p59a": "1.0",
        "p59b": "3.0",
        "p59c": "1.0",
        "p59d": "24",
        "p59e": "10.0",
        "p59f": "1.0",
        "p59g": "4.0",
        "x": 0,
        "y": 0
      },
      "geometry": { "type": "Point", "coordinates": [0.0, 0.0] }
    },
    {
      "type": "Feature",
      "properties": {
        "p1": 40825000048,
        "p59a": "1.0",
        "p59b": "3.0",
        "p59c": "1.0",
        "p59d": "19",
        "p59e": "10.0",
        "p59f": "1.0",
        "p59g": "4.0",
        "x": 0,
        "y": 0
      },
      "geometry": { "type": "Point", "coordinates": [0.0, 0.0] }
    },
    {
      "type": "Feature",
      "properties": {
        "p1": 40825000048,
        "p59a": "2.0",
        "p59b": "3.0",
        "p59c": "2.0",
        "p59d": "15",
        "p59e": "10.0",
        "p59f": "1.0",
        "p59g": "4.0",
        "x": 0,
        "y": 0
      },
      "geometry": { "type": "Point", "coordinates": [0.0, 0.0] }
    },
    {
      "type": "Feature",
      "properties": {
        "p1": 40825000048,
        "p59a": "3.0",
        "p59b": "3.0",
        "p59c": "2.0",
        "p59d": "19",
        "p59e": "10.0",
        "p59f": "1.0",
        "p59g": "4.0",
        "x": 0,
        "y": 0
      },
      "geometry": { "type": "Point", "coordinates": [0.0, 0.0] }
    },
    {
      "type": "Feature",
      "properties": {
        "p1": 40825000048,
        "p59a": "3.0",
        "p59b": "3.0",
        "p59c": "1.0",
        "p59d": "19",
        "p59e": "10.0",
        "p59f": "1.0",
        "p59g": "4.0",
        "x": 0,
        "y": 0
      },
      "geometry": { "type": "Point", "coordinates": [0.0, 0.0] }
    },
    {
      "type": "Feature",
      "properties": {
        "p1": 40825000048,
        "p59a": "1.0",
        "p59b": "3.0",
        "p59c": "1.0",
        "p59d": "44",
        "p59e": "10.0",
        "p59f": "1.0",
        "p59g": "4.0",
        "x": 0,
        "y": 0
      },
      "geometry": { "type": "Point", "coordinates": [0.0, 0.0] }
    },
    {
      "type": "Feature",
      "properties": {
        "p1": 40825000048,
        "p59a": "2.0",
        "p59b": "3.0",
        "p59c": "2.0",
        "p59d": "17",
        "p59e": "10.0",
        "p59f": "1.0",
        "p59g": "4.0",
        "x": 0,
        "y": 0
      },
      "geometry": { "type": "Point", "coordinates": [0.0, 0.0] }
    },
    {
      "type": "Feature",
      "properties": {
        "p1": 40825000048,
        "p59a": "3.0",
        "p59b": "3.0",
        "p59c": "2.0",
        "p59d": "18",
        "p59e": "10.0",
        "p59f": "1.0",
        "p59g": "4.0",
        "x": 0,
        "y": 0
      },
      "geometry": { "type": "Point", "coordinates": [0.0, 0.0] }
    },
    {
      "type": "Feature",
      "properties": {
        "p1": 40825000048,
        "p59a": "3.0",
        "p59b": "3.0",
        "p59c": "2.0",
        "p59d": "16",
        "p59e": "10.0",
        "p59f": "1.0",
        "p59g": "4.0",
        "x": 0,
        "y": 0
      },
      "geometry": { "type": "Point", "coordinates": [0.0, 0.0] }
    },
    {
      "type": "Feature",
      "properties": {
        "p1": 40825000054,
        "p59a": "1.0",
        "p59b": "3.0",
        "p59c": "1.0",
        "p59d": "52",
        "p59e": "10.0",
        "p59f": "5.0",
        "p59g": "4.0",
        "x": 0,
        "y": 0
      },
      "geometry": { "type": "Point", "coordinates": [0.0, 0.0] }
    },
    {
      "type": "Feature",
      "properties": {
        "p1": 40825000054,
        "p59a": "1.0",
        "p59b": "3.0",
        "p59c": "1.0",
        "p59d": "19",
        "p59e": "631.0",
        "p59f": "1.0",
        "p59g": "4.0",
        "x": 0,
        "y": 0
      },
      "geometry": { "type": "Point", "coordinates": [0.0, 0.0] }
    },
    {
      "type": "Feature",
      "properties": {
        "p1": 40825000054,
        "p59a": "2.0",
        "p59b": "3.0",
        "p59c": "2.0",
        "p59d": "17",
        "p59e": "10.0",
        "p59f": "5.0",
        "p59g": "3.0",
        "x": 0,
        "y": 0
      },
      "geometry": { "type": "Point", "coordinates": [0.0, 0.0] }
    },
    {
      "type": "Feature",
      "properties": {
        "p1": 40825000058,
        "p59a": "1.0",
        "p59b": "3.0",
        "p59c": "3.0",
        "p59d": "12",
        "p59e": "10.0",
        "p59f": "1.0",
        "p59g": "4.0",
        "x": 0,
        "y": 0
      },
      "geometry": { "type": "Point", "coordinates": [0.0, 0.0] }
    },
    {
      "type": "Feature",
      "properties": {
        "p1": 40825000058,
        "p59a": "2.0",
        "p59b": "3.0",
        "p59c": "3.0",
        "p59d": "10",
        "p59e": "10.0",
        "p59f": "1.0",
        "p59g": "4.0",
        "x": 0,
        "y": 0
      },
      "geometry": { "type": "Point", "coordinates": [0.0, 0.0] }
    },
    {
      "type": "Feature",
      "properties": {
        "p1": 40825000058,
        "p59a": "3.0",
        "p59b": "3.0",
        "p59c": "3.0",
        "p59d": "13",
        "p59e": "10.0",
        "p59f": "1.0",
        "p59g": "4.0",
        "x": 0,
        "y": 0
      },
      "geometry": { "type": "Point", "coordinates": [0.0, 0.0] }
    },
    {
      "type": "Feature",
      "properties": {
        "p1": 40825000058,
        "p59a": "3.0",
        "p59b": "3.0",
        "p59c": "3.0",
        "p59d": "08",
        "p59e": "10.0",
        "p59f": "1.0",
        "p59g": "4.0",
        "x": 0,
        "y": 0
      },
      "geometry": { "type": "Point", "coordinates": [0.0, 0.0] }
    },
    {
      "type": "Feature",
      "properties": {
        "p1": 40825000064,
        "p59a": null,
        "p59b": null,
        "p59c": null,
        "p59d": "XX",
        "p59e": null,
        "p59f": null,
        "p59g": "4.0",
        "x": 0,
        "y": 0
      },
      "geometry": { "type": "Point", "coordinates": [0.0, 0.0] }
    },
    {
      "type": "Feature",
      "properties": {
        "p1": 40825000064,
        "p59a": "1.0",
        "p59b": "1.0",
        "p59c": "1.0",
        "p59d": "17",
        "p59e": "10.0",
        "p59f": "1.0",
        "p59g": "4.0",
        "x": 0,
        "y": 0
      },
      "geometry": { "type": "Point", "coordinates": [0.0, 0.0] }
    },
    {
      "type": "Feature",
      "properties": {
        "p1": 40825000065,
        "p59a": "1.0",
        "p59b": "3.0",
        "p59c": "1.0",
        "p59d": "18",
        "p59e": "10.0",
        "p59f": "1.0",
        "p59g": "4.0",
        "x": 0,
        "y": 0
      },
      "geometry": { "type": "Point", "coordinates": [0.0, 0.0] }
    },
    {
      "type": "Feature",
      "properties": {
        "p1": 40825000065,
        "p59a": "2.0",
        "p59b": "3.0",
        "p59c": "1.0",
        "p59d": "42",
        "p59e": "10.0",
        "p59f": "1.0",
        "p59g": "4.0",
        "x": 0,
        "y": 0
      },
      "geometry": { "type": "Point", "coordinates": [0.0, 0.0] }
    },
    {
      "type": "Feature",
      "properties": {
        "p1": 40825000065,
        "p59a": "1.0",
        "p59b": "3.0",
        "p59c": "1.0",
        "p59d": "47",
        "p59e": "10.0",
        "p59f": "1.0",
        "p59g": "4.0",
        "x": 0,
        "y": 0
      },
      "geometry": { "type": "Point", "coordinates": [0.0, 0.0] }
    },
    {
      "type": "Feature",
      "properties": {
        "p1": 40825000073,
        "p59a": "1.0",
        "p59b": "3.0",
        "p59c": "2.0",
        "p59d": "52",
        "p59e": "10.0",
        "p59f": "1.0",
        "p59g": "4.0",
        "x": 0,
        "y": 0
      },
      "geometry": { "type": "Point", "coordinates": [0.0, 0.0] }
    },
    {
      "type": "Feature",
      "properties": {
        "p1": 40825000073,
        "p59a": "1.0",
        "p59b": "4.0",
        "p59c": "2.0",
        "p59d": "57",
        "p59e": "10.0",
        "p59f": "1.0",
        "p59g": "4.0",
        "x": 0,
        "y": 0
      },
      "geometry": { "type": "Point", "coordinates": [0.0, 0.0] }
    },
    {
      "type": "Feature",
      "properties": {
        "p1": 40825000075,
        "p59a": null,
        "p59b": null,
        "p59c": null,
        "p59d": "XX",
        "p59e": null,
        "p59f": null,
        "p59g": "4.0",
        "x": 0,
        "y": 0
      },
      "geometry": { "type": "Point", "coordinates": [0.0, 0.0] }
    },
    {
      "type": "Feature",
      "properties": {
        "p1": 40825000075,
        "p59a": "1.0",
        "p59b": "3.0",
        "p59c": "2.0",
        "p59d": "50",
        "p59e": "10.0",
        "p59f": "1.0",
        "p59g": "4.0",
        "x": 0,
        "y": 0
      },
      "geometry": { "type": "Point", "coordinates": [0.0, 0.0] }
    },
    {
      "type": "Feature",
      "properties": {
        "p1": 40825000081,
        "p59a": "1.0",
        "p59b": "3.0",
        "p59c": "1.0",
        "p59d": "36",
        "p59e": "10.0",
        "p59f": "1.0",
        "p59g": "4.0",
        "x": 0,
        "y": 0
      },
      "geometry": { "type": "Point", "coordinates": [0.0, 0.0] }
    },
    {
      "type": "Feature",
      "properties": {
        "p1": 40825000081,
        "p59a": "3.0",
        "p59b": "3.0",
        "p59c": "3.0",
        "p59d": "08",
        "p59e": "10.0",
        "p59f": "1.0",
        "p59g": "4.0",
        "x": 0,
        "y": 0
      },
      "geometry": { "type": "Point", "coordinates": [0.0, 0.0] }
    },
    {
      "type": "Feature",
      "properties": {
        "p1": 40825000081,
        "p59a": "2.0",
        "p59b": "3.0",
        "p59c": "2.0",
        "p59d": "28",
        "p59e": "10.0",
        "p59f": "1.0",
        "p59g": "4.0",
        "x": 0,
        "y": 0
      },
      "geometry": { "type": "Point", "coordinates": [0.0, 0.0] }
    },
    {
      "type": "Feature",
      "properties": {
        "p1": 40825000081,
        "p59a": "1.0",
        "p59b": "3.0",
        "p59c": "1.0",
        "p59d": "65",
        "p59e": "340.0",
        "p59f": "1.0",
        "p59g": "4.0",
        "x": 0,
        "y": 0
      },
      "geometry": { "type": "Point", "coordinates": [0.0, 0.0] }
    },
    {
      "type": "Feature",
      "properties": {
        "p1": 40825000083,
        "p59a": "1.0",
        "p59b": "3.0",
        "p59c": "2.0",
        "p59d": "63",
        "p59e": "10.0",
        "p59f": "1.0",
        "p59g": "4.0",
        "x": 0,
        "y": 0
      },
      "geometry": { "type": "Point", "coordinates": [0.0, 0.0] }
    },
    {
      "type": "Feature",
      "properties": {
        "p1": 40825000083,
        "p59a": "1.0",
        "p59b": "3.0",
        "p59c": "1.0",
        "p59d": "59",
        "p59e": "10.0",
        "p59f": "1.0",
        "p59g": "4.0",
        "x": 0,
        "y": 0
      },
      "geometry": { "type": "Point", "coordinates": [0.0, 0.0] }
    },
    {
      "type": "Feature",
      "properties": {
        "p1": 40825000083,
        "p59a": "2.0",
        "p59b": "3.0",
        "p59c": "1.0",
        "p59d": "52",
        "p59e": "10.0",
        "p59f": "1.0",
        "p59g": "4.0",
        "x": 0,
        "y": 0
      },
      "geometry": { "type": "Point", "coordinates": [0.0, 0.0] }
    },
    {
      "type": "Feature",
      "properties": {
        "p1": 40825000084,
        "p59a": "1.0",
        "p59b": "3.0",
        "p59c": "2.0",
        "p59d": "34",
        "p59e": "10.0",
        "p59f": "1.0",
        "p59g": "4.0",
        "x": 0,
        "y": 0
      },
      "geometry": { "type": "Point", "coordinates": [0.0, 0.0] }
    },
    {
      "type": "Feature",
      "properties": {
        "p1": 40825000084,
        "p59a": "2.0",
        "p59b": "3.0",
        "p59c": "3.0",
        "p59d": "13",
        "p59e": "10.0",
        "p59f": "1.0",
        "p59g": "4.0",
        "x": 0,
        "y": 0
      },
      "geometry": { "type": "Point", "coordinates": [0.0, 0.0] }
    },
    {
      "type": "Feature",
      "properties": {
        "p1": 40323000217,
        "p59a": "1.0",
        "p59b": "8.0",
        "p59c": "1.0",
        "p59d": "21",
        "p59e": "10.0",
        "p59f": "5.0",
        "p59g": "3.0",
        "x": 0,
        "y": 0
      },
      "geometry": { "type": "Point", "coordinates": [0.0, 0.0] }
    },
    {
      "type": "Feature",
      "properties": {
        "p1": 40323000217,
        "p59a": "3.0",
        "p59b": "3.0",
        "p59c": "1.0",
        "p59d": "24",
        "p59e": "10.0",
        "p59f": "5.0",
        "p59g": "3.0",
        "x": 0,
        "y": 0
      },
      "geometry": { "type": "Point", "coordinates": [0.0, 0.0] }
    },
    {
      "type": "Feature",
      "properties": {
        "p1": 40323000217,
        "p59a": "2.0",
        "p59b": "3.0",
        "p59c": "1.0",
        "p59d": "22",
        "p59e": "10.0",
        "p59f": "5.0",
        "p59g": "3.0",
        "x": 0,
        "y": 0
      },
      "geometry": { "type": "Point", "coordinates": [0.0, 0.0] }
    },
    {
      "type": "Feature",
      "properties": {
        "p1": 40323000217,
        "p59a": "1.0",
        "p59b": "3.0",
        "p59c": "1.0",
        "p59d": "54",
        "p59e": "10.0",
        "p59f": "1.0",
        "p59g": "4.0",
        "x": 0,
        "y": 0
      },
      "geometry": { "type": "Point", "coordinates": [0.0, 0.0] }
    },
    {
      "type": "Feature",
      "properties": {
        "p1": 40823000019,
        "p59a": null,
        "p59b": null,
        "p59c": null,
        "p59d": null,
        "p59e": null,
        "p59f": null,
        "p59g": null,
        "x": 0,
        "y": 0
      },
      "geometry": { "type": "Point", "coordinates": [0.0, 0.0] }
    },
    {
      "type": "Feature",
      "properties": {
        "p1": 40823000019,
        "p59a": "1.0",
        "p59b": "3.0",
        "p59c": "1.0",
        "p59d": "33",
        "p59e": "10.0",
        "p59f": "1.0",
        "p59g": "4.0",
        "x": 0,
        "y": 0
      },
      "geometry": { "type": "Point", "coordinates": [0.0, 0.0] }
    },
    {
      "type": "Feature",
      "properties": {
        "p1": 40823000030,
        "p59a": "1.0",
        "p59b": "1.0",
        "p59c": "3.0",
        "p59d": "13",
        "p59e": "10.0",
        "p59f": "1.0",
        "p59g": "4.0",
        "x": 0,
        "y": 0
      },
      "geometry": { "type": "Point", "coordinates": [0.0, 0.0] }
    },
    {
      "type": "Feature",
      "properties": {
        "p1": 40823000030,
        "p59a": "1.0",
        "p59b": "2.0",
        "p59c": "4.0",
        "p59d": "5",
        "p59e": "10.0",
        "p59f": "5.0",
        "p59g": "3.0",
        "x": 0,
        "y": 0
      },
      "geometry": { "type": "Point", "coordinates": [0.0, 0.0] }
    },
    {
      "type": "Feature",
      "properties": {
        "p1": 40823000042,
        "p59a": "1.0",
        "p59b": "3.0",
        "p59c": "1.0",
        "p59d": "64",
        "p59e": "10.0",
        "p59f": "1.0",
        "p59g": "4.0",
        "x": 0,
        "y": 0
      },
      "geometry": { "type": "Point", "coordinates": [0.0, 0.0] }
    },
    {
      "type": "Feature",
      "properties": {
        "p1": 40823000042,
        "p59a": "3.0",
        "p59b": "5.0",
        "p59c": "4.0",
        "p59d": "3",
        "p59e": "10.0",
        "p59f": "1.0",
        "p59g": "4.0",
        "x": 0,
        "y": 0
      },
      "geometry": { "type": "Point", "coordinates": [0.0, 0.0] }
    },
    {
      "type": "Feature",
      "properties": {
        "p1": 40823000042,
        "p59a": "1.0",
        "p59b": "3.0",
        "p59c": "2.0",
        "p59d": "29",
        "p59e": "10.0",
        "p59f": "1.0",
        "p59g": "4.0",
        "x": 0,
        "y": 0
      },
      "geometry": { "type": "Point", "coordinates": [0.0, 0.0] }
    },
    {
      "type": "Feature",
      "properties": {
        "p1": 40823000043,
        "p59a": "1.0",
        "p59b": "3.0",
        "p59c": "2.0",
        "p59d": "21",
        "p59e": "10.0",
        "p59f": "1.0",
        "p59g": "4.0",
        "x": 0,
        "y": 0
      },
      "geometry": { "type": "Point", "coordinates": [0.0, 0.0] }
    },
    {
      "type": "Feature",
      "properties": {
        "p1": 40823000043,
        "p59a": "1.0",
        "p59b": "3.0",
        "p59c": "1.0",
        "p59d": "45",
        "p59e": "10.0",
        "p59f": "1.0",
        "p59g": "4.0",
        "x": 0,
        "y": 0
      },
      "geometry": { "type": "Point", "coordinates": [0.0, 0.0] }
    },
    {
      "type": "Feature",
      "properties": {
        "p1": 40823000052,
        "p59a": "1.0",
        "p59b": "3.0",
        "p59c": "2.0",
        "p59d": "39",
        "p59e": "10.0",
        "p59f": "1.0",
        "p59g": "4.0",
        "x": 0,
        "y": 0
      },
      "geometry": { "type": "Point", "coordinates": [0.0, 0.0] }
    },
    {
      "type": "Feature",
      "properties": {
        "p1": 40823000052,
        "p59a": "1.0",
        "p59b": "3.0",
        "p59c": "1.0",
        "p59d": "41",
        "p59e": "10.0",
        "p59f": "1.0",
        "p59g": "4.0",
        "x": 0,
        "y": 0
      },
      "geometry": { "type": "Point", "coordinates": [0.0, 0.0] }
    },
    {
      "type": "Feature",
      "properties": {
        "p1": 40823000052,
        "p59a": "3.0",
        "p59b": "3.0",
        "p59c": "3.0",
        "p59d": "9",
        "p59e": "10.0",
        "p59f": "1.0",
        "p59g": "4.0",
        "x": 0,
        "y": 0
      },
      "geometry": { "type": "Point", "coordinates": [0.0, 0.0] }
    },
    {
      "type": "Feature",
      "properties": {
        "p1": 40823000052,
        "p59a": "3.0",
        "p59b": "3.0",
        "p59c": "3.0",
        "p59d": "7",
        "p59e": "10.0",
        "p59f": "1.0",
        "p59g": "4.0",
        "x": 0,
        "y": 0
      },
      "geometry": { "type": "Point", "coordinates": [0.0, 0.0] }
    },
    {
      "type": "Feature",
      "properties": {
        "p1": 40823000052,
        "p59a": "2.0",
        "p59b": "3.0",
        "p59c": "2.0",
        "p59d": "39",
        "p59e": "10.0",
        "p59f": "1.0",
        "p59g": "4.0",
        "x": 0,
        "y": 0
      },
      "geometry": { "type": "Point", "coordinates": [0.0, 0.0] }
    },
    {
      "type": "Feature",
      "properties": {
        "p1": 40823000060,
        "p59a": "1.0",
        "p59b": "3.0",
        "p59c": "1.0",
        "p59d": "62",
        "p59e": "10.0",
        "p59f": "1.0",
        "p59g": "4.0",
        "x": 0,
        "y": 0
      },
      "geometry": { "type": "Point", "coordinates": [0.0, 0.0] }
    },
    {
      "type": "Feature",
      "properties": {
        "p1": 40823000060,
        "p59a": "1.0",
        "p59b": "3.0",
        "p59c": "2.0",
        "p59d": "59",
        "p59e": "10.0",
        "p59f": "1.0",
        "p59g": "4.0",
        "x": 0,
        "y": 0
      },
      "geometry": { "type": "Point", "coordinates": [0.0, 0.0] }
    },
    {
      "type": "Feature",
      "properties": {
        "p1": 40823000071,
        "p59a": "1.0",
        "p59b": "3.0",
        "p59c": "1.0",
        "p59d": "39",
        "p59e": "10.0",
        "p59f": "1.0",
        "p59g": "4.0",
        "x": 0,
        "y": 0
      },
      "geometry": { "type": "Point", "coordinates": [0.0, 0.0] }
    },
    {
      "type": "Feature",
      "properties": {
        "p1": 40823000071,
        "p59a": "2.0",
        "p59b": "3.0",
        "p59c": "1.0",
        "p59d": "53",
        "p59e": "10.0",
        "p59f": "1.0",
        "p59g": "4.0",
        "x": 0,
        "y": 0
      },
      "geometry": { "type": "Point", "coordinates": [0.0, 0.0] }
    },
    {
      "type": "Feature",
      "properties": {
        "p1": 40823000080,
        "p59a": "1.0",
        "p59b": "3.0",
        "p59c": "2.0",
        "p59d": "28",
        "p59e": "10.0",
        "p59f": "1.0",
        "p59g": "4.0",
        "x": 0,
        "y": 0
      },
      "geometry": { "type": "Point", "coordinates": [0.0, 0.0] }
    },
    {
      "type": "Feature",
      "properties": {
        "p1": 40823000080,
        "p59a": "1.0",
        "p59b": "3.0",
        "p59c": "1.0",
        "p59d": "44",
        "p59e": "120.0",
        "p59f": "1.0",
        "p59g": "4.0",
        "x": 0,
        "y": 0
      },
      "geometry": { "type": "Point", "coordinates": [0.0, 0.0] }
    },
    {
      "type": "Feature",
      "properties": {
        "p1": 40823000082,
        "p59a": "1.0",
        "p59b": "3.0",
        "p59c": "2.0",
        "p59d": "19",
        "p59e": "10.0",
        "p59f": "1.0",
        "p59g": "4.0",
        "x": 0,
        "y": 0
      },
      "geometry": { "type": "Point", "coordinates": [0.0, 0.0] }
    },
    {
      "type": "Feature",
      "properties": {
        "p1": 40823000082,
        "p59a": "1.0",
        "p59b": "3.0",
        "p59c": "1.0",
        "p59d": "59",
        "p59e": "10.0",
        "p59f": "1.0",
        "p59g": "4.0",
        "x": 0,
        "y": 0
      },
      "geometry": { "type": "Point", "coordinates": [0.0, 0.0] }
    },
    {
      "type": "Feature",
      "properties": {
        "p1": 40823000082,
        "p59a": "3.0",
        "p59b": "3.0",
        "p59c": "1.0",
        "p59d": "73",
        "p59e": "10.0",
        "p59f": "1.0",
        "p59g": "4.0",
        "x": 0,
        "y": 0
      },
      "geometry": { "type": "Point", "coordinates": [0.0, 0.0] }
    },
    {
      "type": "Feature",
      "properties": {
        "p1": 40823000082,
        "p59a": "3.0",
        "p59b": "3.0",
        "p59c": "1.0",
        "p59d": "69",
        "p59e": "10.0",
        "p59f": "1.0",
        "p59g": "4.0",
        "x": 0,
        "y": 0
      },
      "geometry": { "type": "Point", "coordinates": [0.0, 0.0] }
    },
    {
      "type": "Feature",
      "properties": {
        "p1": 40823000084,
        "p59a": "1.0",
        "p59b": "3.0",
        "p59c": "1.0",
        "p59d": "64",
        "p59e": "10.0",
        "p59f": "1.0",
        "p59g": "4.0",
        "x": 0,
        "y": 0
      },
      "geometry": { "type": "Point", "coordinates": [0.0, 0.0] }
    },
    {
      "type": "Feature",
      "properties": {
        "p1": 40823000084,
        "p59a": "1.0",
        "p59b": "3.0",
        "p59c": "1.0",
        "p59d": "43",
        "p59e": "10.0",
        "p59f": "1.0",
        "p59g": "4.0",
        "x": 0,
        "y": 0
      },
      "geometry": { "type": "Point", "coordinates": [0.0, 0.0] }
    },
    {
      "type": "Feature",
      "properties": {
        "p1": 40823000084,
        "p59a": "3.0",
        "p59b": "3.0",
        "p59c": "1.0",
        "p59d": "15",
        "p59e": "10.0",
        "p59f": "1.0",
        "p59g": "4.0",
        "x": 0,
        "y": 0
      },
      "geometry": { "type": "Point", "coordinates": [0.0, 0.0] }
    },
    {
      "type": "Feature",
      "properties": {
        "p1": 40823000094,
        "p59a": "1.0",
        "p59b": "3.0",
        "p59c": "1.0",
        "p59d": "18",
        "p59e": "10.0",
        "p59f": "1.0",
        "p59g": "4.0",
        "x": 0,
        "y": 0
      },
      "geometry": { "type": "Point", "coordinates": [0.0, 0.0] }
    },
    {
      "type": "Feature",
      "properties": {
        "p1": 40823000094,
        "p59a": "1.0",
        "p59b": "3.0",
        "p59c": "2.0",
        "p59d": "50",
        "p59e": "10.0",
        "p59f": "1.0",
        "p59g": "4.0",
        "x": 0,
        "y": 0
      },
      "geometry": { "type": "Point", "coordinates": [0.0, 0.0] }
    },
    {
      "type": "Feature",
      "properties": {
        "p1": 40823000095,
        "p59a": "1.0",
        "p59b": "3.0",
        "p59c": "1.0",
        "p59d": "32",
        "p59e": "10.0",
        "p59f": "5.0",
        "p59g": "3.0",
        "x": 0,
        "y": 0
      },
      "geometry": { "type": "Point", "coordinates": [0.0, 0.0] }
    },
    {
      "type": "Feature",
      "properties": {
        "p1": 40823000095,
        "p59a": "1.0",
        "p59b": "3.0",
        "p59c": "1.0",
        "p59d": "78",
        "p59e": "10.0",
        "p59f": "5.0",
        "p59g": "3.0",
        "x": 0,
        "y": 0
      },
      "geometry": { "type": "Point", "coordinates": [0.0, 0.0] }
    },
    {
      "type": "Feature",
      "properties": {
        "p1": 40823000096,
        "p59a": "2.0",
        "p59b": "3.0",
        "p59c": "1.0",
        "p59d": "29",
        "p59e": "10.0",
        "p59f": "1.0",
        "p59g": "4.0",
        "x": 0,
        "y": 0
      },
      "geometry": { "type": "Point", "coordinates": [0.0, 0.0] }
    },
    {
      "type": "Feature",
      "properties": {
        "p1": 40823000096,
        "p59a": null,
        "p59b": null,
        "p59c": null,
        "p59d": null,
        "p59e": null,
        "p59f": null,
        "p59g": "4.0",
        "x": 0,
        "y": 0
      },
      "geometry": { "type": "Point", "coordinates": [0.0, 0.0] }
    },
    {
      "type": "Feature",
      "properties": {
        "p1": 40823000096,
        "p59a": "1.0",
        "p59b": "3.0",
        "p59c": "2.0",
        "p59d": "49",
        "p59e": "10.0",
        "p59f": "2.0",
        "p59g": "3.0",
        "x": 0,
        "y": 0
      },
      "geometry": { "type": "Point", "coordinates": [0.0, 0.0] }
    },
    {
      "type": "Feature",
      "properties": {
        "p1": 40823000100,
        "p59a": "3.0",
        "p59b": "3.0",
        "p59c": "2.0",
        "p59d": "38",
        "p59e": "10.0",
        "p59f": "1.0",
        "p59g": "4.0",
        "x": 0,
        "y": 0
      },
      "geometry": { "type": "Point", "coordinates": [0.0, 0.0] }
    },
    {
      "type": "Feature",
      "properties": {
        "p1": 40823000100,
        "p59a": "1.0",
        "p59b": "3.0",
        "p59c": "1.0",
        "p59d": "22",
        "p59e": "10.0",
        "p59f": "1.0",
        "p59g": "4.0",
        "x": 0,
        "y": 0
      },
      "geometry": { "type": "Point", "coordinates": [0.0, 0.0] }
    },
    {
      "type": "Feature",
      "properties": {
        "p1": 40823000100,
        "p59a": "3.0",
        "p59b": "3.0",
        "p59c": "2.0",
        "p59d": "42",
        "p59e": "10.0",
        "p59f": "1.0",
        "p59g": "4.0",
        "x": 0,
        "y": 0
      },
      "geometry": { "type": "Point", "coordinates": [0.0, 0.0] }
    },
    {
      "type": "Feature",
      "properties": {
        "p1": 40823000100,
        "p59a": "2.0",
        "p59b": "3.0",
        "p59c": "1.0",
        "p59d": "44",
        "p59e": "10.0",
        "p59f": "1.0",
        "p59g": "4.0",
        "x": 0,
        "y": 0
      },
      "geometry": { "type": "Point", "coordinates": [0.0, 0.0] }
    },
    {
      "type": "Feature",
      "properties": {
        "p1": 40823000100,
        "p59a": "2.0",
        "p59b": "3.0",
        "p59c": "1.0",
        "p59d": "36",
        "p59e": "10.0",
        "p59f": "1.0",
        "p59g": "4.0",
        "x": 0,
        "y": 0
      },
      "geometry": { "type": "Point", "coordinates": [0.0, 0.0] }
    },
    {
      "type": "Feature",
      "properties": {
        "p1": 40823000100,
        "p59a": "1.0",
        "p59b": "3.0",
        "p59c": "2.0",
        "p59d": "68",
        "p59e": "10.0",
        "p59f": "1.0",
        "p59g": "4.0",
        "x": 0,
        "y": 0
      },
      "geometry": { "type": "Point", "coordinates": [0.0, 0.0] }
    },
    {
      "type": "Feature",
      "properties": {
        "p1": 40823000101,
        "p59a": "1.0",
        "p59b": "3.0",
        "p59c": "1.0",
        "p59d": "36",
        "p59e": "10.0",
        "p59f": "1.0",
        "p59g": "4.0",
        "x": 0,
        "y": 0
      },
      "geometry": { "type": "Point", "coordinates": [0.0, 0.0] }
    },
    {
      "type": "Feature",
      "properties": {
        "p1": 40823000101,
        "p59a": "2.0",
        "p59b": "3.0",
        "p59c": "4.0",
        "p59d": "14",
        "p59e": "10.0",
        "p59f": "1.0",
        "p59g": "4.0",
        "x": 0,
        "y": 0
      },
      "geometry": { "type": "Point", "coordinates": [0.0, 0.0] }
    },
    {
      "type": "Feature",
      "properties": {
        "p1": 40823000121,
        "p59a": "1.0",
        "p59b": "3.0",
        "p59c": "1.0",
        "p59d": "29",
        "p59e": "180.0",
        "p59f": "1.0",
        "p59g": "4.0",
        "x": 0,
        "y": 0
      },
      "geometry": { "type": "Point", "coordinates": [0.0, 0.0] }
    },
    {
      "type": "Feature",
      "properties": {
        "p1": 40823000121,
        "p59a": "1.0",
        "p59b": "3.0",
        "p59c": "1.0",
        "p59d": "35",
        "p59e": "10.0",
        "p59f": "1.0",
        "p59g": "4.0",
        "x": 0,
        "y": 0
      },
      "geometry": { "type": "Point", "coordinates": [0.0, 0.0] }
    },
    {
      "type": "Feature",
      "properties": {
        "p1": 40823000122,
        "p59a": "1.0",
        "p59b": "3.0",
        "p59c": "1.0",
        "p59d": "56",
        "p59e": "10.0",
        "p59f": "5.0",
        "p59g": "3.0",
        "x": 0,
        "y": 0
      },
      "geometry": { "type": "Point", "coordinates": [0.0, 0.0] }
    },
    {
      "type": "Feature",
      "properties": {
        "p1": 40823000122,
        "p59a": "1.0",
        "p59b": "3.0",
        "p59c": "1.0",
        "p59d": "51",
        "p59e": "10.0",
        "p59f": "5.0",
        "p59g": "3.0",
        "x": 0,
        "y": 0
      },
      "geometry": { "type": "Point", "coordinates": [0.0, 0.0] }
    },
    {
      "type": "Feature",
      "properties": {
        "p1": 40823000128,
        "p59a": "3.0",
        "p59b": "4.0",
        "p59c": "1.0",
        "p59d": "28",
        "p59e": "10.0",
        "p59f": "5.0",
        "p59g": "3.0",
        "x": 0,
        "y": 0
      },
      "geometry": { "type": "Point", "coordinates": [0.0, 0.0] }
    },
    {
      "type": "Feature",
      "properties": {
        "p1": 40823000128,
        "p59a": "1.0",
        "p59b": "7.0",
        "p59c": "2.0",
        "p59d": "23",
        "p59e": "10.0",
        "p59f": "5.0",
        "p59g": "3.0",
        "x": 0,
        "y": 0
      },
      "geometry": { "type": "Point", "coordinates": [0.0, 0.0] }
    },
    {
      "type": "Feature",
      "properties": {
        "p1": 40823000128,
        "p59a": "2.0",
        "p59b": "7.0",
        "p59c": "2.0",
        "p59d": "22",
        "p59e": "10.0",
        "p59f": "5.0",
        "p59g": "3.0",
        "x": 0,
        "y": 0
      },
      "geometry": { "type": "Point", "coordinates": [0.0, 0.0] }
    },
    {
      "type": "Feature",
      "properties": {
        "p1": 40823000134,
        "p59a": "1.0",
        "p59b": "2.0",
        "p59c": "1.0",
        "p59d": "65",
        "p59e": "10.0",
        "p59f": "1.0",
        "p59g": "4.0",
        "x": 0,
        "y": 0
      },
      "geometry": { "type": "Point", "coordinates": [0.0, 0.0] }
    },
    {
      "type": "Feature",
      "properties": {
        "p1": 40823000134,
        "p59a": "1.0",
        "p59b": "3.0",
        "p59c": "2.0",
        "p59d": "33",
        "p59e": "104.0",
        "p59f": "1.0",
        "p59g": "4.0",
        "x": 0,
        "y": 0
      },
      "geometry": { "type": "Point", "coordinates": [0.0, 0.0] }
    },
    {
      "type": "Feature",
      "properties": {
        "p1": 40823000147,
        "p59a": "1.0",
        "p59b": "3.0",
        "p59c": "2.0",
        "p59d": "43",
        "p59e": "10.0",
        "p59f": "1.0",
        "p59g": "4.0",
        "x": 0,
        "y": 0
      },
      "geometry": { "type": "Point", "coordinates": [0.0, 0.0] }
    },
    {
      "type": "Feature",
      "properties": {
        "p1": 40823000147,
        "p59a": "2.0",
        "p59b": "1.0",
        "p59c": "2.0",
        "p59d": "47",
        "p59e": "10.0",
        "p59f": "5.0",
        "p59g": "3.0",
        "x": 0,
        "y": 0
      },
      "geometry": { "type": "Point", "coordinates": [0.0, 0.0] }
    },
    {
      "type": "Feature",
      "properties": {
        "p1": 40823000147,
        "p59a": "1.0",
        "p59b": "1.0",
        "p59c": "1.0",
        "p59d": "59",
        "p59e": "10.0",
        "p59f": "5.0",
        "p59g": "3.0",
        "x": 0,
        "y": 0
      },
      "geometry": { "type": "Point", "coordinates": [0.0, 0.0] }
    },
    {
      "type": "Feature",
      "properties": {
        "p1": 40823000147,
        "p59a": "1.0",
        "p59b": "3.0",
        "p59c": "1.0",
        "p59d": "46",
        "p59e": "10.0",
        "p59f": "1.0",
        "p59g": "4.0",
        "x": 0,
        "y": 0
      },
      "geometry": { "type": "Point", "coordinates": [0.0, 0.0] }
    },
    {
      "type": "Feature",
      "properties": {
        "p1": 40823000148,
        "p59a": "1.0",
        "p59b": "3.0",
        "p59c": "1.0",
        "p59d": "46",
        "p59e": "10.0",
        "p59f": "1.0",
        "p59g": "4.0",
        "x": 0,
        "y": 0
      },
      "geometry": { "type": "Point", "coordinates": [0.0, 0.0] }
    },
    {
      "type": "Feature",
      "properties": {
        "p1": 40823000148,
        "p59a": "1.0",
        "p59b": "3.0",
        "p59c": "1.0",
        "p59d": "52",
        "p59e": "10.0",
        "p59f": "1.0",
        "p59g": "4.0",
        "x": 0,
        "y": 0
      },
      "geometry": { "type": "Point", "coordinates": [0.0, 0.0] }
    },
    {
      "type": "Feature",
      "properties": {
        "p1": 40823000149,
        "p59a": "1.0",
        "p59b": "3.0",
        "p59c": "1.0",
        "p59d": "31",
        "p59e": "10.0",
        "p59f": "1.0",
        "p59g": "4.0",
        "x": 0,
        "y": 0
      },
      "geometry": { "type": "Point", "coordinates": [0.0, 0.0] }
    },
    {
      "type": "Feature",
      "properties": {
        "p1": 40823000149,
        "p59a": "3.0",
        "p59b": "4.0",
        "p59c": "2.0",
        "p59d": "72",
        "p59e": "10.0",
        "p59f": "5.0",
        "p59g": "3.0",
        "x": 0,
        "y": 0
      },
      "geometry": { "type": "Point", "coordinates": [0.0, 0.0] }
    },
    {
      "type": "Feature",
      "properties": {
        "p1": 40823000151,
        "p59a": null,
        "p59b": null,
        "p59c": null,
        "p59d": null,
        "p59e": null,
        "p59f": null,
        "p59g": null,
        "x": 0,
        "y": 0
      },
      "geometry": { "type": "Point", "coordinates": [0.0, 0.0] }
    },
    {
      "type": "Feature",
      "properties": {
        "p1": 40823000151,
        "p59a": "1.0",
        "p59b": "3.0",
        "p59c": "1.0",
        "p59d": "35",
        "p59e": "10.0",
        "p59f": "1.0",
        "p59g": "4.0",
        "x": 0,
        "y": 0
      },
      "geometry": { "type": "Point", "coordinates": [0.0, 0.0] }
    },
    {
      "type": "Feature",
      "properties": {
        "p1": 40823000154,
        "p59a": null,
        "p59b": null,
        "p59c": null,
        "p59d": null,
        "p59e": null,
        "p59f": null,
        "p59g": "4.0",
        "x": 0,
        "y": 0
      },
      "geometry": { "type": "Point", "coordinates": [0.0, 0.0] }
    },
    {
      "type": "Feature",
      "properties": {
        "p1": 40823000154,
        "p59a": "1.0",
        "p59b": "3.0",
        "p59c": "1.0",
        "p59d": "48",
        "p59e": "10.0",
        "p59f": "1.0",
        "p59g": "4.0",
        "x": 0,
        "y": 0
      },
      "geometry": { "type": "Point", "coordinates": [0.0, 0.0] }
    },
    {
      "type": "Feature",
      "properties": {
        "p1": 40823000156,
        "p59a": "1.0",
        "p59b": "3.0",
        "p59c": "1.0",
        "p59d": "50",
        "p59e": "10.0",
        "p59f": "1.0",
        "p59g": "4.0",
        "x": 0,
        "y": 0
      },
      "geometry": { "type": "Point", "coordinates": [0.0, 0.0] }
    },
    {
      "type": "Feature",
      "properties": {
        "p1": 40823000156,
        "p59a": "1.0",
        "p59b": "3.0",
        "p59c": "1.0",
        "p59d": "32",
        "p59e": "10.0",
        "p59f": "1.0",
        "p59g": "4.0",
        "x": 0,
        "y": 0
      },
      "geometry": { "type": "Point", "coordinates": [0.0, 0.0] }
    },
    {
      "type": "Feature",
      "properties": {
        "p1": 40823000166,
        "p59a": "1.0",
        "p59b": "3.0",
        "p59c": "1.0",
        "p59d": "23",
        "p59e": "10.0",
        "p59f": "1.0",
        "p59g": "4.0",
        "x": 0,
        "y": 0
      },
      "geometry": { "type": "Point", "coordinates": [0.0, 0.0] }
    },
    {
      "type": "Feature",
      "properties": {
        "p1": 40823000166,
        "p59a": "2.0",
        "p59b": "3.0",
        "p59c": "1.0",
        "p59d": "21",
        "p59e": "10.0",
        "p59f": "1.0",
        "p59g": "4.0",
        "x": 0,
        "y": 0
      },
      "geometry": { "type": "Point", "coordinates": [0.0, 0.0] }
    },
    {
      "type": "Feature",
      "properties": {
        "p1": 40823000167,
        "p59a": "1.0",
        "p59b": "3.0",
        "p59c": "1.0",
        "p59d": "18",
        "p59e": "10.0",
        "p59f": "1.0",
        "p59g": "4.0",
        "x": 0,
        "y": 0
      },
      "geometry": { "type": "Point", "coordinates": [0.0, 0.0] }
    },
    {
      "type": "Feature",
      "properties": {
        "p1": 40823000167,
        "p59a": "2.0",
        "p59b": "3.0",
        "p59c": "1.0",
        "p59d": "17",
        "p59e": "10.0",
        "p59f": "1.0",
        "p59g": "4.0",
        "x": 0,
        "y": 0
      },
      "geometry": { "type": "Point", "coordinates": [0.0, 0.0] }
    },
    {
      "type": "Feature",
      "properties": {
        "p1": 40823000167,
        "p59a": "1.0",
        "p59b": "3.0",
        "p59c": "1.0",
        "p59d": "60",
        "p59e": "10.0",
        "p59f": "1.0",
        "p59g": "4.0",
        "x": 0,
        "y": 0
      },
      "geometry": { "type": "Point", "coordinates": [0.0, 0.0] }
    },
    {
      "type": "Feature",
      "properties": {
        "p1": 40823000167,
        "p59a": "2.0",
        "p59b": "3.0",
        "p59c": "2.0",
        "p59d": "58",
        "p59e": "10.0",
        "p59f": "1.0",
        "p59g": "4.0",
        "x": 0,
        "y": 0
      },
      "geometry": { "type": "Point", "coordinates": [0.0, 0.0] }
    },
    {
      "type": "Feature",
      "properties": {
        "p1": 40823000172,
        "p59a": null,
        "p59b": null,
        "p59c": null,
        "p59d": null,
        "p59e": null,
        "p59f": null,
        "p59g": "4.0",
        "x": 0,
        "y": 0
      },
      "geometry": { "type": "Point", "coordinates": [0.0, 0.0] }
    },
    {
      "type": "Feature",
      "properties": {
        "p1": 40823000172,
        "p59a": "1.0",
        "p59b": "3.0",
        "p59c": "1.0",
        "p59d": "32",
        "p59e": "10.0",
        "p59f": "1.0",
        "p59g": "4.0",
        "x": 0,
        "y": 0
      },
      "geometry": { "type": "Point", "coordinates": [0.0, 0.0] }
    },
    {
      "type": "Feature",
      "properties": {
        "p1": 40823000173,
        "p59a": "1.0",
        "p59b": "3.0",
        "p59c": "2.0",
        "p59d": "38",
        "p59e": "10.0",
        "p59f": "1.0",
        "p59g": "4.0",
        "x": 0,
        "y": 0
      },
      "geometry": { "type": "Point", "coordinates": [0.0, 0.0] }
    },
    {
      "type": "Feature",
      "properties": {
        "p1": 40823000173,
        "p59a": "1.0",
        "p59b": "3.0",
        "p59c": "1.0",
        "p59d": "30",
        "p59e": "10.0",
        "p59f": "1.0",
        "p59g": "4.0",
        "x": 0,
        "y": 0
      },
      "geometry": { "type": "Point", "coordinates": [0.0, 0.0] }
    },
    {
      "type": "Feature",
      "properties": {
        "p1": 40823000174,
        "p59a": "1.0",
        "p59b": "3.0",
        "p59c": "2.0",
        "p59d": "34",
        "p59e": "10.0",
        "p59f": "1.0",
        "p59g": "4.0",
        "x": 0,
        "y": 0
      },
      "geometry": { "type": "Point", "coordinates": [0.0, 0.0] }
    },
    {
      "type": "Feature",
      "properties": {
        "p1": 40823000174,
        "p59a": "1.0",
        "p59b": "3.0",
        "p59c": "1.0",
        "p59d": "54",
        "p59e": "10.0",
        "p59f": "1.0",
        "p59g": "4.0",
        "x": 0,
        "y": 0
      },
      "geometry": { "type": "Point", "coordinates": [0.0, 0.0] }
    },
    {
      "type": "Feature",
      "properties": {
        "p1": 40823000174,
        "p59a": "2.0",
        "p59b": "3.0",
        "p59c": "2.0",
        "p59d": "50",
        "p59e": "10.0",
        "p59f": "1.0",
        "p59g": "4.0",
        "x": 0,
        "y": 0
      },
      "geometry": { "type": "Point", "coordinates": [0.0, 0.0] }
    },
    {
      "type": "Feature",
      "properties": {
        "p1": 40823000176,
        "p59a": "1.0",
        "p59b": "3.0",
        "p59c": "2.0",
        "p59d": "27",
        "p59e": "10.0",
        "p59f": "1.0",
        "p59g": "4.0",
        "x": 0,
        "y": 0
      },
      "geometry": { "type": "Point", "coordinates": [0.0, 0.0] }
    },
    {
      "type": "Feature",
      "properties": {
        "p1": 40823000176,
        "p59a": "1.0",
        "p59b": "3.0",
        "p59c": "1.0",
        "p59d": "26",
        "p59e": "10.0",
        "p59f": "1.0",
        "p59g": "4.0",
        "x": 0,
        "y": 0
      },
      "geometry": { "type": "Point", "coordinates": [0.0, 0.0] }
    },
    {
      "type": "Feature",
      "properties": {
        "p1": 40823000178,
        "p59a": "1.0",
        "p59b": "3.0",
        "p59c": "1.0",
        "p59d": "53",
        "p59e": "10.0",
        "p59f": "1.0",
        "p59g": "4.0",
        "x": 0,
        "y": 0
      },
      "geometry": { "type": "Point", "coordinates": [0.0, 0.0] }
    },
    {
      "type": "Feature",
      "properties": {
        "p1": 40823000178,
        "p59a": "2.0",
        "p59b": "3.0",
        "p59c": "2.0",
        "p59d": "50",
        "p59e": "10.0",
        "p59f": "1.0",
        "p59g": "4.0",
        "x": 0,
        "y": 0
      },
      "geometry": { "type": "Point", "coordinates": [0.0, 0.0] }
    },
    {
      "type": "Feature",
      "properties": {
        "p1": 40823000179,
        "p59a": "1.0",
        "p59b": "3.0",
        "p59c": "1.0",
        "p59d": "35",
        "p59e": "10.0",
        "p59f": "1.0",
        "p59g": "4.0",
        "x": 0,
        "y": 0
      },
      "geometry": { "type": "Point", "coordinates": [0.0, 0.0] }
    },
    {
      "type": "Feature",
      "properties": {
        "p1": 40823000179,
        "p59a": "3.0",
        "p59b": "3.0",
        "p59c": "1.0",
        "p59d": "24",
        "p59e": "10.0",
        "p59f": "1.0",
        "p59g": "4.0",
        "x": 0,
        "y": 0
      },
      "geometry": { "type": "Point", "coordinates": [0.0, 0.0] }
    },
    {
      "type": "Feature",
      "properties": {
        "p1": 40823000179,
        "p59a": "2.0",
        "p59b": "3.0",
        "p59c": "1.0",
        "p59d": "22",
        "p59e": "10.0",
        "p59f": "1.0",
        "p59g": "4.0",
        "x": 0,
        "y": 0
      },
      "geometry": { "type": "Point", "coordinates": [0.0, 0.0] }
    },
    {
      "type": "Feature",
      "properties": {
        "p1": 40823000187,
        "p59a": "1.0",
        "p59b": "3.0",
        "p59c": "1.0",
        "p59d": "18",
        "p59e": "10.0",
        "p59f": "1.0",
        "p59g": "4.0",
        "x": 0,
        "y": 0
      },
      "geometry": { "type": "Point", "coordinates": [0.0, 0.0] }
    },
    {
      "type": "Feature",
      "properties": {
        "p1": 40823000187,
        "p59a": "2.0",
        "p59b": "3.0",
        "p59c": "2.0",
        "p59d": "16",
        "p59e": "10.0",
        "p59f": "1.0",
        "p59g": "4.0",
        "x": 0,
        "y": 0
      },
      "geometry": { "type": "Point", "coordinates": [0.0, 0.0] }
    },
    {
      "type": "Feature",
      "properties": {
        "p1": 40823000187,
        "p59a": "1.0",
        "p59b": "3.0",
        "p59c": "2.0",
        "p59d": "46",
        "p59e": "10.0",
        "p59f": "1.0",
        "p59g": "4.0",
        "x": 0,
        "y": 0
      },
      "geometry": { "type": "Point", "coordinates": [0.0, 0.0] }
    },
    {
      "type": "Feature",
      "properties": {
        "p1": 40823000192,
        "p59a": "1.0",
        "p59b": "3.0",
        "p59c": "1.0",
        "p59d": "31",
        "p59e": "10.0",
        "p59f": "1.0",
        "p59g": "4.0",
        "x": 0,
        "y": 0
      },
      "geometry": { "type": "Point", "coordinates": [0.0, 0.0] }
    },
    {
      "type": "Feature",
      "properties": {
        "p1": 40823000192,
        "p59a": "2.0",
        "p59b": "3.0",
        "p59c": "1.0",
        "p59d": "59",
        "p59e": "10.0",
        "p59f": "1.0",
        "p59g": null,
        "x": 0,
        "y": 0
      },
      "geometry": { "type": "Point", "coordinates": [0.0, 0.0] }
    },
    {
      "type": "Feature",
      "properties": {
        "p1": 40823000194,
        "p59a": "1.0",
        "p59b": "3.0",
        "p59c": "2.0",
        "p59d": "48",
        "p59e": "10.0",
        "p59f": "1.0",
        "p59g": "4.0",
        "x": 0,
        "y": 0
      },
      "geometry": { "type": "Point", "coordinates": [0.0, 0.0] }
    },
    {
      "type": "Feature",
      "properties": {
        "p1": 40823000194,
        "p59a": "1.0",
        "p59b": "3.0",
        "p59c": "1.0",
        "p59d": "33",
        "p59e": "10.0",
        "p59f": "1.0",
        "p59g": "4.0",
        "x": 0,
        "y": 0
      },
      "geometry": { "type": "Point", "coordinates": [0.0, 0.0] }
    },
    {
      "type": "Feature",
      "properties": {
        "p1": 40823000204,
        "p59a": "1.0",
        "p59b": "3.0",
        "p59c": "2.0",
        "p59d": "76",
        "p59e": "10.0",
        "p59f": "1.0",
        "p59g": "4.0",
        "x": 0,
        "y": 0
      },
      "geometry": { "type": "Point", "coordinates": [0.0, 0.0] }
    },
    {
      "type": "Feature",
      "properties": {
        "p1": 40823000204,
        "p59a": "1.0",
        "p59b": "3.0",
        "p59c": "1.0",
        "p59d": "36",
        "p59e": "10.0",
        "p59f": "1.0",
        "p59g": "4.0",
        "x": 0,
        "y": 0
      },
      "geometry": { "type": "Point", "coordinates": [0.0, 0.0] }
    },
    {
      "type": "Feature",
      "properties": {
        "p1": 40823000204,
        "p59a": "3.0",
        "p59b": "3.0",
        "p59c": "4.0",
        "p59d": "07",
        "p59e": "10.0",
        "p59f": "1.0",
        "p59g": "4.0",
        "x": 0,
        "y": 0
      },
      "geometry": { "type": "Point", "coordinates": [0.0, 0.0] }
    },
    {
      "type": "Feature",
      "properties": {
        "p1": 40823000207,
        "p59a": "1.0",
        "p59b": "3.0",
        "p59c": "1.0",
        "p59d": "35",
        "p59e": "10.0",
        "p59f": "1.0",
        "p59g": "4.0",
        "x": 0,
        "y": 0
      },
      "geometry": { "type": "Point", "coordinates": [0.0, 0.0] }
    },
    {
      "type": "Feature",
      "properties": {
        "p1": 40823000207,
        "p59a": "1.0",
        "p59b": "3.0",
        "p59c": "1.0",
        "p59d": "58",
        "p59e": "10.0",
        "p59f": "5.0",
        "p59g": "3.0",
        "x": 0,
        "y": 0
      },
      "geometry": { "type": "Point", "coordinates": [0.0, 0.0] }
    },
    {
      "type": "Feature",
      "properties": {
        "p1": 40823000207,
        "p59a": "2.0",
        "p59b": "3.0",
        "p59c": "1.0",
        "p59d": "69",
        "p59e": "10.0",
        "p59f": "1.0",
        "p59g": "4.0",
        "x": 0,
        "y": 0
      },
      "geometry": { "type": "Point", "coordinates": [0.0, 0.0] }
    },
    {
      "type": "Feature",
      "properties": {
        "p1": 40823000208,
        "p59a": "1.0",
        "p59b": "3.0",
        "p59c": "1.0",
        "p59d": "33",
        "p59e": "10.0",
        "p59f": "1.0",
        "p59g": "4.0",
        "x": 0,
        "y": 0
      },
      "geometry": { "type": "Point", "coordinates": [0.0, 0.0] }
    },
    {
      "type": "Feature",
      "properties": {
        "p1": 40823000208,
        "p59a": "2.0",
        "p59b": "3.0",
        "p59c": "1.0",
        "p59d": "30",
        "p59e": "10.0",
        "p59f": "1.0",
        "p59g": "4.0",
        "x": 0,
        "y": 0
      },
      "geometry": { "type": "Point", "coordinates": [0.0, 0.0] }
    },
    {
      "type": "Feature",
      "properties": {
        "p1": 40823000210,
        "p59a": "1.0",
        "p59b": "3.0",
        "p59c": "1.0",
        "p59d": "47",
        "p59e": "10.0",
        "p59f": "1.0",
        "p59g": "4.0",
        "x": 0,
        "y": 0
      },
      "geometry": { "type": "Point", "coordinates": [0.0, 0.0] }
    },
    {
      "type": "Feature",
      "properties": {
        "p1": 40823000210,
        "p59a": "3.0",
        "p59b": "3.0",
        "p59c": "3.0",
        "p59d": "12",
        "p59e": "10.0",
        "p59f": "1.0",
        "p59g": "4.0",
        "x": 0,
        "y": 0
      },
      "geometry": { "type": "Point", "coordinates": [0.0, 0.0] }
    },
    {
      "type": "Feature",
      "properties": {
        "p1": 40823000210,
        "p59a": "1.0",
        "p59b": "3.0",
        "p59c": "1.0",
        "p59d": "36",
        "p59e": "10.0",
        "p59f": "3.0",
        "p59g": "3.0",
        "x": 0,
        "y": 0
      },
      "geometry": { "type": "Point", "coordinates": [0.0, 0.0] }
    },
    {
      "type": "Feature",
      "properties": {
        "p1": 40823000212,
        "p59a": "1.0",
        "p59b": "4.0",
        "p59c": "1.0",
        "p59d": "23",
        "p59e": "10.0",
        "p59f": "1.0",
        "p59g": "4.0",
        "x": 0,
        "y": 0
      },
      "geometry": { "type": "Point", "coordinates": [0.0, 0.0] }
    },
    {
      "type": "Feature",
      "properties": {
        "p1": 40823000212,
        "p59a": "2.0",
        "p59b": "4.0",
        "p59c": "2.0",
        "p59d": "22",
        "p59e": "10.0",
        "p59f": "1.0",
        "p59g": "4.0",
        "x": 0,
        "y": 0
      },
      "geometry": { "type": "Point", "coordinates": [0.0, 0.0] }
    },
    {
      "type": "Feature",
      "properties": {
        "p1": 40823000212,
        "p59a": "1.0",
        "p59b": "3.0",
        "p59c": "1.0",
        "p59d": "28",
        "p59e": "10.0",
        "p59f": "1.0",
        "p59g": "4.0",
        "x": 0,
        "y": 0
      },
      "geometry": { "type": "Point", "coordinates": [0.0, 0.0] }
    },
    {
      "type": "Feature",
      "properties": {
        "p1": 40823000215,
        "p59a": "1.0",
        "p59b": "3.0",
        "p59c": "1.0",
        "p59d": "42",
        "p59e": "10.0",
        "p59f": "1.0",
        "p59g": "4.0",
        "x": 0,
        "y": 0
      },
      "geometry": { "type": "Point", "coordinates": [0.0, 0.0] }
    },
    {
      "type": "Feature",
      "properties": {
        "p1": 40823000215,
        "p59a": "1.0",
        "p59b": "3.0",
        "p59c": "2.0",
        "p59d": "23",
        "p59e": "10.0",
        "p59f": "2.0",
        "p59g": "3.0",
        "x": 0,
        "y": 0
      },
      "geometry": { "type": "Point", "coordinates": [0.0, 0.0] }
    },
    {
      "type": "Feature",
      "properties": {
        "p1": 40823000220,
        "p59a": "3.0",
        "p59b": "3.0",
        "p59c": "1.0",
        "p59d": "39",
        "p59e": "10.0",
        "p59f": "1.0",
        "p59g": "4.0",
        "x": 0,
        "y": 0
      },
      "geometry": { "type": "Point", "coordinates": [0.0, 0.0] }
    },
    {
      "type": "Feature",
      "properties": {
        "p1": 40823000220,
        "p59a": "2.0",
        "p59b": "3.0",
        "p59c": "1.0",
        "p59d": "30",
        "p59e": "10.0",
        "p59f": "1.0",
        "p59g": "4.0",
        "x": 0,
        "y": 0
      },
      "geometry": { "type": "Point", "coordinates": [0.0, 0.0] }
    },
    {
      "type": "Feature",
      "properties": {
        "p1": 40823000220,
        "p59a": "1.0",
        "p59b": "3.0",
        "p59c": "1.0",
        "p59d": "30",
        "p59e": "10.0",
        "p59f": "1.0",
        "p59g": "4.0",
        "x": 0,
        "y": 0
      },
      "geometry": { "type": "Point", "coordinates": [0.0, 0.0] }
    },
    {
      "type": "Feature",
      "properties": {
        "p1": 40823000221,
        "p59a": "1.0",
        "p59b": "3.0",
        "p59c": "1.0",
        "p59d": "43",
        "p59e": "10.0",
        "p59f": "1.0",
        "p59g": "4.0",
        "x": 0,
        "y": 0
      },
      "geometry": { "type": "Point", "coordinates": [0.0, 0.0] }
    },
    {
      "type": "Feature",
      "properties": {
        "p1": 40823000221,
        "p59a": "1.0",
        "p59b": "3.0",
        "p59c": "2.0",
        "p59d": "40",
        "p59e": "10.0",
        "p59f": "1.0",
        "p59g": "4.0",
        "x": 0,
        "y": 0
      },
      "geometry": { "type": "Point", "coordinates": [0.0, 0.0] }
    },
    {
      "type": "Feature",
      "properties": {
        "p1": 40823000222,
        "p59a": "3.0",
        "p59b": "3.0",
        "p59c": "2.0",
        "p59d": "51",
        "p59e": "10.0",
        "p59f": "1.0",
        "p59g": "4.0",
        "x": 0,
        "y": 0
      },
      "geometry": { "type": "Point", "coordinates": [0.0, 0.0] }
    },
    {
      "type": "Feature",
      "properties": {
        "p1": 40823000222,
        "p59a": "1.0",
        "p59b": "3.0",
        "p59c": "2.0",
        "p59d": "47",
        "p59e": "10.0",
        "p59f": "1.0",
        "p59g": "4.0",
        "x": 0,
        "y": 0
      },
      "geometry": { "type": "Point", "coordinates": [0.0, 0.0] }
    },
    {
      "type": "Feature",
      "properties": {
        "p1": 40823000222,
        "p59a": "2.0",
        "p59b": "3.0",
        "p59c": "2.0",
        "p59d": "45",
        "p59e": "10.0",
        "p59f": "1.0",
        "p59g": "4.0",
        "x": 0,
        "y": 0
      },
      "geometry": { "type": "Point", "coordinates": [0.0, 0.0] }
    },
    {
      "type": "Feature",
      "properties": {
        "p1": 40823000222,
        "p59a": "2.0",
        "p59b": "3.0",
        "p59c": "2.0",
        "p59d": "53",
        "p59e": "10.0",
        "p59f": "1.0",
        "p59g": "4.0",
        "x": 0,
        "y": 0
      },
      "geometry": { "type": "Point", "coordinates": [0.0, 0.0] }
    },
    {
      "type": "Feature",
      "properties": {
        "p1": 40823000223,
        "p59a": "1.0",
        "p59b": "3.0",
        "p59c": "1.0",
        "p59d": "19",
        "p59e": "10.0",
        "p59f": "1.0",
        "p59g": "4.0",
        "x": 0,
        "y": 0
      },
      "geometry": { "type": "Point", "coordinates": [0.0, 0.0] }
    },
    {
      "type": "Feature",
      "properties": {
        "p1": 40823000223,
        "p59a": "1.0",
        "p59b": "3.0",
        "p59c": "1.0",
        "p59d": "61",
        "p59e": "10.0",
        "p59f": "1.0",
        "p59g": "4.0",
        "x": 0,
        "y": 0
      },
      "geometry": { "type": "Point", "coordinates": [0.0, 0.0] }
    },
    {
      "type": "Feature",
      "properties": {
        "p1": 40823000224,
        "p59a": "1.0",
        "p59b": "3.0",
        "p59c": "2.0",
        "p59d": "18",
        "p59e": "10.0",
        "p59f": "1.0",
        "p59g": "4.0",
        "x": 0,
        "y": 0
      },
      "geometry": { "type": "Point", "coordinates": [0.0, 0.0] }
    },
    {
      "type": "Feature",
      "properties": {
        "p1": 40823000224,
        "p59a": "2.0",
        "p59b": "3.0",
        "p59c": "2.0",
        "p59d": "18",
        "p59e": "10.0",
        "p59f": "1.0",
        "p59g": "4.0",
        "x": 0,
        "y": 0
      },
      "geometry": { "type": "Point", "coordinates": [0.0, 0.0] }
    },
    {
      "type": "Feature",
      "properties": {
        "p1": 40823000224,
        "p59a": "1.0",
        "p59b": "3.0",
        "p59c": "1.0",
        "p59d": "45",
        "p59e": "10.0",
        "p59f": "1.0",
        "p59g": "4.0",
        "x": 0,
        "y": 0
      },
      "geometry": { "type": "Point", "coordinates": [0.0, 0.0] }
    },
    {
      "type": "Feature",
      "properties": {
        "p1": 40823000225,
        "p59a": "1.0",
        "p59b": "3.0",
        "p59c": "1.0",
        "p59d": "28",
        "p59e": "10.0",
        "p59f": "1.0",
        "p59g": "4.0",
        "x": 0,
        "y": 0
      },
      "geometry": { "type": "Point", "coordinates": [0.0, 0.0] }
    },
    {
      "type": "Feature",
      "properties": {
        "p1": 40823000225,
        "p59a": "4.0",
        "p59b": "4.0",
        "p59c": "2.0",
        "p59d": "48",
        "p59e": "10.0",
        "p59f": "5.0",
        "p59g": "3.0",
        "x": 0,
        "y": 0
      },
      "geometry": { "type": "Point", "coordinates": [0.0, 0.0] }
    },
    {
      "type": "Feature",
      "properties": {
        "p1": 40823000229,
        "p59a": "1.0",
        "p59b": "3.0",
        "p59c": "2.0",
        "p59d": "20",
        "p59e": "340.0",
        "p59f": "1.0",
        "p59g": "4.0",
        "x": 0,
        "y": 0
      },
      "geometry": { "type": "Point", "coordinates": [0.0, 0.0] }
    },
    {
      "type": "Feature",
      "properties": {
        "p1": 40823000229,
        "p59a": "1.0",
        "p59b": "3.0",
        "p59c": "2.0",
        "p59d": "31",
        "p59e": "10.0",
        "p59f": "1.0",
        "p59g": "4.0",
        "x": 0,
        "y": 0
      },
      "geometry": { "type": "Point", "coordinates": [0.0, 0.0] }
    },
    {
      "type": "Feature",
      "properties": {
        "p1": 40823000232,
        "p59a": "1.0",
        "p59b": "3.0",
        "p59c": "1.0",
        "p59d": "18",
        "p59e": "10.0",
        "p59f": "1.0",
        "p59g": "4.0",
        "x": 0,
        "y": 0
      },
      "geometry": { "type": "Point", "coordinates": [0.0, 0.0] }
    },
    {
      "type": "Feature",
      "properties": {
        "p1": 40823000232,
        "p59a": "2.0",
        "p59b": "3.0",
        "p59c": "1.0",
        "p59d": "23",
        "p59e": "10.0",
        "p59f": "1.0",
        "p59g": "4.0",
        "x": 0,
        "y": 0
      },
      "geometry": { "type": "Point", "coordinates": [0.0, 0.0] }
    },
    {
      "type": "Feature",
      "properties": {
        "p1": 40823000234,
        "p59a": "1.0",
        "p59b": "3.0",
        "p59c": "2.0",
        "p59d": "21",
        "p59e": "10.0",
        "p59f": "1.0",
        "p59g": "4.0",
        "x": 0,
        "y": 0
      },
      "geometry": { "type": "Point", "coordinates": [0.0, 0.0] }
    },
    {
      "type": "Feature",
      "properties": {
        "p1": 40823000234,
        "p59a": "2.0",
        "p59b": "3.0",
        "p59c": "1.0",
        "p59d": "25",
        "p59e": "10.0",
        "p59f": "1.0",
        "p59g": "4.0",
        "x": 0,
        "y": 0
      },
      "geometry": { "type": "Point", "coordinates": [0.0, 0.0] }
    },
    {
      "type": "Feature",
      "properties": {
        "p1": 40823000234,
        "p59a": "1.0",
        "p59b": "3.0",
        "p59c": "2.0",
        "p59d": "27",
        "p59e": "10.0",
        "p59f": "1.0",
        "p59g": "4.0",
        "x": 0,
        "y": 0
      },
      "geometry": { "type": "Point", "coordinates": [0.0, 0.0] }
    },
    {
      "type": "Feature",
      "properties": {
        "p1": 40823000234,
        "p59a": "3.0",
        "p59b": "5.0",
        "p59c": "3.0",
        "p59d": "00",
        "p59e": "10.0",
        "p59f": "5.0",
        "p59g": "3.0",
        "x": 0,
        "y": 0
      },
      "geometry": { "type": "Point", "coordinates": [0.0, 0.0] }
    },
    {
      "type": "Feature",
      "properties": {
        "p1": 40823000241,
        "p59a": "1.0",
        "p59b": "3.0",
        "p59c": "1.0",
        "p59d": "59",
        "p59e": "10.0",
        "p59f": "1.0",
        "p59g": "4.0",
        "x": 0,
        "y": 0
      },
      "geometry": { "type": "Point", "coordinates": [0.0, 0.0] }
    },
    {
      "type": "Feature",
      "properties": {
        "p1": 40823000241,
        "p59a": "3.0",
        "p59b": "3.0",
        "p59c": "1.0",
        "p59d": "15",
        "p59e": "10.0",
        "p59f": "1.0",
        "p59g": "4.0",
        "x": 0,
        "y": 0
      },
      "geometry": { "type": "Point", "coordinates": [0.0, 0.0] }
    },
    {
      "type": "Feature",
      "properties": {
        "p1": 40823000241,
        "p59a": "2.0",
        "p59b": "3.0",
        "p59c": "1.0",
        "p59d": "15",
        "p59e": "10.0",
        "p59f": "1.0",
        "p59g": "4.0",
        "x": 0,
        "y": 0
      },
      "geometry": { "type": "Point", "coordinates": [0.0, 0.0] }
    },
    {
      "type": "Feature",
      "properties": {
        "p1": 40823000241,
        "p59a": "1.0",
        "p59b": "1.0",
        "p59c": "1.0",
        "p59d": "71",
        "p59e": "10.0",
        "p59f": "5.0",
        "p59g": "3.0",
        "x": 0,
        "y": 0
      },
      "geometry": { "type": "Point", "coordinates": [0.0, 0.0] }
    },
    {
      "type": "Feature",
      "properties": {
        "p1": 40823000244,
        "p59a": "1.0",
        "p59b": "3.0",
        "p59c": "1.0",
        "p59d": "50",
        "p59e": "10.0",
        "p59f": "1.0",
        "p59g": "4.0",
        "x": 0,
        "y": 0
      },
      "geometry": { "type": "Point", "coordinates": [0.0, 0.0] }
    },
    {
      "type": "Feature",
      "properties": {
        "p1": 40823000244,
        "p59a": "2.0",
        "p59b": "3.0",
        "p59c": "1.0",
        "p59d": "47",
        "p59e": "10.0",
        "p59f": "1.0",
        "p59g": "4.0",
        "x": 0,
        "y": 0
      },
      "geometry": { "type": "Point", "coordinates": [0.0, 0.0] }
    },
    {
      "type": "Feature",
      "properties": {
        "p1": 40823000244,
        "p59a": "1.0",
        "p59b": "3.0",
        "p59c": "1.0",
        "p59d": "35",
        "p59e": "10.0",
        "p59f": "1.0",
        "p59g": "4.0",
        "x": 0,
        "y": 0
      },
      "geometry": { "type": "Point", "coordinates": [0.0, 0.0] }
    },
    {
      "type": "Feature",
      "properties": {
        "p1": 40823000244,
        "p59a": "2.0",
        "p59b": "3.0",
        "p59c": "1.0",
        "p59d": "49",
        "p59e": "10.0",
        "p59f": "1.0",
        "p59g": "4.0",
        "x": 0,
        "y": 0
      },
      "geometry": { "type": "Point", "coordinates": [0.0, 0.0] }
    },
    {
      "type": "Feature",
      "properties": {
        "p1": 40823000246,
        "p59a": "1.0",
        "p59b": "3.0",
        "p59c": "1.0",
        "p59d": "59",
        "p59e": "10.0",
        "p59f": "5.0",
        "p59g": "3.0",
        "x": 0,
        "y": 0
      },
      "geometry": { "type": "Point", "coordinates": [0.0, 0.0] }
    },
    {
      "type": "Feature",
      "properties": {
        "p1": 40823000246,
        "p59a": "1.0",
        "p59b": "3.0",
        "p59c": "2.0",
        "p59d": "27",
        "p59e": "10.0",
        "p59f": "1.0",
        "p59g": "4.0",
        "x": 0,
        "y": 0
      },
      "geometry": { "type": "Point", "coordinates": [0.0, 0.0] }
    },
    {
      "type": "Feature",
      "properties": {
        "p1": 40823000246,
        "p59a": "2.0",
        "p59b": "3.0",
        "p59c": "1.0",
        "p59d": "50",
        "p59e": "10.0",
        "p59f": "1.0",
        "p59g": "4.0",
        "x": 0,
        "y": 0
      },
      "geometry": { "type": "Point", "coordinates": [0.0, 0.0] }
    },
    {
      "type": "Feature",
      "properties": {
        "p1": 40823000249,
        "p59a": "1.0",
        "p59b": "3.0",
        "p59c": "1.0",
        "p59d": "69",
        "p59e": "10.0",
        "p59f": "1.0",
        "p59g": "4.0",
        "x": 0,
        "y": 0
      },
      "geometry": { "type": "Point", "coordinates": [0.0, 0.0] }
    },
    {
      "type": "Feature",
      "properties": {
        "p1": 40823000249,
        "p59a": "1.0",
        "p59b": "1.0",
        "p59c": "1.0",
        "p59d": "67",
        "p59e": "10.0",
        "p59f": "3.0",
        "p59g": "3.0",
        "x": 0,
        "y": 0
      },
      "geometry": { "type": "Point", "coordinates": [0.0, 0.0] }
    },
    {
      "type": "Feature",
      "properties": {
        "p1": 40823000253,
        "p59a": "1.0",
        "p59b": "3.0",
        "p59c": "1.0",
        "p59d": "28",
        "p59e": "10.0",
        "p59f": "1.0",
        "p59g": "4.0",
        "x": 0,
        "y": 0
      },
      "geometry": { "type": "Point", "coordinates": [0.0, 0.0] }
    },
    {
      "type": "Feature",
      "properties": {
        "p1": 40823000253,
        "p59a": "1.0",
        "p59b": "3.0",
        "p59c": "1.0",
        "p59d": "54",
        "p59e": "10.0",
        "p59f": "1.0",
        "p59g": "4.0",
        "x": 0,
        "y": 0
      },
      "geometry": { "type": "Point", "coordinates": [0.0, 0.0] }
    },
    {
      "type": "Feature",
      "properties": {
        "p1": 40823000253,
        "p59a": "2.0",
        "p59b": "3.0",
        "p59c": "1.0",
        "p59d": "31",
        "p59e": "10.0",
        "p59f": "1.0",
        "p59g": "4.0",
        "x": 0,
        "y": 0
      },
      "geometry": { "type": "Point", "coordinates": [0.0, 0.0] }
    },
    {
      "type": "Feature",
      "properties": {
        "p1": 40823000264,
        "p59a": "1.0",
        "p59b": "3.0",
        "p59c": "1.0",
        "p59d": "20",
        "p59e": "10.0",
        "p59f": "1.0",
        "p59g": "4.0",
        "x": 0,
        "y": 0
      },
      "geometry": { "type": "Point", "coordinates": [0.0, 0.0] }
    },
    {
      "type": "Feature",
      "properties": {
        "p1": 40823000264,
        "p59a": "1.0",
        "p59b": "3.0",
        "p59c": "1.0",
        "p59d": "58",
        "p59e": "10.0",
        "p59f": "1.0",
        "p59g": "4.0",
        "x": 0,
        "y": 0
      },
      "geometry": { "type": "Point", "coordinates": [0.0, 0.0] }
    },
    {
      "type": "Feature",
      "properties": {
        "p1": 40823000264,
        "p59a": "2.0",
        "p59b": "3.0",
        "p59c": "2.0",
        "p59d": "57",
        "p59e": "10.0",
        "p59f": "1.0",
        "p59g": "4.0",
        "x": 0,
        "y": 0
      },
      "geometry": { "type": "Point", "coordinates": [0.0, 0.0] }
    },
    {
      "type": "Feature",
      "properties": {
        "p1": 40823000266,
        "p59a": "1.0",
        "p59b": "3.0",
        "p59c": "1.0",
        "p59d": "34",
        "p59e": "10.0",
        "p59f": "1.0",
        "p59g": "4.0",
        "x": 0,
        "y": 0
      },
      "geometry": { "type": "Point", "coordinates": [0.0, 0.0] }
    },
    {
      "type": "Feature",
      "properties": {
        "p1": 40823000266,
        "p59a": "1.0",
        "p59b": "3.0",
        "p59c": "1.0",
        "p59d": "50",
        "p59e": "10.0",
        "p59f": "1.0",
        "p59g": "4.0",
        "x": 0,
        "y": 0
      },
      "geometry": { "type": "Point", "coordinates": [0.0, 0.0] }
    },
    {
      "type": "Feature",
      "properties": {
        "p1": 40823000267,
        "p59a": null,
        "p59b": null,
        "p59c": null,
        "p59d": null,
        "p59e": null,
        "p59f": null,
        "p59g": null,
        "x": 0,
        "y": 0
      },
      "geometry": { "type": "Point", "coordinates": [0.0, 0.0] }
    },
    {
      "type": "Feature",
      "properties": {
        "p1": 40823000267,
        "p59a": "1.0",
        "p59b": "3.0",
        "p59c": "2.0",
        "p59d": "24",
        "p59e": "10.0",
        "p59f": "1.0",
        "p59g": "4.0",
        "x": 0,
        "y": 0
      },
      "geometry": { "type": "Point", "coordinates": [0.0, 0.0] }
    },
    {
      "type": "Feature",
      "properties": {
        "p1": 40823000267,
        "p59a": "3.0",
        "p59b": "3.0",
        "p59c": "3.0",
        "p59d": "03",
        "p59e": "10.0",
        "p59f": "1.0",
        "p59g": "4.0",
        "x": 0,
        "y": 0
      },
      "geometry": { "type": "Point", "coordinates": [0.0, 0.0] }
    },
    {
      "type": "Feature",
      "properties": {
        "p1": 40823000289,
        "p59a": "1.0",
        "p59b": "3.0",
        "p59c": "2.0",
        "p59d": "33",
        "p59e": "10.0",
        "p59f": "1.0",
        "p59g": "4.0",
        "x": 0,
        "y": 0
      },
      "geometry": { "type": "Point", "coordinates": [0.0, 0.0] }
    },
    {
      "type": "Feature",
      "properties": {
        "p1": 40823000289,
        "p59a": "1.0",
        "p59b": "3.0",
        "p59c": "1.0",
        "p59d": "64",
        "p59e": "10.0",
        "p59f": "1.0",
        "p59g": "4.0",
        "x": 0,
        "y": 0
      },
      "geometry": { "type": "Point", "coordinates": [0.0, 0.0] }
    },
    {
      "type": "Feature",
      "properties": {
        "p1": 40823000291,
        "p59a": null,
        "p59b": null,
        "p59c": null,
        "p59d": null,
        "p59e": null,
        "p59f": null,
        "p59g": "4.0",
        "x": 0,
        "y": 0
      },
      "geometry": { "type": "Point", "coordinates": [0.0, 0.0] }
    },
    {
      "type": "Feature",
      "properties": {
        "p1": 40823000291,
        "p59a": "1.0",
        "p59b": "3.0",
        "p59c": "1.0",
        "p59d": "32",
        "p59e": "10.0",
        "p59f": "1.0",
        "p59g": "4.0",
        "x": 0,
        "y": 0
      },
      "geometry": { "type": "Point", "coordinates": [0.0, 0.0] }
    },
    {
      "type": "Feature",
      "properties": {
        "p1": 40823000293,
        "p59a": "1.0",
        "p59b": "3.0",
        "p59c": "2.0",
        "p59d": "69",
        "p59e": "10.0",
        "p59f": "1.0",
        "p59g": "4.0",
        "x": 0,
        "y": 0
      },
      "geometry": { "type": "Point", "coordinates": [0.0, 0.0] }
    },
    {
      "type": "Feature",
      "properties": {
        "p1": 40823000293,
        "p59a": "2.0",
        "p59b": "3.0",
        "p59c": "2.0",
        "p59d": "66",
        "p59e": "10.0",
        "p59f": "1.0",
        "p59g": "4.0",
        "x": 0,
        "y": 0
      },
      "geometry": { "type": "Point", "coordinates": [0.0, 0.0] }
    },
    {
      "type": "Feature",
      "properties": {
        "p1": 40823000293,
        "p59a": "1.0",
        "p59b": "3.0",
        "p59c": "1.0",
        "p59d": "22",
        "p59e": "10.0",
        "p59f": "1.0",
        "p59g": "4.0",
        "x": 0,
        "y": 0
      },
      "geometry": { "type": "Point", "coordinates": [0.0, 0.0] }
    },
    {
      "type": "Feature",
      "properties": {
        "p1": 40823000296,
        "p59a": "1.0",
        "p59b": "1.0",
        "p59c": "1.0",
        "p59d": "65",
        "p59e": "10.0",
        "p59f": "5.0",
        "p59g": "3.0",
        "x": 0,
        "y": 0
      },
      "geometry": { "type": "Point", "coordinates": [0.0, 0.0] }
    },
    {
      "type": "Feature",
      "properties": {
        "p1": 40823000296,
        "p59a": "1.0",
        "p59b": "3.0",
        "p59c": "2.0",
        "p59d": "51",
        "p59e": "10.0",
        "p59f": "1.0",
        "p59g": "4.0",
        "x": 0,
        "y": 0
      },
      "geometry": { "type": "Point", "coordinates": [0.0, 0.0] }
    },
    {
      "type": "Feature",
      "properties": {
        "p1": 40823000296,
        "p59a": "3.0",
        "p59b": "3.0",
        "p59c": "4.0",
        "p59d": "05",
        "p59e": "10.0",
        "p59f": "1.0",
        "p59g": null,
        "x": 0,
        "y": 0
      },
      "geometry": { "type": "Point", "coordinates": [0.0, 0.0] }
    },
    {
      "type": "Feature",
      "properties": {
        "p1": 40823000306,
        "p59a": "1.0",
        "p59b": "3.0",
        "p59c": "1.0",
        "p59d": "47",
        "p59e": "10.0",
        "p59f": "1.0",
        "p59g": "4.0",
        "x": 0,
        "y": 0
      },
      "geometry": { "type": "Point", "coordinates": [0.0, 0.0] }
    },
    {
      "type": "Feature",
      "properties": {
        "p1": 40823000306,
        "p59a": "3.0",
        "p59b": "5.0",
        "p59c": "4.0",
        "p59d": "03",
        "p59e": "10.0",
        "p59f": "1.0",
        "p59g": "4.0",
        "x": 0,
        "y": 0
      },
      "geometry": { "type": "Point", "coordinates": [0.0, 0.0] }
    },
    {
      "type": "Feature",
      "properties": {
        "p1": 40823000307,
        "p59a": "1.0",
        "p59b": "3.0",
        "p59c": "2.0",
        "p59d": "58",
        "p59e": "10.0",
        "p59f": "1.0",
        "p59g": "4.0",
        "x": 0,
        "y": 0
      },
      "geometry": { "type": "Point", "coordinates": [0.0, 0.0] }
    },
    {
      "type": "Feature",
      "properties": {
        "p1": 40823000307,
        "p59a": "1.0",
        "p59b": "3.0",
        "p59c": "1.0",
        "p59d": "46",
        "p59e": "10.0",
        "p59f": "1.0",
        "p59g": "4.0",
        "x": 0,
        "y": 0
      },
      "geometry": { "type": "Point", "coordinates": [0.0, 0.0] }
    },
    {
      "type": "Feature",
      "properties": {
        "p1": 40823000317,
        "p59a": "1.0",
        "p59b": "7.0",
        "p59c": "1.0",
        "p59d": "23",
        "p59e": "10.0",
        "p59f": "1.0",
        "p59g": "4.0",
        "x": 0,
        "y": 0
      },
      "geometry": { "type": "Point", "coordinates": [0.0, 0.0] }
    },
    {
      "type": "Feature",
      "properties": {
        "p1": 40823000317,
        "p59a": "2.0",
        "p59b": "7.0",
        "p59c": "1.0",
        "p59d": "21",
        "p59e": "10.0",
        "p59f": "5.0",
        "p59g": "3.0",
        "x": 0,
        "y": 0
      },
      "geometry": { "type": "Point", "coordinates": [0.0, 0.0] }
    },
    {
      "type": "Feature",
      "properties": {
        "p1": 40823000318,
        "p59a": "1.0",
        "p59b": "3.0",
        "p59c": "2.0",
        "p59d": "50",
        "p59e": "10.0",
        "p59f": "1.0",
        "p59g": "4.0",
        "x": 0,
        "y": 0
      },
      "geometry": { "type": "Point", "coordinates": [0.0, 0.0] }
    },
    {
      "type": "Feature",
      "properties": {
        "p1": 40823000318,
        "p59a": "1.0",
        "p59b": "1.0",
        "p59c": "1.0",
        "p59d": "43",
        "p59e": "10.0",
        "p59f": "6.0",
        "p59g": "3.0",
        "x": 0,
        "y": 0
      },
      "geometry": { "type": "Point", "coordinates": [0.0, 0.0] }
    },
    {
      "type": "Feature",
      "properties": {
        "p1": 40823000320,
        "p59a": "1.0",
        "p59b": "3.0",
        "p59c": "2.0",
        "p59d": "46",
        "p59e": "10.0",
        "p59f": "1.0",
        "p59g": "4.0",
        "x": 0,
        "y": 0
      },
      "geometry": { "type": "Point", "coordinates": [0.0, 0.0] }
    },
    {
      "type": "Feature",
      "properties": {
        "p1": 40823000320,
        "p59a": "1.0",
        "p59b": "3.0",
        "p59c": "2.0",
        "p59d": "18",
        "p59e": "10.0",
        "p59f": "1.0",
        "p59g": "4.0",
        "x": 0,
        "y": 0
      },
      "geometry": { "type": "Point", "coordinates": [0.0, 0.0] }
    },
    {
      "type": "Feature",
      "properties": {
        "p1": 40823000323,
        "p59a": "2.0",
        "p59b": "3.0",
        "p59c": "2.0",
        "p59d": "19",
        "p59e": "10.0",
        "p59f": "1.0",
        "p59g": "4.0",
        "x": 0,
        "y": 0
      },
      "geometry": { "type": "Point", "coordinates": [0.0, 0.0] }
    },
    {
      "type": "Feature",
      "properties": {
        "p1": 40823000323,
        "p59a": "1.0",
        "p59b": "3.0",
        "p59c": "2.0",
        "p59d": "19",
        "p59e": "10.0",
        "p59f": "1.0",
        "p59g": "4.0",
        "x": 0,
        "y": 0
      },
      "geometry": { "type": "Point", "coordinates": [0.0, 0.0] }
    },
    {
      "type": "Feature",
      "properties": {
        "p1": 40823000323,
        "p59a": "1.0",
        "p59b": "1.0",
        "p59c": "1.0",
        "p59d": "57",
        "p59e": "412.0",
        "p59f": "5.0",
        "p59g": "3.0",
        "x": 0,
        "y": 0
      },
      "geometry": { "type": "Point", "coordinates": [0.0, 0.0] }
    },
    {
      "type": "Feature",
      "properties": {
        "p1": 40823000324,
        "p59a": "1.0",
        "p59b": "3.0",
        "p59c": "1.0",
        "p59d": "25",
        "p59e": "104.0",
        "p59f": "1.0",
        "p59g": "4.0",
        "x": 0,
        "y": 0
      },
      "geometry": { "type": "Point", "coordinates": [0.0, 0.0] }
    },
    {
      "type": "Feature",
      "properties": {
        "p1": 40823000324,
        "p59a": "1.0",
        "p59b": "3.0",
        "p59c": "1.0",
        "p59d": "32",
        "p59e": "150.0",
        "p59f": "1.0",
        "p59g": "4.0",
        "x": 0,
        "y": 0
      },
      "geometry": { "type": "Point", "coordinates": [0.0, 0.0] }
    },
    {
      "type": "Feature",
      "properties": {
        "p1": 40823000326,
        "p59a": "1.0",
        "p59b": "7.0",
        "p59c": "2.0",
        "p59d": "40",
        "p59e": "10.0",
        "p59f": "1.0",
        "p59g": "4.0",
        "x": 0,
        "y": 0
      },
      "geometry": { "type": "Point", "coordinates": [0.0, 0.0] }
    },
    {
      "type": "Feature",
      "properties": {
        "p1": 40823000326,
        "p59a": "2.0",
        "p59b": "7.0",
        "p59c": "4.0",
        "p59d": "13",
        "p59e": "10.0",
        "p59f": "2.0",
        "p59g": "3.0",
        "x": 0,
        "y": 0
      },
      "geometry": { "type": "Point", "coordinates": [0.0, 0.0] }
    },
    {
      "type": "Feature",
      "properties": {
        "p1": 40823000326,
        "p59a": "1.0",
        "p59b": "3.0",
        "p59c": "1.0",
        "p59d": "30",
        "p59e": "10.0",
        "p59f": "1.0",
        "p59g": "4.0",
        "x": 0,
        "y": 0
      },
      "geometry": { "type": "Point", "coordinates": [0.0, 0.0] }
    },
    {
      "type": "Feature",
      "properties": {
        "p1": 40823000329,
        "p59a": "1.0",
        "p59b": "3.0",
        "p59c": "2.0",
        "p59d": "32",
        "p59e": "10.0",
        "p59f": "1.0",
        "p59g": "4.0",
        "x": 0,
        "y": 0
      },
      "geometry": { "type": "Point", "coordinates": [0.0, 0.0] }
    },
    {
      "type": "Feature",
      "properties": {
        "p1": 40823000329,
        "p59a": "2.0",
        "p59b": "3.0",
        "p59c": "2.0",
        "p59d": "11",
        "p59e": "10.0",
        "p59f": "1.0",
        "p59g": "4.0",
        "x": 0,
        "y": 0
      },
      "geometry": { "type": "Point", "coordinates": [0.0, 0.0] }
    },
    {
      "type": "Feature",
      "properties": {
        "p1": 40823000329,
        "p59a": "1.0",
        "p59b": "3.0",
        "p59c": "1.0",
        "p59d": "65",
        "p59e": "10.0",
        "p59f": "1.0",
        "p59g": "4.0",
        "x": 0,
        "y": 0
      },
      "geometry": { "type": "Point", "coordinates": [0.0, 0.0] }
    },
    {
      "type": "Feature",
      "properties": {
        "p1": 40823000329,
        "p59a": "2.0",
        "p59b": "3.0",
        "p59c": "2.0",
        "p59d": "63",
        "p59e": "10.0",
        "p59f": "1.0",
        "p59g": "4.0",
        "x": 0,
        "y": 0
      },
      "geometry": { "type": "Point", "coordinates": [0.0, 0.0] }
    },
    {
      "type": "Feature",
      "properties": {
        "p1": 40823000341,
        "p59a": "1.0",
        "p59b": "3.0",
        "p59c": "2.0",
        "p59d": "37",
        "p59e": "10.0",
        "p59f": "1.0",
        "p59g": "4.0",
        "x": 0,
        "y": 0
      },
      "geometry": { "type": "Point", "coordinates": [0.0, 0.0] }
    },
    {
      "type": "Feature",
      "properties": {
        "p1": 40823000341,
        "p59a": "4.0",
        "p59b": "4.0",
        "p59c": "2.0",
        "p59d": "67",
        "p59e": "10.0",
        "p59f": "5.0",
        "p59g": "3.0",
        "x": 0,
        "y": 0
      },
      "geometry": { "type": "Point", "coordinates": [0.0, 0.0] }
    },
    {
      "type": "Feature",
      "properties": {
        "p1": 40823000342,
        "p59a": "1.0",
        "p59b": "3.0",
        "p59c": "2.0",
        "p59d": "46",
        "p59e": "10.0",
        "p59f": "5.0",
        "p59g": "3.0",
        "x": 0,
        "y": 0
      },
      "geometry": { "type": "Point", "coordinates": [0.0, 0.0] }
    },
    {
      "type": "Feature",
      "properties": {
        "p1": 40823000342,
        "p59a": "1.0",
        "p59b": "3.0",
        "p59c": "1.0",
        "p59d": "32",
        "p59e": "10.0",
        "p59f": "1.0",
        "p59g": "4.0",
        "x": 0,
        "y": 0
      },
      "geometry": { "type": "Point", "coordinates": [0.0, 0.0] }
    },
    {
      "type": "Feature",
      "properties": {
        "p1": 40823000342,
        "p59a": "2.0",
        "p59b": "3.0",
        "p59c": "4.0",
        "p59d": "05",
        "p59e": "10.0",
        "p59f": "1.0",
        "p59g": "4.0",
        "x": 0,
        "y": 0
      },
      "geometry": { "type": "Point", "coordinates": [0.0, 0.0] }
    },
    {
      "type": "Feature",
      "properties": {
        "p1": 40823000342,
        "p59a": "2.0",
        "p59b": "3.0",
        "p59c": "2.0",
        "p59d": "22",
        "p59e": "10.0",
        "p59f": "2.0",
        "p59g": "3.0",
        "x": 0,
        "y": 0
      },
      "geometry": { "type": "Point", "coordinates": [0.0, 0.0] }
    },
    {
      "type": "Feature",
      "properties": {
        "p1": 40823000361,
        "p59a": "1.0",
        "p59b": "3.0",
        "p59c": "1.0",
        "p59d": "18",
        "p59e": "10.0",
        "p59f": "1.0",
        "p59g": "4.0",
        "x": 0,
        "y": 0
      },
      "geometry": { "type": "Point", "coordinates": [0.0, 0.0] }
    },
    {
      "type": "Feature",
      "properties": {
        "p1": 40823000361,
        "p59a": "2.0",
        "p59b": "3.0",
        "p59c": "2.0",
        "p59d": "21",
        "p59e": "10.0",
        "p59f": "1.0",
        "p59g": "4.0",
        "x": 0,
        "y": 0
      },
      "geometry": { "type": "Point", "coordinates": [0.0, 0.0] }
    },
    {
      "type": "Feature",
      "properties": {
        "p1": 40823000370,
        "p59a": "1.0",
        "p59b": "2.0",
        "p59c": "2.0",
        "p59d": "54",
        "p59e": "10.0",
        "p59f": "5.0",
        "p59g": "3.0",
        "x": 0,
        "y": 0
      },
      "geometry": { "type": "Point", "coordinates": [0.0, 0.0] }
    },
    {
      "type": "Feature",
      "properties": {
        "p1": 40823000370,
        "p59a": "1.0",
        "p59b": "3.0",
        "p59c": "1.0",
        "p59d": "34",
        "p59e": "10.0",
        "p59f": "1.0",
        "p59g": "4.0",
        "x": 0,
        "y": 0
      },
      "geometry": { "type": "Point", "coordinates": [0.0, 0.0] }
    },
    {
      "type": "Feature",
      "properties": {
        "p1": 40823000370,
        "p59a": "2.0",
        "p59b": "3.0",
        "p59c": "2.0",
        "p59d": "41",
        "p59e": "10.0",
        "p59f": "1.0",
        "p59g": "4.0",
        "x": 0,
        "y": 0
      },
      "geometry": { "type": "Point", "coordinates": [0.0, 0.0] }
    },
    {
      "type": "Feature",
      "properties": {
        "p1": 40823000375,
        "p59a": "1.0",
        "p59b": "3.0",
        "p59c": "1.0",
        "p59d": "45",
        "p59e": "10.0",
        "p59f": "1.0",
        "p59g": "4.0",
        "x": 0,
        "y": 0
      },
      "geometry": { "type": "Point", "coordinates": [0.0, 0.0] }
    },
    {
      "type": "Feature",
      "properties": {
        "p1": 40823000375,
        "p59a": "2.0",
        "p59b": "3.0",
        "p59c": "2.0",
        "p59d": "48",
        "p59e": "10.0",
        "p59f": "1.0",
        "p59g": "4.0",
        "x": 0,
        "y": 0
      },
      "geometry": { "type": "Point", "coordinates": [0.0, 0.0] }
    },
    {
      "type": "Feature",
      "properties": {
        "p1": 40823000377,
        "p59a": "1.0",
        "p59b": "3.0",
        "p59c": "1.0",
        "p59d": "48",
        "p59e": "104.0",
        "p59f": "1.0",
        "p59g": "4.0",
        "x": 0,
        "y": 0
      },
      "geometry": { "type": "Point", "coordinates": [0.0, 0.0] }
    },
    {
      "type": "Feature",
      "properties": {
        "p1": 40823000377,
        "p59a": "1.0",
        "p59b": "3.0",
        "p59c": "2.0",
        "p59d": "41",
        "p59e": "10.0",
        "p59f": "1.0",
        "p59g": "4.0",
        "x": 0,
        "y": 0
      },
      "geometry": { "type": "Point", "coordinates": [0.0, 0.0] }
    },
    {
      "type": "Feature",
      "properties": {
        "p1": 40823000380,
        "p59a": "1.0",
        "p59b": "3.0",
        "p59c": "1.0",
        "p59d": "23",
        "p59e": "10.0",
        "p59f": "1.0",
        "p59g": "4.0",
        "x": 0,
        "y": 0
      },
      "geometry": { "type": "Point", "coordinates": [0.0, 0.0] }
    },
    {
      "type": "Feature",
      "properties": {
        "p1": 40823000380,
        "p59a": "2.0",
        "p59b": "3.0",
        "p59c": "1.0",
        "p59d": "25",
        "p59e": "10.0",
        "p59f": "1.0",
        "p59g": "4.0",
        "x": 0,
        "y": 0
      },
      "geometry": { "type": "Point", "coordinates": [0.0, 0.0] }
    },
    {
      "type": "Feature",
      "properties": {
        "p1": 40823000380,
        "p59a": "1.0",
        "p59b": "3.0",
        "p59c": "1.0",
        "p59d": "19",
        "p59e": "10.0",
        "p59f": "1.0",
        "p59g": "4.0",
        "x": 0,
        "y": 0
      },
      "geometry": { "type": "Point", "coordinates": [0.0, 0.0] }
    },
    {
      "type": "Feature",
      "properties": {
        "p1": 40823000380,
        "p59a": "1.0",
        "p59b": "3.0",
        "p59c": "2.0",
        "p59d": "47",
        "p59e": "10.0",
        "p59f": "1.0",
        "p59g": "4.0",
        "x": 0,
        "y": 0
      },
      "geometry": { "type": "Point", "coordinates": [0.0, 0.0] }
    },
    {
      "type": "Feature",
      "properties": {
        "p1": 40823000385,
        "p59a": "1.0",
        "p59b": "4.0",
        "p59c": "1.0",
        "p59d": "43",
        "p59e": "10.0",
        "p59f": "1.0",
        "p59g": "4.0",
        "x": 0,
        "y": 0
      },
      "geometry": { "type": "Point", "coordinates": [0.0, 0.0] }
    },
    {
      "type": "Feature",
      "properties": {
        "p1": 40823000385,
        "p59a": "1.0",
        "p59b": "1.0",
        "p59c": "1.0",
        "p59d": "30",
        "p59e": "92.0",
        "p59f": "5.0",
        "p59g": "3.0",
        "x": 0,
        "y": 0
      },
      "geometry": { "type": "Point", "coordinates": [0.0, 0.0] }
    },
    {
      "type": "Feature",
      "properties": {
        "p1": 40823000392,
        "p59a": "1.0",
        "p59b": "3.0",
        "p59c": "2.0",
        "p59d": "34",
        "p59e": "10.0",
        "p59f": "1.0",
        "p59g": "4.0",
        "x": 0,
        "y": 0
      },
      "geometry": { "type": "Point", "coordinates": [0.0, 0.0] }
    },
    {
      "type": "Feature",
      "properties": {
        "p1": 40823000392,
        "p59a": "3.0",
        "p59b": "3.0",
        "p59c": "3.0",
        "p59d": "14",
        "p59e": "10.0",
        "p59f": "1.0",
        "p59g": "4.0",
        "x": 0,
        "y": 0
      },
      "geometry": { "type": "Point", "coordinates": [0.0, 0.0] }
    },
    {
      "type": "Feature",
      "properties": {
        "p1": 40823000392,
        "p59a": "2.0",
        "p59b": "3.0",
        "p59c": "1.0",
        "p59d": "16",
        "p59e": "10.0",
        "p59f": "1.0",
        "p59g": "4.0",
        "x": 0,
        "y": 0
      },
      "geometry": { "type": "Point", "coordinates": [0.0, 0.0] }
    },
    {
      "type": "Feature",
      "properties": {
        "p1": 40823000392,
        "p59a": "3.0",
        "p59b": "3.0",
        "p59c": "2.0",
        "p59d": "21",
        "p59e": "10.0",
        "p59f": "1.0",
        "p59g": "4.0",
        "x": 0,
        "y": 0
      },
      "geometry": { "type": "Point", "coordinates": [0.0, 0.0] }
    },
    {
      "type": "Feature",
      "properties": {
        "p1": 40823000392,
        "p59a": "3.0",
        "p59b": "3.0",
        "p59c": "1.0",
        "p59d": "24",
        "p59e": "10.0",
        "p59f": "1.0",
        "p59g": "4.0",
        "x": 0,
        "y": 0
      },
      "geometry": { "type": "Point", "coordinates": [0.0, 0.0] }
    },
    {
      "type": "Feature",
      "properties": {
        "p1": 40823000392,
        "p59a": "1.0",
        "p59b": "3.0",
        "p59c": "1.0",
        "p59d": "30",
        "p59e": "10.0",
        "p59f": "1.0",
        "p59g": "4.0",
        "x": 0,
        "y": 0
      },
      "geometry": { "type": "Point", "coordinates": [0.0, 0.0] }
    },
    {
      "type": "Feature",
      "properties": {
        "p1": 40823000392,
        "p59a": "1.0",
        "p59b": "3.0",
        "p59c": "1.0",
        "p59d": "49",
        "p59e": "10.0",
        "p59f": "1.0",
        "p59g": "4.0",
        "x": 0,
        "y": 0
      },
      "geometry": { "type": "Point", "coordinates": [0.0, 0.0] }
    },
    {
      "type": "Feature",
      "properties": {
        "p1": 40823000392,
        "p59a": "2.0",
        "p59b": "3.0",
        "p59c": "2.0",
        "p59d": "44",
        "p59e": "10.0",
        "p59f": "1.0",
        "p59g": "4.0",
        "x": 0,
        "y": 0
      },
      "geometry": { "type": "Point", "coordinates": [0.0, 0.0] }
    },
    {
      "type": "Feature",
      "properties": {
        "p1": 40823000394,
        "p59a": "1.0",
        "p59b": "1.0",
        "p59c": "1.0",
        "p59d": "74",
        "p59e": "10.0",
        "p59f": "2.0",
        "p59g": "3.0",
        "x": 0,
        "y": 0
      },
      "geometry": { "type": "Point", "coordinates": [0.0, 0.0] }
    },
    {
      "type": "Feature",
      "properties": {
        "p1": 40823000394,
        "p59a": "1.0",
        "p59b": "3.0",
        "p59c": "1.0",
        "p59d": "21",
        "p59e": "10.0",
        "p59f": "1.0",
        "p59g": "4.0",
        "x": 0,
        "y": 0
      },
      "geometry": { "type": "Point", "coordinates": [0.0, 0.0] }
    },
    {
      "type": "Feature",
      "properties": {
        "p1": 40823000401,
        "p59a": "1.0",
        "p59b": "3.0",
        "p59c": "1.0",
        "p59d": "45",
        "p59e": "10.0",
        "p59f": "1.0",
        "p59g": "4.0",
        "x": 0,
        "y": 0
      },
      "geometry": { "type": "Point", "coordinates": [0.0, 0.0] }
    },
    {
      "type": "Feature",
      "properties": {
        "p1": 40823000401,
        "p59a": "2.0",
        "p59b": "3.0",
        "p59c": "2.0",
        "p59d": "43",
        "p59e": "10.0",
        "p59f": "1.0",
        "p59g": "4.0",
        "x": 0,
        "y": 0
      },
      "geometry": { "type": "Point", "coordinates": [0.0, 0.0] }
    },
    {
      "type": "Feature",
      "properties": {
        "p1": 40823000405,
        "p59a": "1.0",
        "p59b": "3.0",
        "p59c": "2.0",
        "p59d": "34",
        "p59e": "10.0",
        "p59f": "1.0",
        "p59g": "4.0",
        "x": 0,
        "y": 0
      },
      "geometry": { "type": "Point", "coordinates": [0.0, 0.0] }
    },
    {
      "type": "Feature",
      "properties": {
        "p1": 40823000405,
        "p59a": "2.0",
        "p59b": "3.0",
        "p59c": "1.0",
        "p59d": "40",
        "p59e": "10.0",
        "p59f": "1.0",
        "p59g": "4.0",
        "x": 0,
        "y": 0
      },
      "geometry": { "type": "Point", "coordinates": [0.0, 0.0] }
    },
    {
      "type": "Feature",
      "properties": {
        "p1": 40823000410,
        "p59a": "1.0",
        "p59b": "3.0",
        "p59c": "1.0",
        "p59d": "35",
        "p59e": "10.0",
        "p59f": "1.0",
        "p59g": "4.0",
        "x": 0,
        "y": 0
      },
      "geometry": { "type": "Point", "coordinates": [0.0, 0.0] }
    },
    {
      "type": "Feature",
      "properties": {
        "p1": 40823000410,
        "p59a": "1.0",
        "p59b": "3.0",
        "p59c": "2.0",
        "p59d": "52",
        "p59e": "10.0",
        "p59f": "1.0",
        "p59g": "4.0",
        "x": 0,
        "y": 0
      },
      "geometry": { "type": "Point", "coordinates": [0.0, 0.0] }
    },
    {
      "type": "Feature",
      "properties": {
        "p1": 40823000414,
        "p59a": "1.0",
        "p59b": "3.0",
        "p59c": "1.0",
        "p59d": "50",
        "p59e": "10.0",
        "p59f": "1.0",
        "p59g": "4.0",
        "x": 0,
        "y": 0
      },
      "geometry": { "type": "Point", "coordinates": [0.0, 0.0] }
    },
    {
      "type": "Feature",
      "properties": {
        "p1": 40823000414,
        "p59a": "1.0",
        "p59b": "2.0",
        "p59c": "1.0",
        "p59d": "74",
        "p59e": "10.0",
        "p59f": "1.0",
        "p59g": "4.0",
        "x": 0,
        "y": 0
      },
      "geometry": { "type": "Point", "coordinates": [0.0, 0.0] }
    },
    {
      "type": "Feature",
      "properties": {
        "p1": 40823000415,
        "p59a": "1.0",
        "p59b": "3.0",
        "p59c": "1.0",
        "p59d": "41",
        "p59e": "10.0",
        "p59f": "1.0",
        "p59g": "4.0",
        "x": 0,
        "y": 0
      },
      "geometry": { "type": "Point", "coordinates": [0.0, 0.0] }
    },
    {
      "type": "Feature",
      "properties": {
        "p1": 40823000415,
        "p59a": "2.0",
        "p59b": "3.0",
        "p59c": "1.0",
        "p59d": "21",
        "p59e": "606.0",
        "p59f": "1.0",
        "p59g": "4.0",
        "x": 0,
        "y": 0
      },
      "geometry": { "type": "Point", "coordinates": [0.0, 0.0] }
    },
    {
      "type": "Feature",
      "properties": {
        "p1": 40823000421,
        "p59a": null,
        "p59b": null,
        "p59c": null,
        "p59d": null,
        "p59e": null,
        "p59f": null,
        "p59g": null,
        "x": 0,
        "y": 0
      },
      "geometry": { "type": "Point", "coordinates": [0.0, 0.0] }
    },
    {
      "type": "Feature",
      "properties": {
        "p1": 40823000421,
        "p59a": "1.0",
        "p59b": "3.0",
        "p59c": "1.0",
        "p59d": "44",
        "p59e": "10.0",
        "p59f": "1.0",
        "p59g": "4.0",
        "x": 0,
        "y": 0
      },
      "geometry": { "type": "Point", "coordinates": [0.0, 0.0] }
    },
    {
      "type": "Feature",
      "properties": {
        "p1": 40823000430,
        "p59a": "1.0",
        "p59b": "3.0",
        "p59c": "1.0",
        "p59d": "41",
        "p59e": "10.0",
        "p59f": "5.0",
        "p59g": "3.0",
        "x": 0,
        "y": 0
      },
      "geometry": { "type": "Point", "coordinates": [0.0, 0.0] }
    },
    {
      "type": "Feature",
      "properties": {
        "p1": 40823000430,
        "p59a": "1.0",
        "p59b": "7.0",
        "p59c": "1.0",
        "p59d": "28",
        "p59e": "97.0",
        "p59f": "5.0",
        "p59g": "3.0",
        "x": 0,
        "y": 0
      },
      "geometry": { "type": "Point", "coordinates": [0.0, 0.0] }
    },
    {
      "type": "Feature",
      "properties": {
        "p1": 40823000430,
        "p59a": "1.0",
        "p59b": "3.0",
        "p59c": "1.0",
        "p59d": "37",
        "p59e": "10.0",
        "p59f": "1.0",
        "p59g": "4.0",
        "x": 0,
        "y": 0
      },
      "geometry": { "type": "Point", "coordinates": [0.0, 0.0] }
    },
    {
      "type": "Feature",
      "properties": {
        "p1": 40823000433,
        "p59a": "1.0",
        "p59b": "3.0",
        "p59c": "1.0",
        "p59d": "44",
        "p59e": "846.0",
        "p59f": "5.0",
        "p59g": "3.0",
        "x": 0,
        "y": 0
      },
      "geometry": { "type": "Point", "coordinates": [0.0, 0.0] }
    },
    {
      "type": "Feature",
      "properties": {
        "p1": 40823000433,
        "p59a": "1.0",
        "p59b": "3.0",
        "p59c": "1.0",
        "p59d": "45",
        "p59e": "10.0",
        "p59f": "1.0",
        "p59g": "4.0",
        "x": 0,
        "y": 0
      },
      "geometry": { "type": "Point", "coordinates": [0.0, 0.0] }
    },
    {
      "type": "Feature",
      "properties": {
        "p1": 40823000440,
        "p59a": "1.0",
        "p59b": "7.0",
        "p59c": "1.0",
        "p59d": "21",
        "p59e": "104.0",
        "p59f": "1.0",
        "p59g": "4.0",
        "x": 0,
        "y": 0
      },
      "geometry": { "type": "Point", "coordinates": [0.0, 0.0] }
    },
    {
      "type": "Feature",
      "properties": {
        "p1": 40823000440,
        "p59a": "2.0",
        "p59b": "7.0",
        "p59c": "1.0",
        "p59d": "19",
        "p59e": "104.0",
        "p59f": "1.0",
        "p59g": "4.0",
        "x": 0,
        "y": 0
      },
      "geometry": { "type": "Point", "coordinates": [0.0, 0.0] }
    },
    {
      "type": "Feature",
      "properties": {
        "p1": 40823000440,
        "p59a": "1.0",
        "p59b": "3.0",
        "p59c": "1.0",
        "p59d": "54",
        "p59e": "10.0",
        "p59f": "5.0",
        "p59g": "3.0",
        "x": 0,
        "y": 0
      },
      "geometry": { "type": "Point", "coordinates": [0.0, 0.0] }
    },
    {
      "type": "Feature",
      "properties": {
        "p1": 40823000440,
        "p59a": "2.0",
        "p59b": "3.0",
        "p59c": "2.0",
        "p59d": "74",
        "p59e": "10.0",
        "p59f": "5.0",
        "p59g": "3.0",
        "x": 0,
        "y": 0
      },
      "geometry": { "type": "Point", "coordinates": [0.0, 0.0] }
    },
    {
      "type": "Feature",
      "properties": {
        "p1": 40823000440,
        "p59a": "3.0",
        "p59b": "3.0",
        "p59c": "2.0",
        "p59d": "49",
        "p59e": "10.0",
        "p59f": "5.0",
        "p59g": "3.0",
        "x": 0,
        "y": 0
      },
      "geometry": { "type": "Point", "coordinates": [0.0, 0.0] }
    },
    {
      "type": "Feature",
      "properties": {
        "p1": 40823000440,
        "p59a": "3.0",
        "p59b": "5.0",
        "p59c": "4.0",
        "p59d": "02",
        "p59e": "10.0",
        "p59f": "5.0",
        "p59g": "3.0",
        "x": 0,
        "y": 0
      },
      "geometry": { "type": "Point", "coordinates": [0.0, 0.0] }
    },
    {
      "type": "Feature",
      "properties": {
        "p1": 40823000440,
        "p59a": "1.0",
        "p59b": "3.0",
        "p59c": "1.0",
        "p59d": "40",
        "p59e": "10.0",
        "p59f": "5.0",
        "p59g": "3.0",
        "x": 0,
        "y": 0
      },
      "geometry": { "type": "Point", "coordinates": [0.0, 0.0] }
    },
    {
      "type": "Feature",
      "properties": {
        "p1": 40823000444,
        "p59a": "1.0",
        "p59b": "3.0",
        "p59c": "2.0",
        "p59d": "72",
        "p59e": "10.0",
        "p59f": "1.0",
        "p59g": "4.0",
        "x": 0,
        "y": 0
      },
      "geometry": { "type": "Point", "coordinates": [0.0, 0.0] }
    },
    {
      "type": "Feature",
      "properties": {
        "p1": 40823000444,
        "p59a": "1.0",
        "p59b": "3.0",
        "p59c": "1.0",
        "p59d": "57",
        "p59e": "10.0",
        "p59f": "1.0",
        "p59g": "4.0",
        "x": 0,
        "y": 0
      },
      "geometry": { "type": "Point", "coordinates": [0.0, 0.0] }
    },
    {
      "type": "Feature",
      "properties": {
        "p1": 40823000444,
        "p59a": "2.0",
        "p59b": "3.0",
        "p59c": "2.0",
        "p59d": "41",
        "p59e": "10.0",
        "p59f": "1.0",
        "p59g": "4.0",
        "x": 0,
        "y": 0
      },
      "geometry": { "type": "Point", "coordinates": [0.0, 0.0] }
    },
    {
      "type": "Feature",
      "properties": {
        "p1": 40823000458,
        "p59a": "2.0",
        "p59b": "3.0",
        "p59c": "1.0",
        "p59d": "24",
        "p59e": "10.0",
        "p59f": "1.0",
        "p59g": "4.0",
        "x": 0,
        "y": 0
      },
      "geometry": { "type": "Point", "coordinates": [0.0, 0.0] }
    },
    {
      "type": "Feature",
      "properties": {
        "p1": 40823000458,
        "p59a": "1.0",
        "p59b": "3.0",
        "p59c": "2.0",
        "p59d": "25",
        "p59e": "10.0",
        "p59f": "1.0",
        "p59g": "4.0",
        "x": 0,
        "y": 0
      },
      "geometry": { "type": "Point", "coordinates": [0.0, 0.0] }
    },
    {
      "type": "Feature",
      "properties": {
        "p1": 40823000459,
        "p59a": "1.0",
        "p59b": "3.0",
        "p59c": "1.0",
        "p59d": "31",
        "p59e": "10.0",
        "p59f": "1.0",
        "p59g": "4.0",
        "x": 0,
        "y": 0
      },
      "geometry": { "type": "Point", "coordinates": [0.0, 0.0] }
    },
    {
      "type": "Feature",
      "properties": {
        "p1": 40823000459,
        "p59a": "2.0",
        "p59b": "3.0",
        "p59c": "1.0",
        "p59d": "33",
        "p59e": "10.0",
        "p59f": "1.0",
        "p59g": "4.0",
        "x": 0,
        "y": 0
      },
      "geometry": { "type": "Point", "coordinates": [0.0, 0.0] }
    },
    {
      "type": "Feature",
      "properties": {
        "p1": 40823000464,
        "p59a": "1.0",
        "p59b": "7.0",
        "p59c": "2.0",
        "p59d": "42",
        "p59e": "10.0",
        "p59f": "1.0",
        "p59g": "4.0",
        "x": 0,
        "y": 0
      },
      "geometry": { "type": "Point", "coordinates": [0.0, 0.0] }
    },
    {
      "type": "Feature",
      "properties": {
        "p1": 40823000464,
        "p59a": "1.0",
        "p59b": "7.0",
        "p59c": "1.0",
        "p59d": "51",
        "p59e": "10.0",
        "p59f": "5.0",
        "p59g": "3.0",
        "x": 0,
        "y": 0
      },
      "geometry": { "type": "Point", "coordinates": [0.0, 0.0] }
    },
    {
      "type": "Feature",
      "properties": {
        "p1": 40823000465,
        "p59a": "1.0",
        "p59b": "7.0",
        "p59c": "2.0",
        "p59d": "26",
        "p59e": "10.0",
        "p59f": "1.0",
        "p59g": "4.0",
        "x": 0,
        "y": 0
      },
      "geometry": { "type": "Point", "coordinates": [0.0, 0.0] }
    },
    {
      "type": "Feature",
      "properties": {
        "p1": 40823000465,
        "p59a": "1.0",
        "p59b": "3.0",
        "p59c": "2.0",
        "p59d": "38",
        "p59e": "10.0",
        "p59f": "1.0",
        "p59g": "4.0",
        "x": 0,
        "y": 0
      },
      "geometry": { "type": "Point", "coordinates": [0.0, 0.0] }
    },
    {
      "type": "Feature",
      "properties": {
        "p1": 40823000465,
        "p59a": "3.0",
        "p59b": "4.0",
        "p59c": "2.0",
        "p59d": "16",
        "p59e": "10.0",
        "p59f": "5.0",
        "p59g": "3.0",
        "x": 0,
        "y": 0
      },
      "geometry": { "type": "Point", "coordinates": [0.0, 0.0] }
    },
    {
      "type": "Feature",
      "properties": {
        "p1": 40823000465,
        "p59a": "2.0",
        "p59b": "3.0",
        "p59c": "2.0",
        "p59d": "36",
        "p59e": "10.0",
        "p59f": "1.0",
        "p59g": "4.0",
        "x": 0,
        "y": 0
      },
      "geometry": { "type": "Point", "coordinates": [0.0, 0.0] }
    },
    {
      "type": "Feature",
      "properties": {
        "p1": 40823000469,
        "p59a": "1.0",
        "p59b": "3.0",
        "p59c": "1.0",
        "p59d": "19",
        "p59e": "10.0",
        "p59f": "5.0",
        "p59g": "3.0",
        "x": 0,
        "y": 0
      },
      "geometry": { "type": "Point", "coordinates": [0.0, 0.0] }
    },
    {
      "type": "Feature",
      "properties": {
        "p1": 40823000469,
        "p59a": "1.0",
        "p59b": "7.0",
        "p59c": "1.0",
        "p59d": "76",
        "p59e": "10.0",
        "p59f": "5.0",
        "p59g": "3.0",
        "x": 0,
        "y": 0
      },
      "geometry": { "type": "Point", "coordinates": [0.0, 0.0] }
    },
    {
      "type": "Feature",
      "properties": {
        "p1": 40823000470,
        "p59a": "1.0",
        "p59b": "3.0",
        "p59c": "1.0",
        "p59d": "49",
        "p59e": "10.0",
        "p59f": "1.0",
        "p59g": "4.0",
        "x": 0,
        "y": 0
      },
      "geometry": { "type": "Point", "coordinates": [0.0, 0.0] }
    },
    {
      "type": "Feature",
      "properties": {
        "p1": 40823000470,
        "p59a": "1.0",
        "p59b": "3.0",
        "p59c": "1.0",
        "p59d": "55",
        "p59e": "10.0",
        "p59f": "1.0",
        "p59g": "4.0",
        "x": 0,
        "y": 0
      },
      "geometry": { "type": "Point", "coordinates": [0.0, 0.0] }
    },
    {
      "type": "Feature",
      "properties": {
        "p1": 40823000470,
        "p59a": "2.0",
        "p59b": "3.0",
        "p59c": "2.0",
        "p59d": "59",
        "p59e": "10.0",
        "p59f": "1.0",
        "p59g": "4.0",
        "x": 0,
        "y": 0
      },
      "geometry": { "type": "Point", "coordinates": [0.0, 0.0] }
    },
    {
      "type": "Feature",
      "properties": {
        "p1": 40823000475,
        "p59a": "1.0",
        "p59b": "3.0",
        "p59c": "1.0",
        "p59d": "35",
        "p59e": "104.0",
        "p59f": "1.0",
        "p59g": "4.0",
        "x": 0,
        "y": 0
      },
      "geometry": { "type": "Point", "coordinates": [0.0, 0.0] }
    },
    {
      "type": "Feature",
      "properties": {
        "p1": 40823000475,
        "p59a": "3.0",
        "p59b": "5.0",
        "p59c": "4.0",
        "p59d": "06",
        "p59e": "104.0",
        "p59f": "1.0",
        "p59g": "4.0",
        "x": 0,
        "y": 0
      },
      "geometry": { "type": "Point", "coordinates": [0.0, 0.0] }
    },
    {
      "type": "Feature",
      "properties": {
        "p1": 40823000475,
        "p59a": "2.0",
        "p59b": "3.0",
        "p59c": "2.0",
        "p59d": "39",
        "p59e": "104.0",
        "p59f": "1.0",
        "p59g": "4.0",
        "x": 0,
        "y": 0
      },
      "geometry": { "type": "Point", "coordinates": [0.0, 0.0] }
    },
    {
      "type": "Feature",
      "properties": {
        "p1": 40823000475,
        "p59a": "1.0",
        "p59b": "3.0",
        "p59c": "2.0",
        "p59d": "67",
        "p59e": "10.0",
        "p59f": "1.0",
        "p59g": "4.0",
        "x": 0,
        "y": 0
      },
      "geometry": { "type": "Point", "coordinates": [0.0, 0.0] }
    },
    {
      "type": "Feature",
      "properties": {
        "p1": 40823000475,
        "p59a": "2.0",
        "p59b": "3.0",
        "p59c": "1.0",
        "p59d": "66",
        "p59e": "10.0",
        "p59f": "1.0",
        "p59g": "4.0",
        "x": 0,
        "y": 0
      },
      "geometry": { "type": "Point", "coordinates": [0.0, 0.0] }
    },
    {
      "type": "Feature",
      "properties": {
        "p1": 40823000475,
        "p59a": "3.0",
        "p59b": "3.0",
        "p59c": "1.0",
        "p59d": "61",
        "p59e": "10.0",
        "p59f": "1.0",
        "p59g": "4.0",
        "x": 0,
        "y": 0
      },
      "geometry": { "type": "Point", "coordinates": [0.0, 0.0] }
    },
    {
      "type": "Feature",
      "properties": {
        "p1": 40823000477,
        "p59a": "2.0",
        "p59b": "7.0",
        "p59c": "2.0",
        "p59d": "51",
        "p59e": "402.0",
        "p59f": "1.0",
        "p59g": "4.0",
        "x": 0,
        "y": 0
      },
      "geometry": { "type": "Point", "coordinates": [0.0, 0.0] }
    },
    {
      "type": "Feature",
      "properties": {
        "p1": 40823000477,
        "p59a": "1.0",
        "p59b": "7.0",
        "p59c": "1.0",
        "p59d": "59",
        "p59e": "402.0",
        "p59f": "1.0",
        "p59g": "4.0",
        "x": 0,
        "y": 0
      },
      "geometry": { "type": "Point", "coordinates": [0.0, 0.0] }
    },
    {
      "type": "Feature",
      "properties": {
        "p1": 40823000477,
        "p59a": "1.0",
        "p59b": "1.0",
        "p59c": "1.0",
        "p59d": "26",
        "p59e": "10.0",
        "p59f": "4.0",
        "p59g": "3.0",
        "x": 0,
        "y": 0
      },
      "geometry": { "type": "Point", "coordinates": [0.0, 0.0] }
    },
    {
      "type": "Feature",
      "properties": {
        "p1": 40823000480,
        "p59a": "1.0",
        "p59b": "3.0",
        "p59c": "1.0",
        "p59d": "31",
        "p59e": "10.0",
        "p59f": "1.0",
        "p59g": "4.0",
        "x": 0,
        "y": 0
      },
      "geometry": { "type": "Point", "coordinates": [0.0, 0.0] }
    },
    {
      "type": "Feature",
      "properties": {
        "p1": 40823000480,
        "p59a": "1.0",
        "p59b": "3.0",
        "p59c": "2.0",
        "p59d": "29",
        "p59e": "10.0",
        "p59f": "1.0",
        "p59g": "4.0",
        "x": 0,
        "y": 0
      },
      "geometry": { "type": "Point", "coordinates": [0.0, 0.0] }
    },
    {
      "type": "Feature",
      "properties": {
        "p1": 40823000480,
        "p59a": "3.0",
        "p59b": "5.0",
        "p59c": "3.0",
        "p59d": "00",
        "p59e": "10.0",
        "p59f": "5.0",
        "p59g": "4.0",
        "x": 0,
        "y": 0
      },
      "geometry": { "type": "Point", "coordinates": [0.0, 0.0] }
    },
    {
      "type": "Feature",
      "properties": {
        "p1": 40823000480,
        "p59a": "2.0",
        "p59b": "3.0",
        "p59c": "1.0",
        "p59d": "31",
        "p59e": "10.0",
        "p59f": "1.0",
        "p59g": "4.0",
        "x": 0,
        "y": 0
      },
      "geometry": { "type": "Point", "coordinates": [0.0, 0.0] }
    },
    {
      "type": "Feature",
      "properties": {
        "p1": 40823000481,
        "p59a": "1.0",
        "p59b": "2.0",
        "p59c": "2.0",
        "p59d": "32",
        "p59e": "10.0",
        "p59f": "1.0",
        "p59g": "4.0",
        "x": 0,
        "y": 0
      },
      "geometry": { "type": "Point", "coordinates": [0.0, 0.0] }
    },
    {
      "type": "Feature",
      "properties": {
        "p1": 40823000481,
        "p59a": "1.0",
        "p59b": "3.0",
        "p59c": "1.0",
        "p59d": "57",
        "p59e": "10.0",
        "p59f": "1.0",
        "p59g": "4.0",
        "x": 0,
        "y": 0
      },
      "geometry": { "type": "Point", "coordinates": [0.0, 0.0] }
    },
    {
      "type": "Feature",
      "properties": {
        "p1": 40823000481,
        "p59a": "3.0",
        "p59b": "3.0",
        "p59c": "2.0",
        "p59d": "80",
        "p59e": "10.0",
        "p59f": "3.0",
        "p59g": "3.0",
        "x": 0,
        "y": 0
      },
      "geometry": { "type": "Point", "coordinates": [0.0, 0.0] }
    },
    {
      "type": "Feature",
      "properties": {
        "p1": 40823000481,
        "p59a": "3.0",
        "p59b": "3.0",
        "p59c": "2.0",
        "p59d": "65",
        "p59e": "10.0",
        "p59f": "5.0",
        "p59g": "3.0",
        "x": 0,
        "y": 0
      },
      "geometry": { "type": "Point", "coordinates": [0.0, 0.0] }
    },
    {
      "type": "Feature",
      "properties": {
        "p1": 40823000491,
        "p59a": "1.0",
        "p59b": "3.0",
        "p59c": "1.0",
        "p59d": "61",
        "p59e": "10.0",
        "p59f": "1.0",
        "p59g": "4.0",
        "x": 0,
        "y": 0
      },
      "geometry": { "type": "Point", "coordinates": [0.0, 0.0] }
    },
    {
      "type": "Feature",
      "properties": {
        "p1": 40823000491,
        "p59a": "1.0",
        "p59b": "3.0",
        "p59c": "2.0",
        "p59d": "42",
        "p59e": "10.0",
        "p59f": "5.0",
        "p59g": "3.0",
        "x": 0,
        "y": 0
      },
      "geometry": { "type": "Point", "coordinates": [0.0, 0.0] }
    },
    {
      "type": "Feature",
      "properties": {
        "p1": 40823000491,
        "p59a": "2.0",
        "p59b": "3.0",
        "p59c": "2.0",
        "p59d": "72",
        "p59e": "10.0",
        "p59f": "5.0",
        "p59g": "3.0",
        "x": 0,
        "y": 0
      },
      "geometry": { "type": "Point", "coordinates": [0.0, 0.0] }
    },
    {
      "type": "Feature",
      "properties": {
        "p1": 40823000495,
        "p59a": "1.0",
        "p59b": "7.0",
        "p59c": "1.0",
        "p59d": "49",
        "p59e": "10.0",
        "p59f": "1.0",
        "p59g": "4.0",
        "x": 0,
        "y": 0
      },
      "geometry": { "type": "Point", "coordinates": [0.0, 0.0] }
    },
    {
      "type": "Feature",
      "properties": {
        "p1": 40823000495,
        "p59a": "1.0",
        "p59b": "8.0",
        "p59c": "2.0",
        "p59d": "32",
        "p59e": "10.0",
        "p59f": "1.0",
        "p59g": "4.0",
        "x": 0,
        "y": 0
      },
      "geometry": { "type": "Point", "coordinates": [0.0, 0.0] }
    },
    {
      "type": "Feature",
      "properties": {
        "p1": 40823000495,
        "p59a": "2.0",
        "p59b": "7.0",
        "p59c": "1.0",
        "p59d": "51",
        "p59e": "50.0",
        "p59f": "1.0",
        "p59g": "4.0",
        "x": 0,
        "y": 0
      },
      "geometry": { "type": "Point", "coordinates": [0.0, 0.0] }
    },
    {
      "type": "Feature",
      "properties": {
        "p1": 40823000508,
        "p59a": "1.0",
        "p59b": "3.0",
        "p59c": "1.0",
        "p59d": "33",
        "p59e": "10.0",
        "p59f": "1.0",
        "p59g": "4.0",
        "x": 0,
        "y": 0
      },
      "geometry": { "type": "Point", "coordinates": [0.0, 0.0] }
    },
    {
      "type": "Feature",
      "properties": {
        "p1": 40823000508,
        "p59a": "2.0",
        "p59b": "3.0",
        "p59c": "1.0",
        "p59d": "47",
        "p59e": "10.0",
        "p59f": "1.0",
        "p59g": "4.0",
        "x": 0,
        "y": 0
      },
      "geometry": { "type": "Point", "coordinates": [0.0, 0.0] }
    },
    {
      "type": "Feature",
      "properties": {
        "p1": 40823000508,
        "p59a": "1.0",
        "p59b": "3.0",
        "p59c": "1.0",
        "p59d": "47",
        "p59e": "10.0",
        "p59f": "1.0",
        "p59g": "4.0",
        "x": 0,
        "y": 0
      },
      "geometry": { "type": "Point", "coordinates": [0.0, 0.0] }
    },
    {
      "type": "Feature",
      "properties": {
        "p1": 40823000510,
        "p59a": "1.0",
        "p59b": "3.0",
        "p59c": "1.0",
        "p59d": "75",
        "p59e": "10.0",
        "p59f": "1.0",
        "p59g": "4.0",
        "x": 0,
        "y": 0
      },
      "geometry": { "type": "Point", "coordinates": [0.0, 0.0] }
    },
    {
      "type": "Feature",
      "properties": {
        "p1": 40823000510,
        "p59a": "3.0",
        "p59b": "3.0",
        "p59c": "2.0",
        "p59d": "72",
        "p59e": "10.0",
        "p59f": "1.0",
        "p59g": "4.0",
        "x": 0,
        "y": 0
      },
      "geometry": { "type": "Point", "coordinates": [0.0, 0.0] }
    },
    {
      "type": "Feature",
      "properties": {
        "p1": 40823000510,
        "p59a": "3.0",
        "p59b": "3.0",
        "p59c": "1.0",
        "p59d": "65",
        "p59e": "10.0",
        "p59f": "1.0",
        "p59g": "4.0",
        "x": 0,
        "y": 0
      },
      "geometry": { "type": "Point", "coordinates": [0.0, 0.0] }
    },
    {
      "type": "Feature",
      "properties": {
        "p1": 40823000510,
        "p59a": "1.0",
        "p59b": "3.0",
        "p59c": "1.0",
        "p59d": "23",
        "p59e": "10.0",
        "p59f": "1.0",
        "p59g": "4.0",
        "x": 0,
        "y": 0
      },
      "geometry": { "type": "Point", "coordinates": [0.0, 0.0] }
    },
    {
      "type": "Feature",
      "properties": {
        "p1": 40823000512,
        "p59a": null,
        "p59b": null,
        "p59c": null,
        "p59d": null,
        "p59e": null,
        "p59f": null,
        "p59g": null,
        "x": 0,
        "y": 0
      },
      "geometry": { "type": "Point", "coordinates": [0.0, 0.0] }
    },
    {
      "type": "Feature",
      "properties": {
        "p1": 40823000512,
        "p59a": "1.0",
        "p59b": "3.0",
        "p59c": "2.0",
        "p59d": "28",
        "p59e": "10.0",
        "p59f": "1.0",
        "p59g": "4.0",
        "x": 0,
        "y": 0
      },
      "geometry": { "type": "Point", "coordinates": [0.0, 0.0] }
    },
    {
      "type": "Feature",
      "properties": {
        "p1": 40823000515,
        "p59a": "1.0",
        "p59b": "3.0",
        "p59c": "2.0",
        "p59d": "36",
        "p59e": "10.0",
        "p59f": "1.0",
        "p59g": "4.0",
        "x": 0,
        "y": 0
      },
      "geometry": { "type": "Point", "coordinates": [0.0, 0.0] }
    },
    {
      "type": "Feature",
      "properties": {
        "p1": 40823000515,
        "p59a": "1.0",
        "p59b": "3.0",
        "p59c": "1.0",
        "p59d": "22",
        "p59e": "10.0",
        "p59f": "1.0",
        "p59g": "4.0",
        "x": 0,
        "y": 0
      },
      "geometry": { "type": "Point", "coordinates": [0.0, 0.0] }
    },
    {
      "type": "Feature",
      "properties": {
        "p1": 40823000521,
        "p59a": "1.0",
        "p59b": "3.0",
        "p59c": "1.0",
        "p59d": "19",
        "p59e": "10.0",
        "p59f": "1.0",
        "p59g": "4.0",
        "x": 0,
        "y": 0
      },
      "geometry": { "type": "Point", "coordinates": [0.0, 0.0] }
    },
    {
      "type": "Feature",
      "properties": {
        "p1": 40823000521,
        "p59a": "2.0",
        "p59b": "3.0",
        "p59c": "1.0",
        "p59d": "18",
        "p59e": "10.0",
        "p59f": "1.0",
        "p59g": "4.0",
        "x": 0,
        "y": 0
      },
      "geometry": { "type": "Point", "coordinates": [0.0, 0.0] }
    },
    {
      "type": "Feature",
      "properties": {
        "p1": 40823000524,
        "p59a": "1.0",
        "p59b": "3.0",
        "p59c": "1.0",
        "p59d": "50",
        "p59e": "10.0",
        "p59f": "1.0",
        "p59g": "4.0",
        "x": 0,
        "y": 0
      },
      "geometry": { "type": "Point", "coordinates": [0.0, 0.0] }
    },
    {
      "type": "Feature",
      "properties": {
        "p1": 40823000524,
        "p59a": "1.0",
        "p59b": "3.0",
        "p59c": "2.0",
        "p59d": "21",
        "p59e": "10.0",
        "p59f": "1.0",
        "p59g": "4.0",
        "x": 0,
        "y": 0
      },
      "geometry": { "type": "Point", "coordinates": [0.0, 0.0] }
    },
    {
      "type": "Feature",
      "properties": {
        "p1": 40823000529,
        "p59a": "1.0",
        "p59b": "3.0",
        "p59c": "1.0",
        "p59d": "19",
        "p59e": "10.0",
        "p59f": "1.0",
        "p59g": "4.0",
        "x": 0,
        "y": 0
      },
      "geometry": { "type": "Point", "coordinates": [0.0, 0.0] }
    },
    {
      "type": "Feature",
      "properties": {
        "p1": 40823000529,
        "p59a": "2.0",
        "p59b": "3.0",
        "p59c": "1.0",
        "p59d": "20",
        "p59e": "10.0",
        "p59f": "1.0",
        "p59g": "4.0",
        "x": 0,
        "y": 0
      },
      "geometry": { "type": "Point", "coordinates": [0.0, 0.0] }
    },
    {
      "type": "Feature",
      "properties": {
        "p1": 40823000529,
        "p59a": "1.0",
        "p59b": "3.0",
        "p59c": "1.0",
        "p59d": "61",
        "p59e": "10.0",
        "p59f": "1.0",
        "p59g": "4.0",
        "x": 0,
        "y": 0
      },
      "geometry": { "type": "Point", "coordinates": [0.0, 0.0] }
    },
    {
      "type": "Feature",
      "properties": {
        "p1": 40823000538,
        "p59a": "1.0",
        "p59b": "3.0",
        "p59c": "2.0",
        "p59d": "25",
        "p59e": "10.0",
        "p59f": "1.0",
        "p59g": "4.0",
        "x": 0,
        "y": 0
      },
      "geometry": { "type": "Point", "coordinates": [0.0, 0.0] }
    },
    {
      "type": "Feature",
      "properties": {
        "p1": 40823000538,
        "p59a": "1.0",
        "p59b": "3.0",
        "p59c": "2.0",
        "p59d": "55",
        "p59e": "10.0",
        "p59f": "1.0",
        "p59g": "4.0",
        "x": 0,
        "y": 0
      },
      "geometry": { "type": "Point", "coordinates": [0.0, 0.0] }
    },
    {
      "type": "Feature",
      "properties": {
        "p1": 40823000538,
        "p59a": "3.0",
        "p59b": "3.0",
        "p59c": "3.0",
        "p59d": "08",
        "p59e": "10.0",
        "p59f": "5.0",
        "p59g": "3.0",
        "x": 0,
        "y": 0
      },
      "geometry": { "type": "Point", "coordinates": [0.0, 0.0] }
    },
    {
      "type": "Feature",
      "properties": {
        "p1": 40823000538,
        "p59a": "3.0",
        "p59b": "3.0",
        "p59c": "2.0",
        "p59d": "40",
        "p59e": "10.0",
        "p59f": "1.0",
        "p59g": "4.0",
        "x": 0,
        "y": 0
      },
      "geometry": { "type": "Point", "coordinates": [0.0, 0.0] }
    },
    {
      "type": "Feature",
      "properties": {
        "p1": 40823000538,
        "p59a": "3.0",
        "p59b": "3.0",
        "p59c": "2.0",
        "p59d": "77",
        "p59e": "10.0",
        "p59f": "5.0",
        "p59g": "3.0",
        "x": 0,
        "y": 0
      },
      "geometry": { "type": "Point", "coordinates": [0.0, 0.0] }
    },
    {
      "type": "Feature",
      "properties": {
        "p1": 40823000538,
        "p59a": "2.0",
        "p59b": "3.0",
        "p59c": "1.0",
        "p59d": "79",
        "p59e": "10.0",
        "p59f": "5.0",
        "p59g": "3.0",
        "x": 0,
        "y": 0
      },
      "geometry": { "type": "Point", "coordinates": [0.0, 0.0] }
    },
    {
      "type": "Feature",
      "properties": {
        "p1": 40823000538,
        "p59a": "1.0",
        "p59b": "3.0",
        "p59c": "1.0",
        "p59d": "60",
        "p59e": "10.0",
        "p59f": "1.0",
        "p59g": "4.0",
        "x": 0,
        "y": 0
      },
      "geometry": { "type": "Point", "coordinates": [0.0, 0.0] }
    },
    {
      "type": "Feature",
      "properties": {
        "p1": 40823000538,
        "p59a": "2.0",
        "p59b": "3.0",
        "p59c": "2.0",
        "p59d": "32",
        "p59e": "10.0",
        "p59f": "1.0",
        "p59g": "4.0",
        "x": 0,
        "y": 0
      },
      "geometry": { "type": "Point", "coordinates": [0.0, 0.0] }
    },
    {
      "type": "Feature",
      "properties": {
        "p1": 40823000538,
        "p59a": "3.0",
        "p59b": "5.0",
        "p59c": "4.0",
        "p59d": "04",
        "p59e": "10.0",
        "p59f": "1.0",
        "p59g": "4.0",
        "x": 0,
        "y": 0
      },
      "geometry": { "type": "Point", "coordinates": [0.0, 0.0] }
    },
    {
      "type": "Feature",
      "properties": {
        "p1": 40823000538,
        "p59a": "3.0",
        "p59b": "3.0",
        "p59c": "3.0",
        "p59d": "07",
        "p59e": "10.0",
        "p59f": "1.0",
        "p59g": "4.0",
        "x": 0,
        "y": 0
      },
      "geometry": { "type": "Point", "coordinates": [0.0, 0.0] }
    },
    {
      "type": "Feature",
      "properties": {
        "p1": 40823000538,
        "p59a": "1.0",
        "p59b": "3.0",
        "p59c": "1.0",
        "p59d": "35",
        "p59e": "10.0",
        "p59f": "1.0",
        "p59g": "4.0",
        "x": 0,
        "y": 0
      },
      "geometry": { "type": "Point", "coordinates": [0.0, 0.0] }
    },
    {
      "type": "Feature",
      "properties": {
        "p1": 40823000538,
        "p59a": "3.0",
        "p59b": "3.0",
        "p59c": "3.0",
        "p59d": "11",
        "p59e": "10.0",
        "p59f": "1.0",
        "p59g": "4.0",
        "x": 0,
        "y": 0
      },
      "geometry": { "type": "Point", "coordinates": [0.0, 0.0] }
    },
    {
      "type": "Feature",
      "properties": {
        "p1": 40823000538,
        "p59a": "3.0",
        "p59b": "5.0",
        "p59c": "4.0",
        "p59d": "06",
        "p59e": "10.0",
        "p59f": "1.0",
        "p59g": "4.0",
        "x": 0,
        "y": 0
      },
      "geometry": { "type": "Point", "coordinates": [0.0, 0.0] }
    },
    {
      "type": "Feature",
      "properties": {
        "p1": 40823000542,
        "p59a": "1.0",
        "p59b": "7.0",
        "p59c": "1.0",
        "p59d": "25",
        "p59e": "10.0",
        "p59f": "5.0",
        "p59g": "3.0",
        "x": 0,
        "y": 0
      },
      "geometry": { "type": "Point", "coordinates": [0.0, 0.0] }
    },
    {
      "type": "Feature",
      "properties": {
        "p1": 40823000542,
        "p59a": "2.0",
        "p59b": "3.0",
        "p59c": "2.0",
        "p59d": "24",
        "p59e": "10.0",
        "p59f": "5.0",
        "p59g": "3.0",
        "x": 0,
        "y": 0
      },
      "geometry": { "type": "Point", "coordinates": [0.0, 0.0] }
    },
    {
      "type": "Feature",
      "properties": {
        "p1": 40823000542,
        "p59a": "1.0",
        "p59b": "7.0",
        "p59c": "1.0",
        "p59d": "50",
        "p59e": "10.0",
        "p59f": "1.0",
        "p59g": "4.0",
        "x": 0,
        "y": 0
      },
      "geometry": { "type": "Point", "coordinates": [0.0, 0.0] }
    },
    {
      "type": "Feature",
      "properties": {
        "p1": 40823000552,
        "p59a": "1.0",
        "p59b": "3.0",
        "p59c": "1.0",
        "p59d": "18",
        "p59e": "10.0",
        "p59f": "1.0",
        "p59g": "4.0",
        "x": 0,
        "y": 0
      },
      "geometry": { "type": "Point", "coordinates": [0.0, 0.0] }
    },
    {
      "type": "Feature",
      "properties": {
        "p1": 40823000552,
        "p59a": "3.0",
        "p59b": "3.0",
        "p59c": "2.0",
        "p59d": "17",
        "p59e": "10.0",
        "p59f": "1.0",
        "p59g": "4.0",
        "x": 0,
        "y": 0
      },
      "geometry": { "type": "Point", "coordinates": [0.0, 0.0] }
    },
    {
      "type": "Feature",
      "properties": {
        "p1": 40823000552,
        "p59a": "3.0",
        "p59b": "3.0",
        "p59c": "1.0",
        "p59d": "17",
        "p59e": "10.0",
        "p59f": "1.0",
        "p59g": "4.0",
        "x": 0,
        "y": 0
      },
      "geometry": { "type": "Point", "coordinates": [0.0, 0.0] }
    },
    {
      "type": "Feature",
      "properties": {
        "p1": 40823000552,
        "p59a": "2.0",
        "p59b": "3.0",
        "p59c": "2.0",
        "p59d": "17",
        "p59e": "10.0",
        "p59f": "1.0",
        "p59g": "4.0",
        "x": 0,
        "y": 0
      },
      "geometry": { "type": "Point", "coordinates": [0.0, 0.0] }
    },
    {
      "type": "Feature",
      "properties": {
        "p1": 40823000558,
        "p59a": "1.0",
        "p59b": "3.0",
        "p59c": "1.0",
        "p59d": "70",
        "p59e": "10.0",
        "p59f": "1.0",
        "p59g": "4.0",
        "x": 0,
        "y": 0
      },
      "geometry": { "type": "Point", "coordinates": [0.0, 0.0] }
    },
    {
      "type": "Feature",
      "properties": {
        "p1": 40823000558,
        "p59a": "1.0",
        "p59b": "3.0",
        "p59c": "1.0",
        "p59d": "64",
        "p59e": "10.0",
        "p59f": "1.0",
        "p59g": "4.0",
        "x": 0,
        "y": 0
      },
      "geometry": { "type": "Point", "coordinates": [0.0, 0.0] }
    },
    {
      "type": "Feature",
      "properties": {
        "p1": 40823000560,
        "p59a": null,
        "p59b": null,
        "p59c": null,
        "p59d": null,
        "p59e": null,
        "p59f": null,
        "p59g": null,
        "x": 0,
        "y": 0
      },
      "geometry": { "type": "Point", "coordinates": [0.0, 0.0] }
    },
    {
      "type": "Feature",
      "properties": {
        "p1": 40823000560,
        "p59a": "1.0",
        "p59b": "3.0",
        "p59c": "1.0",
        "p59d": "58",
        "p59e": "10.0",
        "p59f": "1.0",
        "p59g": "4.0",
        "x": 0,
        "y": 0
      },
      "geometry": { "type": "Point", "coordinates": [0.0, 0.0] }
    },
    {
      "type": "Feature",
      "properties": {
        "p1": 40823000560,
        "p59a": "2.0",
        "p59b": "3.0",
        "p59c": "2.0",
        "p59d": "59",
        "p59e": "10.0",
        "p59f": "1.0",
        "p59g": "4.0",
        "x": 0,
        "y": 0
      },
      "geometry": { "type": "Point", "coordinates": [0.0, 0.0] }
    },
    {
      "type": "Feature",
      "properties": {
        "p1": 40823000575,
        "p59a": "1.0",
        "p59b": "3.0",
        "p59c": "1.0",
        "p59d": "62",
        "p59e": "10.0",
        "p59f": "1.0",
        "p59g": "4.0",
        "x": 0,
        "y": 0
      },
      "geometry": { "type": "Point", "coordinates": [0.0, 0.0] }
    },
    {
      "type": "Feature",
      "properties": {
        "p1": 40823000575,
        "p59a": "2.0",
        "p59b": "3.0",
        "p59c": "2.0",
        "p59d": "47",
        "p59e": "10.0",
        "p59f": "1.0",
        "p59g": "4.0",
        "x": 0,
        "y": 0
      },
      "geometry": { "type": "Point", "coordinates": [0.0, 0.0] }
    },
    {
      "type": "Feature",
      "properties": {
        "p1": 40823000575,
        "p59a": "1.0",
        "p59b": "3.0",
        "p59c": "2.0",
        "p59d": "61",
        "p59e": "10.0",
        "p59f": "5.0",
        "p59g": "3.0",
        "x": 0,
        "y": 0
      },
      "geometry": { "type": "Point", "coordinates": [0.0, 0.0] }
    },
    {
      "type": "Feature",
      "properties": {
        "p1": 40823000579,
        "p59a": "1.0",
        "p59b": "3.0",
        "p59c": "1.0",
        "p59d": "32",
        "p59e": "10.0",
        "p59f": "1.0",
        "p59g": "4.0",
        "x": 0,
        "y": 0
      },
      "geometry": { "type": "Point", "coordinates": [0.0, 0.0] }
    },
    {
      "type": "Feature",
      "properties": {
        "p1": 40823000579,
        "p59a": "3.0",
        "p59b": "3.0",
        "p59c": "2.0",
        "p59d": "35",
        "p59e": "10.0",
        "p59f": "1.0",
        "p59g": "4.0",
        "x": 0,
        "y": 0
      },
      "geometry": { "type": "Point", "coordinates": [0.0, 0.0] }
    },
    {
      "type": "Feature",
      "properties": {
        "p1": 40823000581,
        "p59a": "1.0",
        "p59b": "3.0",
        "p59c": "2.0",
        "p59d": "65",
        "p59e": "10.0",
        "p59f": "1.0",
        "p59g": "4.0",
        "x": 0,
        "y": 0
      },
      "geometry": { "type": "Point", "coordinates": [0.0, 0.0] }
    },
    {
      "type": "Feature",
      "properties": {
        "p1": 40823000581,
        "p59a": "2.0",
        "p59b": "3.0",
        "p59c": "2.0",
        "p59d": "67",
        "p59e": "10.0",
        "p59f": "1.0",
        "p59g": "4.0",
        "x": 0,
        "y": 0
      },
      "geometry": { "type": "Point", "coordinates": [0.0, 0.0] }
    },
    {
      "type": "Feature",
      "properties": {
        "p1": 40823000581,
        "p59a": "1.0",
        "p59b": "1.0",
        "p59c": "1.0",
        "p59d": "55",
        "p59e": "10.0",
        "p59f": "5.0",
        "p59g": "3.0",
        "x": 0,
        "y": 0
      },
      "geometry": { "type": "Point", "coordinates": [0.0, 0.0] }
    },
    {
      "type": "Feature",
      "properties": {
        "p1": 40823000584,
        "p59a": "1.0",
        "p59b": "3.0",
        "p59c": "1.0",
        "p59d": "35",
        "p59e": "10.0",
        "p59f": "5.0",
        "p59g": "3.0",
        "x": 0,
        "y": 0
      },
      "geometry": { "type": "Point", "coordinates": [0.0, 0.0] }
    },
    {
      "type": "Feature",
      "properties": {
        "p1": 40823000584,
        "p59a": "2.0",
        "p59b": "3.0",
        "p59c": "1.0",
        "p59d": "37",
        "p59e": "10.0",
        "p59f": "5.0",
        "p59g": "3.0",
        "x": 0,
        "y": 0
      },
      "geometry": { "type": "Point", "coordinates": [0.0, 0.0] }
    },
    {
      "type": "Feature",
      "properties": {
        "p1": 40823000584,
        "p59a": "3.0",
        "p59b": "3.0",
        "p59c": "2.0",
        "p59d": "30",
        "p59e": "10.0",
        "p59f": "5.0",
        "p59g": "3.0",
        "x": 0,
        "y": 0
      },
      "geometry": { "type": "Point", "coordinates": [0.0, 0.0] }
    },
    {
      "type": "Feature",
      "properties": {
        "p1": 40823000585,
        "p59a": "2.0",
        "p59b": "3.0",
        "p59c": "1.0",
        "p59d": "26",
        "p59e": "10.0",
        "p59f": "1.0",
        "p59g": "4.0",
        "x": 0,
        "y": 0
      },
      "geometry": { "type": "Point", "coordinates": [0.0, 0.0] }
    },
    {
      "type": "Feature",
      "properties": {
        "p1": 40823000585,
        "p59a": "1.0",
        "p59b": "3.0",
        "p59c": "1.0",
        "p59d": "23",
        "p59e": "10.0",
        "p59f": "1.0",
        "p59g": "4.0",
        "x": 0,
        "y": 0
      },
      "geometry": { "type": "Point", "coordinates": [0.0, 0.0] }
    },
    {
      "type": "Feature",
      "properties": {
        "p1": 40823000585,
        "p59a": "1.0",
        "p59b": "1.0",
        "p59c": "1.0",
        "p59d": "42",
        "p59e": "10.0",
        "p59f": "1.0",
        "p59g": "4.0",
        "x": 0,
        "y": 0
      },
      "geometry": { "type": "Point", "coordinates": [0.0, 0.0] }
    },
    {
      "type": "Feature",
      "properties": {
        "p1": 40823000597,
        "p59a": "1.0",
        "p59b": "7.0",
        "p59c": "1.0",
        "p59d": "80",
        "p59e": "10.0",
        "p59f": "5.0",
        "p59g": "3.0",
        "x": 0,
        "y": 0
      },
      "geometry": { "type": "Point", "coordinates": [0.0, 0.0] }
    },
    {
      "type": "Feature",
      "properties": {
        "p1": 40823000597,
        "p59a": "1.0",
        "p59b": "7.0",
        "p59c": "2.0",
        "p59d": "30",
        "p59e": "10.0",
        "p59f": "5.0",
        "p59g": "3.0",
        "x": 0,
        "y": 0
      },
      "geometry": { "type": "Point", "coordinates": [0.0, 0.0] }
    },
    {
      "type": "Feature",
      "properties": {
        "p1": 40823000598,
        "p59a": "1.0",
        "p59b": "3.0",
        "p59c": "1.0",
        "p59d": "18",
        "p59e": "10.0",
        "p59f": "1.0",
        "p59g": "4.0",
        "x": 0,
        "y": 0
      },
      "geometry": { "type": "Point", "coordinates": [0.0, 0.0] }
    },
    {
      "type": "Feature",
      "properties": {
        "p1": 40823000598,
        "p59a": "1.0",
        "p59b": "3.0",
        "p59c": "1.0",
        "p59d": "61",
        "p59e": "10.0",
        "p59f": "1.0",
        "p59g": "4.0",
        "x": 0,
        "y": 0
      },
      "geometry": { "type": "Point", "coordinates": [0.0, 0.0] }
    },
    {
      "type": "Feature",
      "properties": {
        "p1": 40823000598,
        "p59a": "3.0",
        "p59b": "4.0",
        "p59c": "2.0",
        "p59d": "82",
        "p59e": "10.0",
        "p59f": "5.0",
        "p59g": "3.0",
        "x": 0,
        "y": 0
      },
      "geometry": { "type": "Point", "coordinates": [0.0, 0.0] }
    },
    {
      "type": "Feature",
      "properties": {
        "p1": 40823000599,
        "p59a": "1.0",
        "p59b": "3.0",
        "p59c": "1.0",
        "p59d": "30",
        "p59e": "160.0",
        "p59f": "2.0",
        "p59g": "4.0",
        "x": 0,
        "y": 0
      },
      "geometry": { "type": "Point", "coordinates": [0.0, 0.0] }
    },
    {
      "type": "Feature",
      "properties": {
        "p1": 40823000599,
        "p59a": "2.0",
        "p59b": "3.0",
        "p59c": "1.0",
        "p59d": "35",
        "p59e": "625.0",
        "p59f": "1.0",
        "p59g": "4.0",
        "x": 0,
        "y": 0
      },
      "geometry": { "type": "Point", "coordinates": [0.0, 0.0] }
    },
    {
      "type": "Feature",
      "properties": {
        "p1": 40823000606,
        "p59a": "1.0",
        "p59b": "4.0",
        "p59c": "1.0",
        "p59d": "69",
        "p59e": "10.0",
        "p59f": "1.0",
        "p59g": "4.0",
        "x": 0,
        "y": 0
      },
      "geometry": { "type": "Point", "coordinates": [0.0, 0.0] }
    },
    {
      "type": "Feature",
      "properties": {
        "p1": 40823000606,
        "p59a": "3.0",
        "p59b": "3.0",
        "p59c": "4.0",
        "p59d": "11",
        "p59e": "10.0",
        "p59f": "1.0",
        "p59g": "4.0",
        "x": 0,
        "y": 0
      },
      "geometry": { "type": "Point", "coordinates": [0.0, 0.0] }
    },
    {
      "type": "Feature",
      "properties": {
        "p1": 40823000606,
        "p59a": "3.0",
        "p59b": "3.0",
        "p59c": "4.0",
        "p59d": "06",
        "p59e": "10.0",
        "p59f": "1.0",
        "p59g": "4.0",
        "x": 0,
        "y": 0
      },
      "geometry": { "type": "Point", "coordinates": [0.0, 0.0] }
    },
    {
      "type": "Feature",
      "properties": {
        "p1": 40823000611,
        "p59a": "1.0",
        "p59b": "3.0",
        "p59c": "2.0",
        "p59d": "47",
        "p59e": "10.0",
        "p59f": "1.0",
        "p59g": "4.0",
        "x": 0,
        "y": 0
      },
      "geometry": { "type": "Point", "coordinates": [0.0, 0.0] }
    },
    {
      "type": "Feature",
      "properties": {
        "p1": 40823000611,
        "p59a": "1.0",
        "p59b": "1.0",
        "p59c": "1.0",
        "p59d": "17",
        "p59e": "10.0",
        "p59f": "5.0",
        "p59g": "3.0",
        "x": 0,
        "y": 0
      },
      "geometry": { "type": "Point", "coordinates": [0.0, 0.0] }
    },
    {
      "type": "Feature",
      "properties": {
        "p1": 40823000613,
        "p59a": "1.0",
        "p59b": "3.0",
        "p59c": "1.0",
        "p59d": "45",
        "p59e": "10.0",
        "p59f": "1.0",
        "p59g": "4.0",
        "x": 0,
        "y": 0
      },
      "geometry": { "type": "Point", "coordinates": [0.0, 0.0] }
    },
    {
      "type": "Feature",
      "properties": {
        "p1": 40823000613,
        "p59a": "1.0",
        "p59b": "1.0",
        "p59c": "1.0",
        "p59d": "49",
        "p59e": "10.0",
        "p59f": "1.0",
        "p59g": "4.0",
        "x": 0,
        "y": 0
      },
      "geometry": { "type": "Point", "coordinates": [0.0, 0.0] }
    },
    {
      "type": "Feature",
      "properties": {
        "p1": 40823000625,
        "p59a": "1.0",
        "p59b": "3.0",
        "p59c": "2.0",
        "p59d": "18",
        "p59e": "10.0",
        "p59f": "5.0",
        "p59g": "3.0",
        "x": 0,
        "y": 0
      },
      "geometry": { "type": "Point", "coordinates": [0.0, 0.0] }
    },
    {
      "type": "Feature",
      "properties": {
        "p1": 40823000625,
        "p59a": "2.0",
        "p59b": "3.0",
        "p59c": "2.0",
        "p59d": "18",
        "p59e": "130.0",
        "p59f": "5.0",
        "p59g": "3.0",
        "x": 0,
        "y": 0
      },
      "geometry": { "type": "Point", "coordinates": [0.0, 0.0] }
    },
    {
      "type": "Feature",
      "properties": {
        "p1": 40823000625,
        "p59a": "3.0",
        "p59b": "3.0",
        "p59c": "2.0",
        "p59d": "18",
        "p59e": "10.0",
        "p59f": "5.0",
        "p59g": "3.0",
        "x": 0,
        "y": 0
      },
      "geometry": { "type": "Point", "coordinates": [0.0, 0.0] }
    },
    {
      "type": "Feature",
      "properties": {
        "p1": 40823000625,
        "p59a": "3.0",
        "p59b": "3.0",
        "p59c": "2.0",
        "p59d": "18",
        "p59e": "10.0",
        "p59f": "5.0",
        "p59g": "3.0",
        "x": 0,
        "y": 0
      },
      "geometry": { "type": "Point", "coordinates": [0.0, 0.0] }
    },
    {
      "type": "Feature",
      "properties": {
        "p1": 40823000625,
        "p59a": "1.0",
        "p59b": "3.0",
        "p59c": "1.0",
        "p59d": "68",
        "p59e": "10.0",
        "p59f": "1.0",
        "p59g": "4.0",
        "x": 0,
        "y": 0
      },
      "geometry": { "type": "Point", "coordinates": [0.0, 0.0] }
    },
    {
      "type": "Feature",
      "properties": {
        "p1": 40823000625,
        "p59a": "2.0",
        "p59b": "3.0",
        "p59c": "1.0",
        "p59d": "21",
        "p59e": "10.0",
        "p59f": "1.0",
        "p59g": "4.0",
        "x": 0,
        "y": 0
      },
      "geometry": { "type": "Point", "coordinates": [0.0, 0.0] }
    },
    {
      "type": "Feature",
      "properties": {
        "p1": 40823000625,
        "p59a": "1.0",
        "p59b": "3.0",
        "p59c": "1.0",
        "p59d": "71",
        "p59e": "10.0",
        "p59f": "5.0",
        "p59g": "3.0",
        "x": 0,
        "y": 0
      },
      "geometry": { "type": "Point", "coordinates": [0.0, 0.0] }
    },
    {
      "type": "Feature",
      "properties": {
        "p1": 40823000625,
        "p59a": "2.0",
        "p59b": "3.0",
        "p59c": "1.0",
        "p59d": "50",
        "p59e": "10.0",
        "p59f": "1.0",
        "p59g": "4.0",
        "x": 0,
        "y": 0
      },
      "geometry": { "type": "Point", "coordinates": [0.0, 0.0] }
    },
    {
      "type": "Feature",
      "properties": {
        "p1": 40823000627,
        "p59a": "1.0",
        "p59b": "3.0",
        "p59c": "2.0",
        "p59d": "38",
        "p59e": "10.0",
        "p59f": "1.0",
        "p59g": "4.0",
        "x": 0,
        "y": 0
      },
      "geometry": { "type": "Point", "coordinates": [0.0, 0.0] }
    },
    {
      "type": "Feature",
      "properties": {
        "p1": 40823000627,
        "p59a": "2.0",
        "p59b": "3.0",
        "p59c": "3.0",
        "p59d": "06",
        "p59e": "10.0",
        "p59f": "1.0",
        "p59g": "4.0",
        "x": 0,
        "y": 0
      },
      "geometry": { "type": "Point", "coordinates": [0.0, 0.0] }
    },
    {
      "type": "Feature",
      "properties": {
        "p1": 40823000627,
        "p59a": "1.0",
        "p59b": "3.0",
        "p59c": "1.0",
        "p59d": "32",
        "p59e": "10.0",
        "p59f": "5.0",
        "p59g": "3.0",
        "x": 0,
        "y": 0
      },
      "geometry": { "type": "Point", "coordinates": [0.0, 0.0] }
    },
    {
      "type": "Feature",
      "properties": {
        "p1": 40823000629,
        "p59a": "1.0",
        "p59b": "3.0",
        "p59c": "1.0",
        "p59d": "77",
        "p59e": "10.0",
        "p59f": "1.0",
        "p59g": "4.0",
        "x": 0,
        "y": 0
      },
      "geometry": { "type": "Point", "coordinates": [0.0, 0.0] }
    },
    {
      "type": "Feature",
      "properties": {
        "p1": 40823000629,
        "p59a": "2.0",
        "p59b": "3.0",
        "p59c": "1.0",
        "p59d": "51",
        "p59e": "10.0",
        "p59f": "1.0",
        "p59g": "4.0",
        "x": 0,
        "y": 0
      },
      "geometry": { "type": "Point", "coordinates": [0.0, 0.0] }
    },
    {
      "type": "Feature",
      "properties": {
        "p1": 40823000636,
        "p59a": "1.0",
        "p59b": "2.0",
        "p59c": "1.0",
        "p59d": "15",
        "p59e": "10.0",
        "p59f": "1.0",
        "p59g": "4.0",
        "x": 0,
        "y": 0
      },
      "geometry": { "type": "Point", "coordinates": [0.0, 0.0] }
    },
    {
      "type": "Feature",
      "properties": {
        "p1": 40823000636,
        "p59a": "2.0",
        "p59b": "2.0",
        "p59c": "3.0",
        "p59d": "13",
        "p59e": "10.0",
        "p59f": "1.0",
        "p59g": "4.0",
        "x": 0,
        "y": 0
      },
      "geometry": { "type": "Point", "coordinates": [0.0, 0.0] }
    },
    {
      "type": "Feature",
      "properties": {
        "p1": 40823000643,
        "p59a": "1.0",
        "p59b": "3.0",
        "p59c": "1.0",
        "p59d": "49",
        "p59e": "10.0",
        "p59f": "1.0",
        "p59g": "4.0",
        "x": 0,
        "y": 0
      },
      "geometry": { "type": "Point", "coordinates": [0.0, 0.0] }
    },
    {
      "type": "Feature",
      "properties": {
        "p1": 40823000643,
        "p59a": "1.0",
        "p59b": "3.0",
        "p59c": "1.0",
        "p59d": "40",
        "p59e": "10.0",
        "p59f": "1.0",
        "p59g": "4.0",
        "x": 0,
        "y": 0
      },
      "geometry": { "type": "Point", "coordinates": [0.0, 0.0] }
    },
    {
      "type": "Feature",
      "properties": {
        "p1": 40823000643,
        "p59a": "2.0",
        "p59b": "3.0",
        "p59c": "2.0",
        "p59d": "34",
        "p59e": "10.0",
        "p59f": "1.0",
        "p59g": "4.0",
        "x": 0,
        "y": 0
      },
      "geometry": { "type": "Point", "coordinates": [0.0, 0.0] }
    },
    {
      "type": "Feature",
      "properties": {
        "p1": 40823000650,
        "p59a": "1.0",
        "p59b": "3.0",
        "p59c": "2.0",
        "p59d": "18",
        "p59e": "10.0",
        "p59f": "5.0",
        "p59g": "3.0",
        "x": 0,
        "y": 0
      },
      "geometry": { "type": "Point", "coordinates": [0.0, 0.0] }
    },
    {
      "type": "Feature",
      "properties": {
        "p1": 40823000650,
        "p59a": "1.0",
        "p59b": "3.0",
        "p59c": "2.0",
        "p59d": "61",
        "p59e": "10.0",
        "p59f": "5.0",
        "p59g": "3.0",
        "x": 0,
        "y": 0
      },
      "geometry": { "type": "Point", "coordinates": [0.0, 0.0] }
    },
    {
      "type": "Feature",
      "properties": {
        "p1": 40823000653,
        "p59a": "1.0",
        "p59b": "7.0",
        "p59c": "1.0",
        "p59d": "35",
        "p59e": "10.0",
        "p59f": "5.0",
        "p59g": "3.0",
        "x": 0,
        "y": 0
      },
      "geometry": { "type": "Point", "coordinates": [0.0, 0.0] }
    },
    {
      "type": "Feature",
      "properties": {
        "p1": 40823000653,
        "p59a": "1.0",
        "p59b": "7.0",
        "p59c": "1.0",
        "p59d": "24",
        "p59e": "10.0",
        "p59f": "1.0",
        "p59g": "4.0",
        "x": 0,
        "y": 0
      },
      "geometry": { "type": "Point", "coordinates": [0.0, 0.0] }
    },
    {
      "type": "Feature",
      "properties": {
        "p1": 40823000653,
        "p59a": "2.0",
        "p59b": "3.0",
        "p59c": "1.0",
        "p59d": "39",
        "p59e": "10.0",
        "p59f": "1.0",
        "p59g": "4.0",
        "x": 0,
        "y": 0
      },
      "geometry": { "type": "Point", "coordinates": [0.0, 0.0] }
    },
    {
      "type": "Feature",
      "properties": {
        "p1": 40823000653,
        "p59a": "1.0",
        "p59b": "3.0",
        "p59c": "1.0",
        "p59d": "60",
        "p59e": "10.0",
        "p59f": "1.0",
        "p59g": "4.0",
        "x": 0,
        "y": 0
      },
      "geometry": { "type": "Point", "coordinates": [0.0, 0.0] }
    },
    {
      "type": "Feature",
      "properties": {
        "p1": 40823000656,
        "p59a": "1.0",
        "p59b": "3.0",
        "p59c": "1.0",
        "p59d": "51",
        "p59e": "10.0",
        "p59f": "1.0",
        "p59g": "4.0",
        "x": 0,
        "y": 0
      },
      "geometry": { "type": "Point", "coordinates": [0.0, 0.0] }
    },
    {
      "type": "Feature",
      "properties": {
        "p1": 40823000656,
        "p59a": "2.0",
        "p59b": "3.0",
        "p59c": "1.0",
        "p59d": "34",
        "p59e": "10.0",
        "p59f": "1.0",
        "p59g": "4.0",
        "x": 0,
        "y": 0
      },
      "geometry": { "type": "Point", "coordinates": [0.0, 0.0] }
    },
    {
      "type": "Feature",
      "properties": {
        "p1": 40823000656,
        "p59a": "1.0",
        "p59b": "3.0",
        "p59c": "1.0",
        "p59d": "57",
        "p59e": "10.0",
        "p59f": "5.0",
        "p59g": "3.0",
        "x": 0,
        "y": 0
      },
      "geometry": { "type": "Point", "coordinates": [0.0, 0.0] }
    },
    {
      "type": "Feature",
      "properties": {
        "p1": 40823000658,
        "p59a": "2.0",
        "p59b": "3.0",
        "p59c": "2.0",
        "p59d": "17",
        "p59e": "10.0",
        "p59f": "1.0",
        "p59g": "4.0",
        "x": 0,
        "y": 0
      },
      "geometry": { "type": "Point", "coordinates": [0.0, 0.0] }
    },
    {
      "type": "Feature",
      "properties": {
        "p1": 40823000658,
        "p59a": "1.0",
        "p59b": "3.0",
        "p59c": "1.0",
        "p59d": "20",
        "p59e": "10.0",
        "p59f": "1.0",
        "p59g": "4.0",
        "x": 0,
        "y": 0
      },
      "geometry": { "type": "Point", "coordinates": [0.0, 0.0] }
    },
    {
      "type": "Feature",
      "properties": {
        "p1": 40823000658,
        "p59a": "3.0",
        "p59b": "3.0",
        "p59c": "4.0",
        "p59d": "09",
        "p59e": "10.0",
        "p59f": "1.0",
        "p59g": "4.0",
        "x": 0,
        "y": 0
      },
      "geometry": { "type": "Point", "coordinates": [0.0, 0.0] }
    },
    {
      "type": "Feature",
      "properties": {
        "p1": 40823000658,
        "p59a": "2.0",
        "p59b": "4.0",
        "p59c": "2.0",
        "p59d": "30",
        "p59e": "10.0",
        "p59f": "1.0",
        "p59g": "4.0",
        "x": 0,
        "y": 0
      },
      "geometry": { "type": "Point", "coordinates": [0.0, 0.0] }
    },
    {
      "type": "Feature",
      "properties": {
        "p1": 40823000658,
        "p59a": "1.0",
        "p59b": "3.0",
        "p59c": "1.0",
        "p59d": "39",
        "p59e": "10.0",
        "p59f": "1.0",
        "p59g": "4.0",
        "x": 0,
        "y": 0
      },
      "geometry": { "type": "Point", "coordinates": [0.0, 0.0] }
    },
    {
      "type": "Feature",
      "properties": {
        "p1": 40823000666,
        "p59a": "1.0",
        "p59b": "3.0",
        "p59c": "2.0",
        "p59d": "32",
        "p59e": "10.0",
        "p59f": "1.0",
        "p59g": "4.0",
        "x": 0,
        "y": 0
      },
      "geometry": { "type": "Point", "coordinates": [0.0, 0.0] }
    },
    {
      "type": "Feature",
      "properties": {
        "p1": 40823000666,
        "p59a": "3.0",
        "p59b": "5.0",
        "p59c": "4.0",
        "p59d": "02",
        "p59e": "10.0",
        "p59f": "1.0",
        "p59g": "4.0",
        "x": 0,
        "y": 0
      },
      "geometry": { "type": "Point", "coordinates": [0.0, 0.0] }
    },
    {
      "type": "Feature",
      "properties": {
        "p1": 40823000666,
        "p59a": "3.0",
        "p59b": "3.0",
        "p59c": "4.0",
        "p59d": "09",
        "p59e": "10.0",
        "p59f": "1.0",
        "p59g": "4.0",
        "x": 0,
        "y": 0
      },
      "geometry": { "type": "Point", "coordinates": [0.0, 0.0] }
    },
    {
      "type": "Feature",
      "properties": {
        "p1": 40823000666,
        "p59a": "3.0",
        "p59b": "5.0",
        "p59c": "4.0",
        "p59d": "06",
        "p59e": "10.0",
        "p59f": "1.0",
        "p59g": "4.0",
        "x": 0,
        "y": 0
      },
      "geometry": { "type": "Point", "coordinates": [0.0, 0.0] }
    },
    {
      "type": "Feature",
      "properties": {
        "p1": 40823000666,
        "p59a": "2.0",
        "p59b": "3.0",
        "p59c": "2.0",
        "p59d": "55",
        "p59e": "10.0",
        "p59f": "1.0",
        "p59g": "4.0",
        "x": 0,
        "y": 0
      },
      "geometry": { "type": "Point", "coordinates": [0.0, 0.0] }
    },
    {
      "type": "Feature",
      "properties": {
        "p1": 40823000666,
        "p59a": "1.0",
        "p59b": "8.0",
        "p59c": "2.0",
        "p59d": "69",
        "p59e": "10.0",
        "p59f": "1.0",
        "p59g": "4.0",
        "x": 0,
        "y": 0
      },
      "geometry": { "type": "Point", "coordinates": [0.0, 0.0] }
    },
    {
      "type": "Feature",
      "properties": {
        "p1": 40823000671,
        "p59a": "1.0",
        "p59b": "3.0",
        "p59c": "1.0",
        "p59d": "47",
        "p59e": "10.0",
        "p59f": "1.0",
        "p59g": "4.0",
        "x": 0,
        "y": 0
      },
      "geometry": { "type": "Point", "coordinates": [0.0, 0.0] }
    },
    {
      "type": "Feature",
      "properties": {
        "p1": 40823000671,
        "p59a": "1.0",
        "p59b": "3.0",
        "p59c": "1.0",
        "p59d": "45",
        "p59e": "10.0",
        "p59f": "1.0",
        "p59g": "4.0",
        "x": 0,
        "y": 0
      },
      "geometry": { "type": "Point", "coordinates": [0.0, 0.0] }
    },
    {
      "type": "Feature",
      "properties": {
        "p1": 40823000672,
        "p59a": "1.0",
        "p59b": "7.0",
        "p59c": "2.0",
        "p59d": "23",
        "p59e": "10.0",
        "p59f": "1.0",
        "p59g": "4.0",
        "x": 0,
        "y": 0
      },
      "geometry": { "type": "Point", "coordinates": [0.0, 0.0] }
    },
    {
      "type": "Feature",
      "properties": {
        "p1": 40823000672,
        "p59a": "1.0",
        "p59b": "7.0",
        "p59c": "1.0",
        "p59d": "51",
        "p59e": "10.0",
        "p59f": "5.0",
        "p59g": "3.0",
        "x": 0,
        "y": 0
      },
      "geometry": { "type": "Point", "coordinates": [0.0, 0.0] }
    },
    {
      "type": "Feature",
      "properties": {
        "p1": 40823000685,
        "p59a": "1.0",
        "p59b": "3.0",
        "p59c": "1.0",
        "p59d": "19",
        "p59e": "10.0",
        "p59f": "1.0",
        "p59g": "4.0",
        "x": 0,
        "y": 0
      },
      "geometry": { "type": "Point", "coordinates": [0.0, 0.0] }
    },
    {
      "type": "Feature",
      "properties": {
        "p1": 40823000685,
        "p59a": "1.0",
        "p59b": "3.0",
        "p59c": "2.0",
        "p59d": "48",
        "p59e": "10.0",
        "p59f": "1.0",
        "p59g": "4.0",
        "x": 0,
        "y": 0
      },
      "geometry": { "type": "Point", "coordinates": [0.0, 0.0] }
    },
    {
      "type": "Feature",
      "properties": {
        "p1": 40823000685,
        "p59a": "2.0",
        "p59b": "3.0",
        "p59c": "2.0",
        "p59d": "20",
        "p59e": "10.0",
        "p59f": "1.0",
        "p59g": "4.0",
        "x": 0,
        "y": 0
      },
      "geometry": { "type": "Point", "coordinates": [0.0, 0.0] }
    },
    {
      "type": "Feature",
      "properties": {
        "p1": 40823000686,
        "p59a": "1.0",
        "p59b": "3.0",
        "p59c": "2.0",
        "p59d": "18",
        "p59e": "10.0",
        "p59f": "1.0",
        "p59g": "4.0",
        "x": 0,
        "y": 0
      },
      "geometry": { "type": "Point", "coordinates": [0.0, 0.0] }
    },
    {
      "type": "Feature",
      "properties": {
        "p1": 40823000686,
        "p59a": "2.0",
        "p59b": "3.0",
        "p59c": "2.0",
        "p59d": "18",
        "p59e": "10.0",
        "p59f": "1.0",
        "p59g": "4.0",
        "x": 0,
        "y": 0
      },
      "geometry": { "type": "Point", "coordinates": [0.0, 0.0] }
    },
    {
      "type": "Feature",
      "properties": {
        "p1": 40823000687,
        "p59a": "1.0",
        "p59b": "3.0",
        "p59c": "1.0",
        "p59d": "36",
        "p59e": "10.0",
        "p59f": "1.0",
        "p59g": "4.0",
        "x": 0,
        "y": 0
      },
      "geometry": { "type": "Point", "coordinates": [0.0, 0.0] }
    },
    {
      "type": "Feature",
      "properties": {
        "p1": 40823000687,
        "p59a": "1.0",
        "p59b": "3.0",
        "p59c": "1.0",
        "p59d": "28",
        "p59e": "50.0",
        "p59f": "1.0",
        "p59g": "4.0",
        "x": 0,
        "y": 0
      },
      "geometry": { "type": "Point", "coordinates": [0.0, 0.0] }
    },
    {
      "type": "Feature",
      "properties": {
        "p1": 40823000693,
        "p59a": "1.0",
        "p59b": "3.0",
        "p59c": "1.0",
        "p59d": "68",
        "p59e": "10.0",
        "p59f": "1.0",
        "p59g": "4.0",
        "x": 0,
        "y": 0
      },
      "geometry": { "type": "Point", "coordinates": [0.0, 0.0] }
    },
    {
      "type": "Feature",
      "properties": {
        "p1": 40823000693,
        "p59a": "1.0",
        "p59b": "4.0",
        "p59c": "1.0",
        "p59d": "52",
        "p59e": "10.0",
        "p59f": "1.0",
        "p59g": "4.0",
        "x": 0,
        "y": 0
      },
      "geometry": { "type": "Point", "coordinates": [0.0, 0.0] }
    },
    {
      "type": "Feature",
      "properties": {
        "p1": 40823000693,
        "p59a": "4.0",
        "p59b": "4.0",
        "p59c": "2.0",
        "p59d": "55",
        "p59e": "10.0",
        "p59f": "5.0",
        "p59g": "3.0",
        "x": 0,
        "y": 0
      },
      "geometry": { "type": "Point", "coordinates": [0.0, 0.0] }
    },
    {
      "type": "Feature",
      "properties": {
        "p1": 40823000702,
        "p59a": "1.0",
        "p59b": "3.0",
        "p59c": "1.0",
        "p59d": "19",
        "p59e": "104.0",
        "p59f": "1.0",
        "p59g": "4.0",
        "x": 0,
        "y": 0
      },
      "geometry": { "type": "Point", "coordinates": [0.0, 0.0] }
    },
    {
      "type": "Feature",
      "properties": {
        "p1": 40823000702,
        "p59a": "1.0",
        "p59b": "3.0",
        "p59c": "1.0",
        "p59d": "47",
        "p59e": "10.0",
        "p59f": "1.0",
        "p59g": "4.0",
        "x": 0,
        "y": 0
      },
      "geometry": { "type": "Point", "coordinates": [0.0, 0.0] }
    },
    {
      "type": "Feature",
      "properties": {
        "p1": 40823000707,
        "p59a": "1.0",
        "p59b": "3.0",
        "p59c": "1.0",
        "p59d": "65",
        "p59e": "10.0",
        "p59f": "1.0",
        "p59g": "4.0",
        "x": 0,
        "y": 0
      },
      "geometry": { "type": "Point", "coordinates": [0.0, 0.0] }
    },
    {
      "type": "Feature",
      "properties": {
        "p1": 40823000707,
        "p59a": "2.0",
        "p59b": "3.0",
        "p59c": "2.0",
        "p59d": "20",
        "p59e": "10.0",
        "p59f": "5.0",
        "p59g": "3.0",
        "x": 0,
        "y": 0
      },
      "geometry": { "type": "Point", "coordinates": [0.0, 0.0] }
    },
    {
      "type": "Feature",
      "properties": {
        "p1": 40823000707,
        "p59a": "1.0",
        "p59b": "3.0",
        "p59c": "2.0",
        "p59d": "51",
        "p59e": "104.0",
        "p59f": "1.0",
        "p59g": "4.0",
        "x": 0,
        "y": 0
      },
      "geometry": { "type": "Point", "coordinates": [0.0, 0.0] }
    },
    {
      "type": "Feature",
      "properties": {
        "p1": 40823000709,
        "p59a": "2.0",
        "p59b": "3.0",
        "p59c": "2.0",
        "p59d": "68",
        "p59e": "10.0",
        "p59f": "1.0",
        "p59g": "4.0",
        "x": 0,
        "y": 0
      },
      "geometry": { "type": "Point", "coordinates": [0.0, 0.0] }
    },
    {
      "type": "Feature",
      "properties": {
        "p1": 40823000709,
        "p59a": "1.0",
        "p59b": "3.0",
        "p59c": "1.0",
        "p59d": "76",
        "p59e": "10.0",
        "p59f": "1.0",
        "p59g": "4.0",
        "x": 0,
        "y": 0
      },
      "geometry": { "type": "Point", "coordinates": [0.0, 0.0] }
    },
    {
      "type": "Feature",
      "properties": {
        "p1": 40823000713,
        "p59a": "1.0",
        "p59b": "3.0",
        "p59c": "2.0",
        "p59d": "34",
        "p59e": "104.0",
        "p59f": "1.0",
        "p59g": "4.0",
        "x": 0,
        "y": 0
      },
      "geometry": { "type": "Point", "coordinates": [0.0, 0.0] }
    },
    {
      "type": "Feature",
      "properties": {
        "p1": 40823000713,
        "p59a": "3.0",
        "p59b": "3.0",
        "p59c": "3.0",
        "p59d": "07",
        "p59e": "104.0",
        "p59f": "5.0",
        "p59g": "3.0",
        "x": 0,
        "y": 0
      },
      "geometry": { "type": "Point", "coordinates": [0.0, 0.0] }
    },
    {
      "type": "Feature",
      "properties": {
        "p1": 40823000713,
        "p59a": "3.0",
        "p59b": "3.0",
        "p59c": "4.0",
        "p59d": "08",
        "p59e": "104.0",
        "p59f": "1.0",
        "p59g": "4.0",
        "x": 0,
        "y": 0
      },
      "geometry": { "type": "Point", "coordinates": [0.0, 0.0] }
    },
    {
      "type": "Feature",
      "properties": {
        "p1": 40823000713,
        "p59a": "2.0",
        "p59b": "3.0",
        "p59c": "2.0",
        "p59d": "37",
        "p59e": "104.0",
        "p59f": "1.0",
        "p59g": "4.0",
        "x": 0,
        "y": 0
      },
      "geometry": { "type": "Point", "coordinates": [0.0, 0.0] }
    },
    {
      "type": "Feature",
      "properties": {
        "p1": 40823000713,
        "p59a": "3.0",
        "p59b": "3.0",
        "p59c": "4.0",
        "p59d": "08",
        "p59e": "104.0",
        "p59f": "1.0",
        "p59g": "4.0",
        "x": 0,
        "y": 0
      },
      "geometry": { "type": "Point", "coordinates": [0.0, 0.0] }
    },
    {
      "type": "Feature",
      "properties": {
        "p1": 40823000717,
        "p59a": "1.0",
        "p59b": "3.0",
        "p59c": "1.0",
        "p59d": "50",
        "p59e": "10.0",
        "p59f": "1.0",
        "p59g": "4.0",
        "x": 0,
        "y": 0
      },
      "geometry": { "type": "Point", "coordinates": [0.0, 0.0] }
    },
    {
      "type": "Feature",
      "properties": {
        "p1": 40823000717,
        "p59a": "1.0",
        "p59b": "3.0",
        "p59c": "1.0",
        "p59d": "33",
        "p59e": "104.0",
        "p59f": "1.0",
        "p59g": "4.0",
        "x": 0,
        "y": 0
      },
      "geometry": { "type": "Point", "coordinates": [0.0, 0.0] }
    },
    {
      "type": "Feature",
      "properties": {
        "p1": 40823000719,
        "p59a": "1.0",
        "p59b": "3.0",
        "p59c": "1.0",
        "p59d": "32",
        "p59e": "180.0",
        "p59f": "1.0",
        "p59g": "4.0",
        "x": 0,
        "y": 0
      },
      "geometry": { "type": "Point", "coordinates": [0.0, 0.0] }
    },
    {
      "type": "Feature",
      "properties": {
        "p1": 40823000719,
        "p59a": "1.0",
        "p59b": "3.0",
        "p59c": "2.0",
        "p59d": "32",
        "p59e": "10.0",
        "p59f": "1.0",
        "p59g": "4.0",
        "x": 0,
        "y": 0
      },
      "geometry": { "type": "Point", "coordinates": [0.0, 0.0] }
    },
    {
      "type": "Feature",
      "properties": {
        "p1": 40823000720,
        "p59a": "1.0",
        "p59b": "3.0",
        "p59c": "1.0",
        "p59d": "19",
        "p59e": "10.0",
        "p59f": "1.0",
        "p59g": "4.0",
        "x": 0,
        "y": 0
      },
      "geometry": { "type": "Point", "coordinates": [0.0, 0.0] }
    },
    {
      "type": "Feature",
      "properties": {
        "p1": 40823000720,
        "p59a": "2.0",
        "p59b": "3.0",
        "p59c": "1.0",
        "p59d": "16",
        "p59e": "10.0",
        "p59f": "1.0",
        "p59g": "4.0",
        "x": 0,
        "y": 0
      },
      "geometry": { "type": "Point", "coordinates": [0.0, 0.0] }
    },
    {
      "type": "Feature",
      "properties": {
        "p1": 40823000728,
        "p59a": "1.0",
        "p59b": "3.0",
        "p59c": "1.0",
        "p59d": "24",
        "p59e": "10.0",
        "p59f": "1.0",
        "p59g": "4.0",
        "x": 0,
        "y": 0
      },
      "geometry": { "type": "Point", "coordinates": [0.0, 0.0] }
    },
    {
      "type": "Feature",
      "properties": {
        "p1": 40823000728,
        "p59a": "1.0",
        "p59b": "3.0",
        "p59c": "2.0",
        "p59d": "54",
        "p59e": "10.0",
        "p59f": "1.0",
        "p59g": "4.0",
        "x": 0,
        "y": 0
      },
      "geometry": { "type": "Point", "coordinates": [0.0, 0.0] }
    },
    {
      "type": "Feature",
      "properties": {
        "p1": 40823000733,
        "p59a": "1.0",
        "p59b": "3.0",
        "p59c": "2.0",
        "p59d": "39",
        "p59e": "10.0",
        "p59f": "1.0",
        "p59g": "4.0",
        "x": 0,
        "y": 0
      },
      "geometry": { "type": "Point", "coordinates": [0.0, 0.0] }
    },
    {
      "type": "Feature",
      "properties": {
        "p1": 40823000733,
        "p59a": "2.0",
        "p59b": "3.0",
        "p59c": "3.0",
        "p59d": "12",
        "p59e": "10.0",
        "p59f": "1.0",
        "p59g": "4.0",
        "x": 0,
        "y": 0
      },
      "geometry": { "type": "Point", "coordinates": [0.0, 0.0] }
    },
    {
      "type": "Feature",
      "properties": {
        "p1": 40823000733,
        "p59a": "1.0",
        "p59b": "2.0",
        "p59c": "1.0",
        "p59d": "46",
        "p59e": "10.0",
        "p59f": "5.0",
        "p59g": "3.0",
        "x": 0,
        "y": 0
      },
      "geometry": { "type": "Point", "coordinates": [0.0, 0.0] }
    },
    {
      "type": "Feature",
      "properties": {
        "p1": 40823000745,
        "p59a": "1.0",
        "p59b": "3.0",
        "p59c": "1.0",
        "p59d": "18",
        "p59e": "10.0",
        "p59f": "1.0",
        "p59g": "4.0",
        "x": 0,
        "y": 0
      },
      "geometry": { "type": "Point", "coordinates": [0.0, 0.0] }
    },
    {
      "type": "Feature",
      "properties": {
        "p1": 40823000745,
        "p59a": "1.0",
        "p59b": "7.0",
        "p59c": "1.0",
        "p59d": "48",
        "p59e": "10.0",
        "p59f": "1.0",
        "p59g": "4.0",
        "x": 0,
        "y": 0
      },
      "geometry": { "type": "Point", "coordinates": [0.0, 0.0] }
    },
    {
      "type": "Feature",
      "properties": {
        "p1": 40823000747,
        "p59a": "1.0",
        "p59b": "3.0",
        "p59c": "1.0",
        "p59d": "27",
        "p59e": "10.0",
        "p59f": "1.0",
        "p59g": "4.0",
        "x": 0,
        "y": 0
      },
      "geometry": { "type": "Point", "coordinates": [0.0, 0.0] }
    },
    {
      "type": "Feature",
      "properties": {
        "p1": 40823000747,
        "p59a": "1.0",
        "p59b": "3.0",
        "p59c": "1.0",
        "p59d": "31",
        "p59e": "104.0",
        "p59f": "1.0",
        "p59g": "4.0",
        "x": 0,
        "y": 0
      },
      "geometry": { "type": "Point", "coordinates": [0.0, 0.0] }
    },
    {
      "type": "Feature",
      "properties": {
        "p1": 40823000749,
        "p59a": null,
        "p59b": null,
        "p59c": null,
        "p59d": null,
        "p59e": null,
        "p59f": null,
        "p59g": null,
        "x": 0,
        "y": 0
      },
      "geometry": { "type": "Point", "coordinates": [0.0, 0.0] }
    },
    {
      "type": "Feature",
      "properties": {
        "p1": 40823000749,
        "p59a": "1.0",
        "p59b": "3.0",
        "p59c": "2.0",
        "p59d": "34",
        "p59e": "10.0",
        "p59f": "1.0",
        "p59g": "4.0",
        "x": 0,
        "y": 0
      },
      "geometry": { "type": "Point", "coordinates": [0.0, 0.0] }
    },
    {
      "type": "Feature",
      "properties": {
        "p1": 40823000752,
        "p59a": "1.0",
        "p59b": "3.0",
        "p59c": "1.0",
        "p59d": "76",
        "p59e": "10.0",
        "p59f": "1.0",
        "p59g": "4.0",
        "x": 0,
        "y": 0
      },
      "geometry": { "type": "Point", "coordinates": [0.0, 0.0] }
    },
    {
      "type": "Feature",
      "properties": {
        "p1": 40823000752,
        "p59a": "2.0",
        "p59b": "3.0",
        "p59c": "2.0",
        "p59d": "76",
        "p59e": "10.0",
        "p59f": "1.0",
        "p59g": "4.0",
        "x": 0,
        "y": 0
      },
      "geometry": { "type": "Point", "coordinates": [0.0, 0.0] }
    },
    {
      "type": "Feature",
      "properties": {
        "p1": 40823000761,
        "p59a": "1.0",
        "p59b": null,
        "p59c": null,
        "p59d": "XX",
        "p59e": null,
        "p59f": null,
        "p59g": null,
        "x": 0,
        "y": 0
      },
      "geometry": { "type": "Point", "coordinates": [0.0, 0.0] }
    },
    {
      "type": "Feature",
      "properties": {
        "p1": 40823000761,
        "p59a": "1.0",
        "p59b": "3.0",
        "p59c": "1.0",
        "p59d": "58",
        "p59e": "10.0",
        "p59f": "1.0",
        "p59g": "4.0",
        "x": 0,
        "y": 0
      },
      "geometry": { "type": "Point", "coordinates": [0.0, 0.0] }
    },
    {
      "type": "Feature",
      "properties": {
        "p1": 40823000762,
        "p59a": "1.0",
        "p59b": "3.0",
        "p59c": "1.0",
        "p59d": "33",
        "p59e": "10.0",
        "p59f": "1.0",
        "p59g": "4.0",
        "x": 0,
        "y": 0
      },
      "geometry": { "type": "Point", "coordinates": [0.0, 0.0] }
    },
    {
      "type": "Feature",
      "properties": {
        "p1": 40823000762,
        "p59a": "2.0",
        "p59b": "3.0",
        "p59c": "2.0",
        "p59d": "24",
        "p59e": "10.0",
        "p59f": "1.0",
        "p59g": "4.0",
        "x": 0,
        "y": 0
      },
      "geometry": { "type": "Point", "coordinates": [0.0, 0.0] }
    },
    {
      "type": "Feature",
      "properties": {
        "p1": 40823000762,
        "p59a": "1.0",
        "p59b": "3.0",
        "p59c": "2.0",
        "p59d": "46",
        "p59e": "10.0",
        "p59f": "1.0",
        "p59g": "4.0",
        "x": 0,
        "y": 0
      },
      "geometry": { "type": "Point", "coordinates": [0.0, 0.0] }
    },
    {
      "type": "Feature",
      "properties": {
        "p1": 40823000763,
        "p59a": "1.0",
        "p59b": "3.0",
        "p59c": "1.0",
        "p59d": "18",
        "p59e": "10.0",
        "p59f": "1.0",
        "p59g": "4.0",
        "x": 0,
        "y": 0
      },
      "geometry": { "type": "Point", "coordinates": [0.0, 0.0] }
    },
    {
      "type": "Feature",
      "properties": {
        "p1": 40823000763,
        "p59a": "2.0",
        "p59b": "3.0",
        "p59c": "1.0",
        "p59d": "16",
        "p59e": "10.0",
        "p59f": "1.0",
        "p59g": "4.0",
        "x": 0,
        "y": 0
      },
      "geometry": { "type": "Point", "coordinates": [0.0, 0.0] }
    },
    {
      "type": "Feature",
      "properties": {
        "p1": 40823000765,
        "p59a": "1.0",
        "p59b": "3.0",
        "p59c": "1.0",
        "p59d": "25",
        "p59e": "10.0",
        "p59f": "1.0",
        "p59g": "4.0",
        "x": 0,
        "y": 0
      },
      "geometry": { "type": "Point", "coordinates": [0.0, 0.0] }
    },
    {
      "type": "Feature",
      "properties": {
        "p1": 40823000765,
        "p59a": "1.0",
        "p59b": "3.0",
        "p59c": "2.0",
        "p59d": "39",
        "p59e": "10.0",
        "p59f": "1.0",
        "p59g": "4.0",
        "x": 0,
        "y": 0
      },
      "geometry": { "type": "Point", "coordinates": [0.0, 0.0] }
    },
    {
      "type": "Feature",
      "properties": {
        "p1": 40823000765,
        "p59a": "3.0",
        "p59b": "5.0",
        "p59c": "3.0",
        "p59d": "02",
        "p59e": "10.0",
        "p59f": "1.0",
        "p59g": "4.0",
        "x": 0,
        "y": 0
      },
      "geometry": { "type": "Point", "coordinates": [0.0, 0.0] }
    },
    {
      "type": "Feature",
      "properties": {
        "p1": 40823000767,
        "p59a": "1.0",
        "p59b": "3.0",
        "p59c": "1.0",
        "p59d": "69",
        "p59e": "10.0",
        "p59f": "1.0",
        "p59g": "4.0",
        "x": 0,
        "y": 0
      },
      "geometry": { "type": "Point", "coordinates": [0.0, 0.0] }
    },
    {
      "type": "Feature",
      "properties": {
        "p1": 40823000767,
        "p59a": "3.0",
        "p59b": "4.0",
        "p59c": "2.0",
        "p59d": "70",
        "p59e": "10.0",
        "p59f": "5.0",
        "p59g": "3.0",
        "x": 0,
        "y": 0
      },
      "geometry": { "type": "Point", "coordinates": [0.0, 0.0] }
    },
    {
      "type": "Feature",
      "properties": {
        "p1": 40823000769,
        "p59a": "1.0",
        "p59b": "3.0",
        "p59c": "1.0",
        "p59d": "78",
        "p59e": "10.0",
        "p59f": "1.0",
        "p59g": "4.0",
        "x": 0,
        "y": 0
      },
      "geometry": { "type": "Point", "coordinates": [0.0, 0.0] }
    },
    {
      "type": "Feature",
      "properties": {
        "p1": 40823000769,
        "p59a": "1.0",
        "p59b": "3.0",
        "p59c": "1.0",
        "p59d": "26",
        "p59e": "10.0",
        "p59f": "1.0",
        "p59g": "4.0",
        "x": 0,
        "y": 0
      },
      "geometry": { "type": "Point", "coordinates": [0.0, 0.0] }
    },
    {
      "type": "Feature",
      "properties": {
        "p1": 40823000769,
        "p59a": "2.0",
        "p59b": "3.0",
        "p59c": "1.0",
        "p59d": "24",
        "p59e": "10.0",
        "p59f": "1.0",
        "p59g": "4.0",
        "x": 0,
        "y": 0
      },
      "geometry": { "type": "Point", "coordinates": [0.0, 0.0] }
    },
    {
      "type": "Feature",
      "properties": {
        "p1": 40823000775,
        "p59a": "1.0",
        "p59b": "7.0",
        "p59c": "1.0",
        "p59d": "72",
        "p59e": "10.0",
        "p59f": "1.0",
        "p59g": "4.0",
        "x": 0,
        "y": 0
      },
      "geometry": { "type": "Point", "coordinates": [0.0, 0.0] }
    },
    {
      "type": "Feature",
      "properties": {
        "p1": 40823000775,
        "p59a": "2.0",
        "p59b": "7.0",
        "p59c": "2.0",
        "p59d": "48",
        "p59e": "10.0",
        "p59f": "1.0",
        "p59g": "4.0",
        "x": 0,
        "y": 0
      },
      "geometry": { "type": "Point", "coordinates": [0.0, 0.0] }
    },
    {
      "type": "Feature",
      "properties": {
        "p1": 40823000775,
        "p59a": "1.0",
        "p59b": "7.0",
        "p59c": "1.0",
        "p59d": "47",
        "p59e": "10.0",
        "p59f": "3.0",
        "p59g": "3.0",
        "x": 0,
        "y": 0
      },
      "geometry": { "type": "Point", "coordinates": [0.0, 0.0] }
    },
    {
      "type": "Feature",
      "properties": {
        "p1": 40823000775,
        "p59a": "2.0",
        "p59b": "7.0",
        "p59c": "2.0",
        "p59d": "48",
        "p59e": "10.0",
        "p59f": "3.0",
        "p59g": "3.0",
        "x": 0,
        "y": 0
      },
      "geometry": { "type": "Point", "coordinates": [0.0, 0.0] }
    },
    {
      "type": "Feature",
      "properties": {
        "p1": 40823000781,
        "p59a": "1.0",
        "p59b": "3.0",
        "p59c": "1.0",
        "p59d": "42",
        "p59e": "10.0",
        "p59f": "1.0",
        "p59g": "4.0",
        "x": 0,
        "y": 0
      },
      "geometry": { "type": "Point", "coordinates": [0.0, 0.0] }
    },
    {
      "type": "Feature",
      "properties": {
        "p1": 40823000781,
        "p59a": "2.0",
        "p59b": "3.0",
        "p59c": "3.0",
        "p59d": "14",
        "p59e": "10.0",
        "p59f": "1.0",
        "p59g": "4.0",
        "x": 0,
        "y": 0
      },
      "geometry": { "type": "Point", "coordinates": [0.0, 0.0] }
    },
    {
      "type": "Feature",
      "properties": {
        "p1": 40823000783,
        "p59a": "1.0",
        "p59b": "3.0",
        "p59c": "2.0",
        "p59d": "68",
        "p59e": "10.0",
        "p59f": "1.0",
        "p59g": "4.0",
        "x": 0,
        "y": 0
      },
      "geometry": { "type": "Point", "coordinates": [0.0, 0.0] }
    },
    {
      "type": "Feature",
      "properties": {
        "p1": 40823000783,
        "p59a": "1.0",
        "p59b": "3.0",
        "p59c": "1.0",
        "p59d": "34",
        "p59e": "10.0",
        "p59f": "1.0",
        "p59g": "4.0",
        "x": 0,
        "y": 0
      },
      "geometry": { "type": "Point", "coordinates": [0.0, 0.0] }
    },
    {
      "type": "Feature",
      "properties": {
        "p1": 40823000786,
        "p59a": "1.0",
        "p59b": "3.0",
        "p59c": "2.0",
        "p59d": "45",
        "p59e": "10.0",
        "p59f": "1.0",
        "p59g": "4.0",
        "x": 0,
        "y": 0
      },
      "geometry": { "type": "Point", "coordinates": [0.0, 0.0] }
    },
    {
      "type": "Feature",
      "properties": {
        "p1": 40823000786,
        "p59a": "2.0",
        "p59b": "3.0",
        "p59c": "2.0",
        "p59d": "33",
        "p59e": "10.0",
        "p59f": "1.0",
        "p59g": "4.0",
        "x": 0,
        "y": 0
      },
      "geometry": { "type": "Point", "coordinates": [0.0, 0.0] }
    },
    {
      "type": "Feature",
      "properties": {
        "p1": 40823000786,
        "p59a": "3.0",
        "p59b": "3.0",
        "p59c": "1.0",
        "p59d": "48",
        "p59e": "10.0",
        "p59f": "1.0",
        "p59g": "4.0",
        "x": 0,
        "y": 0
      },
      "geometry": { "type": "Point", "coordinates": [0.0, 0.0] }
    },
    {
      "type": "Feature",
      "properties": {
        "p1": 40823000793,
        "p59a": "1.0",
        "p59b": "3.0",
        "p59c": "2.0",
        "p59d": "54",
        "p59e": "10.0",
        "p59f": "1.0",
        "p59g": "4.0",
        "x": 0,
        "y": 0
      },
      "geometry": { "type": "Point", "coordinates": [0.0, 0.0] }
    },
    {
      "type": "Feature",
      "properties": {
        "p1": 40823000793,
        "p59a": "1.0",
        "p59b": "3.0",
        "p59c": "1.0",
        "p59d": "71",
        "p59e": "10.0",
        "p59f": "1.0",
        "p59g": "4.0",
        "x": 0,
        "y": 0
      },
      "geometry": { "type": "Point", "coordinates": [0.0, 0.0] }
    },
    {
      "type": "Feature",
      "properties": {
        "p1": 40823000794,
        "p59a": "1.0",
        "p59b": "3.0",
        "p59c": "1.0",
        "p59d": "46",
        "p59e": "10.0",
        "p59f": "1.0",
        "p59g": "4.0",
        "x": 0,
        "y": 0
      },
      "geometry": { "type": "Point", "coordinates": [0.0, 0.0] }
    },
    {
      "type": "Feature",
      "properties": {
        "p1": 40823000794,
        "p59a": "2.0",
        "p59b": "3.0",
        "p59c": "1.0",
        "p59d": "45",
        "p59e": "10.0",
        "p59f": "1.0",
        "p59g": "4.0",
        "x": 0,
        "y": 0
      },
      "geometry": { "type": "Point", "coordinates": [0.0, 0.0] }
    },
    {
      "type": "Feature",
      "properties": {
        "p1": 40823000794,
        "p59a": "1.0",
        "p59b": "3.0",
        "p59c": "1.0",
        "p59d": "45",
        "p59e": "10.0",
        "p59f": "1.0",
        "p59g": "4.0",
        "x": 0,
        "y": 0
      },
      "geometry": { "type": "Point", "coordinates": [0.0, 0.0] }
    },
    {
      "type": "Feature",
      "properties": {
        "p1": 40823000803,
        "p59a": "1.0",
        "p59b": "3.0",
        "p59c": "2.0",
        "p59d": "37",
        "p59e": "10.0",
        "p59f": "1.0",
        "p59g": "4.0",
        "x": 0,
        "y": 0
      },
      "geometry": { "type": "Point", "coordinates": [0.0, 0.0] }
    },
    {
      "type": "Feature",
      "properties": {
        "p1": 40823000803,
        "p59a": "3.0",
        "p59b": "4.0",
        "p59c": "4.0",
        "p59d": "02",
        "p59e": "10.0",
        "p59f": "1.0",
        "p59g": "4.0",
        "x": 0,
        "y": 0
      },
      "geometry": { "type": "Point", "coordinates": [0.0, 0.0] }
    },
    {
      "type": "Feature",
      "properties": {
        "p1": 40823000807,
        "p59a": "1.0",
        "p59b": "3.0",
        "p59c": "1.0",
        "p59d": "56",
        "p59e": "10.0",
        "p59f": "1.0",
        "p59g": "4.0",
        "x": 0,
        "y": 0
      },
      "geometry": { "type": "Point", "coordinates": [0.0, 0.0] }
    },
    {
      "type": "Feature",
      "properties": {
        "p1": 40823000807,
        "p59a": "2.0",
        "p59b": "3.0",
        "p59c": "1.0",
        "p59d": "41",
        "p59e": "10.0",
        "p59f": "1.0",
        "p59g": "4.0",
        "x": 0,
        "y": 0
      },
      "geometry": { "type": "Point", "coordinates": [0.0, 0.0] }
    },
    {
      "type": "Feature",
      "properties": {
        "p1": 40823000817,
        "p59a": "1.0",
        "p59b": "3.0",
        "p59c": "2.0",
        "p59d": "41",
        "p59e": "10.0",
        "p59f": "1.0",
        "p59g": "4.0",
        "x": 0,
        "y": 0
      },
      "geometry": { "type": "Point", "coordinates": [0.0, 0.0] }
    },
    {
      "type": "Feature",
      "properties": {
        "p1": 40823000817,
        "p59a": "3.0",
        "p59b": "5.0",
        "p59c": "4.0",
        "p59d": "6",
        "p59e": "10.0",
        "p59f": "1.0",
        "p59g": "4.0",
        "x": 0,
        "y": 0
      },
      "geometry": { "type": "Point", "coordinates": [0.0, 0.0] }
    },
    {
      "type": "Feature",
      "properties": {
        "p1": 40823000817,
        "p59a": "3.0",
        "p59b": "3.0",
        "p59c": "3.0",
        "p59d": "7",
        "p59e": "10.0",
        "p59f": "1.0",
        "p59g": "4.0",
        "x": 0,
        "y": 0
      },
      "geometry": { "type": "Point", "coordinates": [0.0, 0.0] }
    },
    {
      "type": "Feature",
      "properties": {
        "p1": 40823000817,
        "p59a": "3.0",
        "p59b": "3.0",
        "p59c": "3.0",
        "p59d": "8",
        "p59e": "10.0",
        "p59f": "1.0",
        "p59g": "4.0",
        "x": 0,
        "y": 0
      },
      "geometry": { "type": "Point", "coordinates": [0.0, 0.0] }
    },
    {
      "type": "Feature",
      "properties": {
        "p1": 40823000817,
        "p59a": "1.0",
        "p59b": "3.0",
        "p59c": "1.0",
        "p59d": "22",
        "p59e": "10.0",
        "p59f": "1.0",
        "p59g": "4.0",
        "x": 0,
        "y": 0
      },
      "geometry": { "type": "Point", "coordinates": [0.0, 0.0] }
    },
    {
      "type": "Feature",
      "properties": {
        "p1": 40823000824,
        "p59a": "1.0",
        "p59b": "3.0",
        "p59c": "1.0",
        "p59d": "22",
        "p59e": "10.0",
        "p59f": "1.0",
        "p59g": "4.0",
        "x": 0,
        "y": 0
      },
      "geometry": { "type": "Point", "coordinates": [0.0, 0.0] }
    },
    {
      "type": "Feature",
      "properties": {
        "p1": 40823000824,
        "p59a": "1.0",
        "p59b": "3.0",
        "p59c": "2.0",
        "p59d": "68",
        "p59e": "10.0",
        "p59f": "1.0",
        "p59g": "4.0",
        "x": 0,
        "y": 0
      },
      "geometry": { "type": "Point", "coordinates": [0.0, 0.0] }
    },
    {
      "type": "Feature",
      "properties": {
        "p1": 40823000828,
        "p59a": "1.0",
        "p59b": "3.0",
        "p59c": "1.0",
        "p59d": "63",
        "p59e": "10.0",
        "p59f": "1.0",
        "p59g": "4.0",
        "x": 0,
        "y": 0
      },
      "geometry": { "type": "Point", "coordinates": [0.0, 0.0] }
    },
    {
      "type": "Feature",
      "properties": {
        "p1": 40823000828,
        "p59a": "1.0",
        "p59b": "3.0",
        "p59c": "1.0",
        "p59d": "41",
        "p59e": "10.0",
        "p59f": "1.0",
        "p59g": "4.0",
        "x": 0,
        "y": 0
      },
      "geometry": { "type": "Point", "coordinates": [0.0, 0.0] }
    },
    {
      "type": "Feature",
      "properties": {
        "p1": 40823000828,
        "p59a": "2.0",
        "p59b": "3.0",
        "p59c": "2.0",
        "p59d": "31",
        "p59e": "10.0",
        "p59f": "1.0",
        "p59g": "4.0",
        "x": 0,
        "y": 0
      },
      "geometry": { "type": "Point", "coordinates": [0.0, 0.0] }
    },
    {
      "type": "Feature",
      "properties": {
        "p1": 40823000839,
        "p59a": "1.0",
        "p59b": "7.0",
        "p59c": "2.0",
        "p59d": "46",
        "p59e": "10.0",
        "p59f": "1.0",
        "p59g": "4.0",
        "x": 0,
        "y": 0
      },
      "geometry": { "type": "Point", "coordinates": [0.0, 0.0] }
    },
    {
      "type": "Feature",
      "properties": {
        "p1": 40823000839,
        "p59a": "2.0",
        "p59b": "3.0",
        "p59c": "1.0",
        "p59d": "45",
        "p59e": "10.0",
        "p59f": "1.0",
        "p59g": "4.0",
        "x": 0,
        "y": 0
      },
      "geometry": { "type": "Point", "coordinates": [0.0, 0.0] }
    },
    {
      "type": "Feature",
      "properties": {
        "p1": 40823000839,
        "p59a": "3.0",
        "p59b": "7.0",
        "p59c": "4.0",
        "p59d": "14",
        "p59e": "10.0",
        "p59f": "1.0",
        "p59g": "4.0",
        "x": 0,
        "y": 0
      },
      "geometry": { "type": "Point", "coordinates": [0.0, 0.0] }
    },
    {
      "type": "Feature",
      "properties": {
        "p1": 40823000839,
        "p59a": "3.0",
        "p59b": "7.0",
        "p59c": "3.0",
        "p59d": "10",
        "p59e": "10.0",
        "p59f": "1.0",
        "p59g": "4.0",
        "x": 0,
        "y": 0
      },
      "geometry": { "type": "Point", "coordinates": [0.0, 0.0] }
    },
    {
      "type": "Feature",
      "properties": {
        "p1": 40823000839,
        "p59a": "1.0",
        "p59b": "7.0",
        "p59c": "1.0",
        "p59d": "67",
        "p59e": "10.0",
        "p59f": "5.0",
        "p59g": "3.0",
        "x": 0,
        "y": 0
      },
      "geometry": { "type": "Point", "coordinates": [0.0, 0.0] }
    },
    {
      "type": "Feature",
      "properties": {
        "p1": 40823000846,
        "p59a": "1.0",
        "p59b": "7.0",
        "p59c": "1.0",
        "p59d": "43",
        "p59e": "10.0",
        "p59f": "5.0",
        "p59g": "3.0",
        "x": 0,
        "y": 0
      },
      "geometry": { "type": "Point", "coordinates": [0.0, 0.0] }
    },
    {
      "type": "Feature",
      "properties": {
        "p1": 40823000846,
        "p59a": "1.0",
        "p59b": "4.0",
        "p59c": "1.0",
        "p59d": "50",
        "p59e": "10.0",
        "p59f": "1.0",
        "p59g": "4.0",
        "x": 0,
        "y": 0
      },
      "geometry": { "type": "Point", "coordinates": [0.0, 0.0] }
    },
    {
      "type": "Feature",
      "properties": {
        "p1": 40823000847,
        "p59a": "1.0",
        "p59b": "7.0",
        "p59c": "1.0",
        "p59d": "73",
        "p59e": "10.0",
        "p59f": "5.0",
        "p59g": "3.0",
        "x": 0,
        "y": 0
      },
      "geometry": { "type": "Point", "coordinates": [0.0, 0.0] }
    },
    {
      "type": "Feature",
      "properties": {
        "p1": 40823000847,
        "p59a": "2.0",
        "p59b": "7.0",
        "p59c": "2.0",
        "p59d": "77",
        "p59e": "10.0",
        "p59f": "5.0",
        "p59g": "3.0",
        "x": 0,
        "y": 0
      },
      "geometry": { "type": "Point", "coordinates": [0.0, 0.0] }
    },
    {
      "type": "Feature",
      "properties": {
        "p1": 40823000847,
        "p59a": "1.0",
        "p59b": "4.0",
        "p59c": "1.0",
        "p59d": "66",
        "p59e": "10.0",
        "p59f": "1.0",
        "p59g": "4.0",
        "x": 0,
        "y": 0
      },
      "geometry": { "type": "Point", "coordinates": [0.0, 0.0] }
    },
    {
      "type": "Feature",
      "properties": {
        "p1": 40823000847,
        "p59a": "2.0",
        "p59b": "3.0",
        "p59c": "1.0",
        "p59d": "62",
        "p59e": "10.0",
        "p59f": "1.0",
        "p59g": "4.0",
        "x": 0,
        "y": 0
      },
      "geometry": { "type": "Point", "coordinates": [0.0, 0.0] }
    },
    {
      "type": "Feature",
      "properties": {
        "p1": 40823000848,
        "p59a": "1.0",
        "p59b": "3.0",
        "p59c": "1.0",
        "p59d": "22",
        "p59e": "10.0",
        "p59f": "3.0",
        "p59g": "3.0",
        "x": 0,
        "y": 0
      },
      "geometry": { "type": "Point", "coordinates": [0.0, 0.0] }
    },
    {
      "type": "Feature",
      "properties": {
        "p1": 40823000848,
        "p59a": "2.0",
        "p59b": "3.0",
        "p59c": "1.0",
        "p59d": "19",
        "p59e": "50.0",
        "p59f": "1.0",
        "p59g": "4.0",
        "x": 0,
        "y": 0
      },
      "geometry": { "type": "Point", "coordinates": [0.0, 0.0] }
    },
    {
      "type": "Feature",
      "properties": {
        "p1": 40823000848,
        "p59a": "3.0",
        "p59b": "3.0",
        "p59c": "2.0",
        "p59d": "18",
        "p59e": "10.0",
        "p59f": "1.0",
        "p59g": "4.0",
        "x": 0,
        "y": 0
      },
      "geometry": { "type": "Point", "coordinates": [0.0, 0.0] }
    },
    {
      "type": "Feature",
      "properties": {
        "p1": 40324001190,
        "p59a": "1.0",
        "p59b": "3.0",
        "p59c": "1.0",
        "p59d": "23",
        "p59e": "10.0",
        "p59f": "1.0",
        "p59g": "4.0",
        "x": 0,
        "y": 0
      },
      "geometry": { "type": "Point", "coordinates": [0.0, 0.0] }
    },
    {
      "type": "Feature",
      "properties": {
        "p1": 40324001190,
        "p59a": "2.0",
        "p59b": "3.0",
        "p59c": "1.0",
        "p59d": "37",
        "p59e": "10.0",
        "p59f": "1.0",
        "p59g": "4.0",
        "x": 0,
        "y": 0
      },
      "geometry": { "type": "Point", "coordinates": [0.0, 0.0] }
    },
    {
      "type": "Feature",
      "properties": {
        "p1": 40324001271,
        "p59a": "1.0",
        "p59b": "3.0",
        "p59c": "1.0",
        "p59d": "74",
        "p59e": "10.0",
        "p59f": "1.0",
        "p59g": "4.0",
        "x": 0,
        "y": 0
      },
      "geometry": { "type": "Point", "coordinates": [0.0, 0.0] }
    },
    {
      "type": "Feature",
      "properties": {
        "p1": 40324001271,
        "p59a": "2.0",
        "p59b": "3.0",
        "p59c": "2.0",
        "p59d": "74",
        "p59e": "10.0",
        "p59f": "1.0",
        "p59g": "4.0",
        "x": 0,
        "y": 0
      },
      "geometry": { "type": "Point", "coordinates": [0.0, 0.0] }
    },
    {
      "type": "Feature",
      "properties": {
        "p1": 40824000009,
        "p59a": "1.0",
        "p59b": "3.0",
        "p59c": "2.0",
        "p59d": "33",
        "p59e": "10.0",
        "p59f": "1.0",
        "p59g": "4.0",
        "x": 0,
        "y": 0
      },
      "geometry": { "type": "Point", "coordinates": [0.0, 0.0] }
    },
    {
      "type": "Feature",
      "properties": {
        "p1": 40824000009,
        "p59a": "1.0",
        "p59b": "3.0",
        "p59c": "1.0",
        "p59d": "29",
        "p59e": "10.0",
        "p59f": "1.0",
        "p59g": "4.0",
        "x": 0,
        "y": 0
      },
      "geometry": { "type": "Point", "coordinates": [0.0, 0.0] }
    },
    {
      "type": "Feature",
      "properties": {
        "p1": 40824000009,
        "p59a": "1.0",
        "p59b": "3.0",
        "p59c": "1.0",
        "p59d": "51",
        "p59e": "10.0",
        "p59f": "1.0",
        "p59g": "4.0",
        "x": 0,
        "y": 0
      },
      "geometry": { "type": "Point", "coordinates": [0.0, 0.0] }
    },
    {
      "type": "Feature",
      "properties": {
        "p1": 40824000023,
        "p59a": "1.0",
        "p59b": "4.0",
        "p59c": "1.0",
        "p59d": "20",
        "p59e": "10.0",
        "p59f": "1.0",
        "p59g": "4.0",
        "x": 0,
        "y": 0
      },
      "geometry": { "type": "Point", "coordinates": [0.0, 0.0] }
    },
    {
      "type": "Feature",
      "properties": {
        "p1": 40824000023,
        "p59a": "1.0",
        "p59b": "3.0",
        "p59c": "1.0",
        "p59d": "49",
        "p59e": "10.0",
        "p59f": "1.0",
        "p59g": "4.0",
        "x": 0,
        "y": 0
      },
      "geometry": { "type": "Point", "coordinates": [0.0, 0.0] }
    },
    {
      "type": "Feature",
      "properties": {
        "p1": 40824000024,
        "p59a": null,
        "p59b": null,
        "p59c": null,
        "p59d": null,
        "p59e": null,
        "p59f": null,
        "p59g": null,
        "x": 0,
        "y": 0
      },
      "geometry": { "type": "Point", "coordinates": [0.0, 0.0] }
    },
    {
      "type": "Feature",
      "properties": {
        "p1": 40824000024,
        "p59a": "1.0",
        "p59b": "7.0",
        "p59c": "1.0",
        "p59d": "21",
        "p59e": "10.0",
        "p59f": "5.0",
        "p59g": "3.0",
        "x": 0,
        "y": 0
      },
      "geometry": { "type": "Point", "coordinates": [0.0, 0.0] }
    },
    {
      "type": "Feature",
      "properties": {
        "p1": 40824000030,
        "p59a": "1.0",
        "p59b": "3.0",
        "p59c": "1.0",
        "p59d": "36",
        "p59e": "10.0",
        "p59f": "1.0",
        "p59g": "4.0",
        "x": 0,
        "y": 0
      },
      "geometry": { "type": "Point", "coordinates": [0.0, 0.0] }
    },
    {
      "type": "Feature",
      "properties": {
        "p1": 40824000030,
        "p59a": "2.0",
        "p59b": "3.0",
        "p59c": "2.0",
        "p59d": "35",
        "p59e": "10.0",
        "p59f": "1.0",
        "p59g": "4.0",
        "x": 0,
        "y": 0
      },
      "geometry": { "type": "Point", "coordinates": [0.0, 0.0] }
    },
    {
      "type": "Feature",
      "properties": {
        "p1": 40824000036,
        "p59a": "1.0",
        "p59b": "3.0",
        "p59c": "1.0",
        "p59d": "47",
        "p59e": "10.0",
        "p59f": "1.0",
        "p59g": "4.0",
        "x": 0,
        "y": 0
      },
      "geometry": { "type": "Point", "coordinates": [0.0, 0.0] }
    },
    {
      "type": "Feature",
      "properties": {
        "p1": 40824000036,
        "p59a": "1.0",
        "p59b": "3.0",
        "p59c": "2.0",
        "p59d": "48",
        "p59e": "10.0",
        "p59f": "1.0",
        "p59g": "4.0",
        "x": 0,
        "y": 0
      },
      "geometry": { "type": "Point", "coordinates": [0.0, 0.0] }
    },
    {
      "type": "Feature",
      "properties": {
        "p1": 40824000037,
        "p59a": "1.0",
        "p59b": "3.0",
        "p59c": "1.0",
        "p59d": "33",
        "p59e": "10.0",
        "p59f": "1.0",
        "p59g": "4.0",
        "x": 0,
        "y": 0
      },
      "geometry": { "type": "Point", "coordinates": [0.0, 0.0] }
    },
    {
      "type": "Feature",
      "properties": {
        "p1": 40824000037,
        "p59a": "1.0",
        "p59b": "3.0",
        "p59c": "1.0",
        "p59d": "31",
        "p59e": "10.0",
        "p59f": "1.0",
        "p59g": "4.0",
        "x": 0,
        "y": 0
      },
      "geometry": { "type": "Point", "coordinates": [0.0, 0.0] }
    },
    {
      "type": "Feature",
      "properties": {
        "p1": 40824000050,
        "p59a": "1.0",
        "p59b": "4.0",
        "p59c": "2.0",
        "p59d": "41",
        "p59e": "10.0",
        "p59f": "5.0",
        "p59g": "3.0",
        "x": 0,
        "y": 0
      },
      "geometry": { "type": "Point", "coordinates": [0.0, 0.0] }
    },
    {
      "type": "Feature",
      "properties": {
        "p1": 40824000050,
        "p59a": "1.0",
        "p59b": "8.0",
        "p59c": "1.0",
        "p59d": "32",
        "p59e": "10.0",
        "p59f": "1.0",
        "p59g": "4.0",
        "x": 0,
        "y": 0
      },
      "geometry": { "type": "Point", "coordinates": [0.0, 0.0] }
    },
    {
      "type": "Feature",
      "properties": {
        "p1": 40824000050,
        "p59a": "2.0",
        "p59b": "8.0",
        "p59c": "1.0",
        "p59d": "41",
        "p59e": "10.0",
        "p59f": "5.0",
        "p59g": "3.0",
        "x": 0,
        "y": 0
      },
      "geometry": { "type": "Point", "coordinates": [0.0, 0.0] }
    },
    {
      "type": "Feature",
      "properties": {
        "p1": 40824000064,
        "p59a": "1.0",
        "p59b": "3.0",
        "p59c": "1.0",
        "p59d": "19",
        "p59e": "10.0",
        "p59f": "1.0",
        "p59g": "4.0",
        "x": 0,
        "y": 0
      },
      "geometry": { "type": "Point", "coordinates": [0.0, 0.0] }
    },
    {
      "type": "Feature",
      "properties": {
        "p1": 40824000064,
        "p59a": "1.0",
        "p59b": "3.0",
        "p59c": "1.0",
        "p59d": "53",
        "p59e": "10.0",
        "p59f": "3.0",
        "p59g": "3.0",
        "x": 0,
        "y": 0
      },
      "geometry": { "type": "Point", "coordinates": [0.0, 0.0] }
    },
    {
      "type": "Feature",
      "properties": {
        "p1": 40824000066,
        "p59a": "1.0",
        "p59b": "1.0",
        "p59c": "1.0",
        "p59d": "82",
        "p59e": "10.0",
        "p59f": "1.0",
        "p59g": "4.0",
        "x": 0,
        "y": 0
      },
      "geometry": { "type": "Point", "coordinates": [0.0, 0.0] }
    },
    {
      "type": "Feature",
      "properties": {
        "p1": 40824000066,
        "p59a": "1.0",
        "p59b": "3.0",
        "p59c": "2.0",
        "p59d": "62",
        "p59e": "10.0",
        "p59f": "1.0",
        "p59g": "4.0",
        "x": 0,
        "y": 0
      },
      "geometry": { "type": "Point", "coordinates": [0.0, 0.0] }
    },
    {
      "type": "Feature",
      "properties": {
        "p1": 40824000072,
        "p59a": "1.0",
        "p59b": "3.0",
        "p59c": "1.0",
        "p59d": "52",
        "p59e": "10.0",
        "p59f": "5.0",
        "p59g": "3.0",
        "x": 0,
        "y": 0
      },
      "geometry": { "type": "Point", "coordinates": [0.0, 0.0] }
    },
    {
      "type": "Feature",
      "properties": {
        "p1": 40824000072,
        "p59a": "3.0",
        "p59b": "3.0",
        "p59c": "1.0",
        "p59d": "22",
        "p59e": "50.0",
        "p59f": "5.0",
        "p59g": "3.0",
        "x": 0,
        "y": 0
      },
      "geometry": { "type": "Point", "coordinates": [0.0, 0.0] }
    },
    {
      "type": "Feature",
      "properties": {
        "p1": 40824000072,
        "p59a": "3.0",
        "p59b": "3.0",
        "p59c": "1.0",
        "p59d": "31",
        "p59e": "50.0",
        "p59f": "5.0",
        "p59g": "3.0",
        "x": 0,
        "y": 0
      },
      "geometry": { "type": "Point", "coordinates": [0.0, 0.0] }
    },
    {
      "type": "Feature",
      "properties": {
        "p1": 40824000072,
        "p59a": "3.0",
        "p59b": "3.0",
        "p59c": "1.0",
        "p59d": "40",
        "p59e": "10.0",
        "p59f": "5.0",
        "p59g": "3.0",
        "x": 0,
        "y": 0
      },
      "geometry": { "type": "Point", "coordinates": [0.0, 0.0] }
    },
    {
      "type": "Feature",
      "properties": {
        "p1": 40824000072,
        "p59a": "2.0",
        "p59b": "3.0",
        "p59c": "1.0",
        "p59d": "60",
        "p59e": "10.0",
        "p59f": "5.0",
        "p59g": "3.0",
        "x": 0,
        "y": 0
      },
      "geometry": { "type": "Point", "coordinates": [0.0, 0.0] }
    },
    {
      "type": "Feature",
      "properties": {
        "p1": 40824000072,
        "p59a": "3.0",
        "p59b": "3.0",
        "p59c": "1.0",
        "p59d": "19",
        "p59e": "50.0",
        "p59f": "5.0",
        "p59g": "4.0",
        "x": 0,
        "y": 0
      },
      "geometry": { "type": "Point", "coordinates": [0.0, 0.0] }
    },
    {
      "type": "Feature",
      "properties": {
        "p1": 40824000073,
        "p59a": "1.0",
        "p59b": "3.0",
        "p59c": "2.0",
        "p59d": "31",
        "p59e": "10.0",
        "p59f": "5.0",
        "p59g": "3.0",
        "x": 0,
        "y": 0
      },
      "geometry": { "type": "Point", "coordinates": [0.0, 0.0] }
    },
    {
      "type": "Feature",
      "properties": {
        "p1": 40824000073,
        "p59a": "1.0",
        "p59b": "3.0",
        "p59c": "2.0",
        "p59d": "47",
        "p59e": "10.0",
        "p59f": "1.0",
        "p59g": "4.0",
        "x": 0,
        "y": 0
      },
      "geometry": { "type": "Point", "coordinates": [0.0, 0.0] }
    },
    {
      "type": "Feature",
      "properties": {
        "p1": 40824000073,
        "p59a": "2.0",
        "p59b": "3.0",
        "p59c": "2.0",
        "p59d": "17",
        "p59e": "10.0",
        "p59f": "5.0",
        "p59g": "3.0",
        "x": 0,
        "y": 0
      },
      "geometry": { "type": "Point", "coordinates": [0.0, 0.0] }
    },
    {
      "type": "Feature",
      "properties": {
        "p1": 40824000081,
        "p59a": "1.0",
        "p59b": "7.0",
        "p59c": "2.0",
        "p59d": "29",
        "p59e": "10.0",
        "p59f": "5.0",
        "p59g": "3.0",
        "x": 0,
        "y": 0
      },
      "geometry": { "type": "Point", "coordinates": [0.0, 0.0] }
    },
    {
      "type": "Feature",
      "properties": {
        "p1": 40824000081,
        "p59a": "3.0",
        "p59b": "5.0",
        "p59c": "4.0",
        "p59d": "02",
        "p59e": "10.0",
        "p59f": "1.0",
        "p59g": "4.0",
        "x": 0,
        "y": 0
      },
      "geometry": { "type": "Point", "coordinates": [0.0, 0.0] }
    },
    {
      "type": "Feature",
      "properties": {
        "p1": 40824000089,
        "p59a": "1.0",
        "p59b": "3.0",
        "p59c": "1.0",
        "p59d": "85",
        "p59e": "10.0",
        "p59f": "1.0",
        "p59g": "4.0",
        "x": 0,
        "y": 0
      },
      "geometry": { "type": "Point", "coordinates": [0.0, 0.0] }
    },
    {
      "type": "Feature",
      "properties": {
        "p1": 40824000089,
        "p59a": "2.0",
        "p59b": "3.0",
        "p59c": "2.0",
        "p59d": "64",
        "p59e": "10.0",
        "p59f": "1.0",
        "p59g": "4.0",
        "x": 0,
        "y": 0
      },
      "geometry": { "type": "Point", "coordinates": [0.0, 0.0] }
    },
    {
      "type": "Feature",
      "properties": {
        "p1": 40824000089,
        "p59a": "1.0",
        "p59b": "3.0",
        "p59c": "1.0",
        "p59d": "60",
        "p59e": "10.0",
        "p59f": "1.0",
        "p59g": "4.0",
        "x": 0,
        "y": 0
      },
      "geometry": { "type": "Point", "coordinates": [0.0, 0.0] }
    },
    {
      "type": "Feature",
      "properties": {
        "p1": 40824000094,
        "p59a": "1.0",
        "p59b": "3.0",
        "p59c": "1.0",
        "p59d": "41",
        "p59e": "10.0",
        "p59f": "1.0",
        "p59g": "4.0",
        "x": 0,
        "y": 0
      },
      "geometry": { "type": "Point", "coordinates": [0.0, 0.0] }
    },
    {
      "type": "Feature",
      "properties": {
        "p1": 40824000094,
        "p59a": "1.0",
        "p59b": "3.0",
        "p59c": "1.0",
        "p59d": "38",
        "p59e": "10.0",
        "p59f": "1.0",
        "p59g": "4.0",
        "x": 0,
        "y": 0
      },
      "geometry": { "type": "Point", "coordinates": [0.0, 0.0] }
    },
    {
      "type": "Feature",
      "properties": {
        "p1": 40824000095,
        "p59a": "1.0",
        "p59b": "3.0",
        "p59c": "2.0",
        "p59d": "18",
        "p59e": "10.0",
        "p59f": "1.0",
        "p59g": "4.0",
        "x": 0,
        "y": 0
      },
      "geometry": { "type": "Point", "coordinates": [0.0, 0.0] }
    },
    {
      "type": "Feature",
      "properties": {
        "p1": 40824000095,
        "p59a": "2.0",
        "p59b": "3.0",
        "p59c": "2.0",
        "p59d": "45",
        "p59e": "10.0",
        "p59f": "1.0",
        "p59g": "4.0",
        "x": 0,
        "y": 0
      },
      "geometry": { "type": "Point", "coordinates": [0.0, 0.0] }
    },
    {
      "type": "Feature",
      "properties": {
        "p1": 40824000102,
        "p59a": "1.0",
        "p59b": "3.0",
        "p59c": "1.0",
        "p59d": "45",
        "p59e": "10.0",
        "p59f": "1.0",
        "p59g": "4.0",
        "x": 0,
        "y": 0
      },
      "geometry": { "type": "Point", "coordinates": [0.0, 0.0] }
    },
    {
      "type": "Feature",
      "properties": {
        "p1": 40824000102,
        "p59a": "2.0",
        "p59b": "3.0",
        "p59c": "2.0",
        "p59d": "51",
        "p59e": "10.0",
        "p59f": "1.0",
        "p59g": "4.0",
        "x": 0,
        "y": 0
      },
      "geometry": { "type": "Point", "coordinates": [0.0, 0.0] }
    },
    {
      "type": "Feature",
      "properties": {
        "p1": 40824000102,
        "p59a": "1.0",
        "p59b": "2.0",
        "p59c": "2.0",
        "p59d": "38",
        "p59e": "10.0",
        "p59f": "5.0",
        "p59g": "3.0",
        "x": 0,
        "y": 0
      },
      "geometry": { "type": "Point", "coordinates": [0.0, 0.0] }
    },
    {
      "type": "Feature",
      "properties": {
        "p1": 40824000105,
        "p59a": "1.0",
        "p59b": "3.0",
        "p59c": "2.0",
        "p59d": "59",
        "p59e": "10.0",
        "p59f": "1.0",
        "p59g": "4.0",
        "x": 0,
        "y": 0
      },
      "geometry": { "type": "Point", "coordinates": [0.0, 0.0] }
    },
    {
      "type": "Feature",
      "properties": {
        "p1": 40824000105,
        "p59a": "2.0",
        "p59b": "3.0",
        "p59c": "1.0",
        "p59d": "52",
        "p59e": "10.0",
        "p59f": "1.0",
        "p59g": "4.0",
        "x": 0,
        "y": 0
      },
      "geometry": { "type": "Point", "coordinates": [0.0, 0.0] }
    },
    {
      "type": "Feature",
      "properties": {
        "p1": 40824000109,
        "p59a": null,
        "p59b": null,
        "p59c": null,
        "p59d": null,
        "p59e": null,
        "p59f": null,
        "p59g": null,
        "x": 0,
        "y": 0
      },
      "geometry": { "type": "Point", "coordinates": [0.0, 0.0] }
    },
    {
      "type": "Feature",
      "properties": {
        "p1": 40824000109,
        "p59a": "1.0",
        "p59b": "3.0",
        "p59c": "1.0",
        "p59d": "45",
        "p59e": "10.0",
        "p59f": "1.0",
        "p59g": "4.0",
        "x": 0,
        "y": 0
      },
      "geometry": { "type": "Point", "coordinates": [0.0, 0.0] }
    },
    {
      "type": "Feature",
      "properties": {
        "p1": 40824000114,
        "p59a": "1.0",
        "p59b": "3.0",
        "p59c": "1.0",
        "p59d": "19",
        "p59e": "10.0",
        "p59f": "1.0",
        "p59g": "4.0",
        "x": 0,
        "y": 0
      },
      "geometry": { "type": "Point", "coordinates": [0.0, 0.0] }
    },
    {
      "type": "Feature",
      "properties": {
        "p1": 40824000114,
        "p59a": "1.0",
        "p59b": "3.0",
        "p59c": "1.0",
        "p59d": "50",
        "p59e": "10.0",
        "p59f": "1.0",
        "p59g": "4.0",
        "x": 0,
        "y": 0
      },
      "geometry": { "type": "Point", "coordinates": [0.0, 0.0] }
    },
    {
      "type": "Feature",
      "properties": {
        "p1": 40824000116,
        "p59a": "1.0",
        "p59b": "3.0",
        "p59c": "2.0",
        "p59d": "53",
        "p59e": "10.0",
        "p59f": "1.0",
        "p59g": "4.0",
        "x": 0,
        "y": 0
      },
      "geometry": { "type": "Point", "coordinates": [0.0, 0.0] }
    },
    {
      "type": "Feature",
      "properties": {
        "p1": 40824000116,
        "p59a": "1.0",
        "p59b": "3.0",
        "p59c": "1.0",
        "p59d": "61",
        "p59e": "10.0",
        "p59f": "1.0",
        "p59g": "4.0",
        "x": 0,
        "y": 0
      },
      "geometry": { "type": "Point", "coordinates": [0.0, 0.0] }
    },
    {
      "type": "Feature",
      "properties": {
        "p1": 40824000117,
        "p59a": "1.0",
        "p59b": "3.0",
        "p59c": "1.0",
        "p59d": "76",
        "p59e": "10.0",
        "p59f": "1.0",
        "p59g": "4.0",
        "x": 0,
        "y": 0
      },
      "geometry": { "type": "Point", "coordinates": [0.0, 0.0] }
    },
    {
      "type": "Feature",
      "properties": {
        "p1": 40824000117,
        "p59a": "1.0",
        "p59b": "3.0",
        "p59c": "1.0",
        "p59d": "66",
        "p59e": "10.0",
        "p59f": "1.0",
        "p59g": "4.0",
        "x": 0,
        "y": 0
      },
      "geometry": { "type": "Point", "coordinates": [0.0, 0.0] }
    },
    {
      "type": "Feature",
      "properties": {
        "p1": 40824000117,
        "p59a": "2.0",
        "p59b": "3.0",
        "p59c": "2.0",
        "p59d": "63",
        "p59e": "10.0",
        "p59f": "1.0",
        "p59g": "4.0",
        "x": 0,
        "y": 0
      },
      "geometry": { "type": "Point", "coordinates": [0.0, 0.0] }
    },
    {
      "type": "Feature",
      "properties": {
        "p1": 40824000119,
        "p59a": "1.0",
        "p59b": "3.0",
        "p59c": "1.0",
        "p59d": "19",
        "p59e": "10.0",
        "p59f": "1.0",
        "p59g": "4.0",
        "x": 0,
        "y": 0
      },
      "geometry": { "type": "Point", "coordinates": [0.0, 0.0] }
    },
    {
      "type": "Feature",
      "properties": {
        "p1": 40824000119,
        "p59a": "2.0",
        "p59b": "3.0",
        "p59c": "1.0",
        "p59d": "18",
        "p59e": "10.0",
        "p59f": "1.0",
        "p59g": "4.0",
        "x": 0,
        "y": 0
      },
      "geometry": { "type": "Point", "coordinates": [0.0, 0.0] }
    },
    {
      "type": "Feature",
      "properties": {
        "p1": 40824000119,
        "p59a": "3.0",
        "p59b": "3.0",
        "p59c": "1.0",
        "p59d": "17",
        "p59e": "10.0",
        "p59f": "1.0",
        "p59g": "4.0",
        "x": 0,
        "y": 0
      },
      "geometry": { "type": "Point", "coordinates": [0.0, 0.0] }
    },
    {
      "type": "Feature",
      "properties": {
        "p1": 40824000130,
        "p59a": null,
        "p59b": null,
        "p59c": null,
        "p59d": null,
        "p59e": null,
        "p59f": null,
        "p59g": "4.0",
        "x": 0,
        "y": 0
      },
      "geometry": { "type": "Point", "coordinates": [0.0, 0.0] }
    },
    {
      "type": "Feature",
      "properties": {
        "p1": 40824000130,
        "p59a": "1.0",
        "p59b": "3.0",
        "p59c": "1.0",
        "p59d": "47",
        "p59e": "10.0",
        "p59f": "1.0",
        "p59g": "4.0",
        "x": 0,
        "y": 0
      },
      "geometry": { "type": "Point", "coordinates": [0.0, 0.0] }
    },
    {
      "type": "Feature",
      "properties": {
        "p1": 40824000134,
        "p59a": null,
        "p59b": null,
        "p59c": null,
        "p59d": null,
        "p59e": null,
        "p59f": null,
        "p59g": null,
        "x": 0,
        "y": 0
      },
      "geometry": { "type": "Point", "coordinates": [0.0, 0.0] }
    },
    {
      "type": "Feature",
      "properties": {
        "p1": 40824000134,
        "p59a": "1.0",
        "p59b": "3.0",
        "p59c": "2.0",
        "p59d": "42",
        "p59e": "10.0",
        "p59f": "1.0",
        "p59g": "4.0",
        "x": 0,
        "y": 0
      },
      "geometry": { "type": "Point", "coordinates": [0.0, 0.0] }
    },
    {
      "type": "Feature",
      "properties": {
        "p1": 40824000136,
        "p59a": "1.0",
        "p59b": "4.0",
        "p59c": "2.0",
        "p59d": "45",
        "p59e": "10.0",
        "p59f": "1.0",
        "p59g": "4.0",
        "x": 0,
        "y": 0
      },
      "geometry": { "type": "Point", "coordinates": [0.0, 0.0] }
    },
    {
      "type": "Feature",
      "properties": {
        "p1": 40824000136,
        "p59a": "1.0",
        "p59b": "3.0",
        "p59c": "1.0",
        "p59d": "57",
        "p59e": "10.0",
        "p59f": "1.0",
        "p59g": "4.0",
        "x": 0,
        "y": 0
      },
      "geometry": { "type": "Point", "coordinates": [0.0, 0.0] }
    },
    {
      "type": "Feature",
      "properties": {
        "p1": 40824000137,
        "p59a": "1.0",
        "p59b": "3.0",
        "p59c": "1.0",
        "p59d": "40",
        "p59e": "10.0",
        "p59f": "1.0",
        "p59g": "4.0",
        "x": 0,
        "y": 0
      },
      "geometry": { "type": "Point", "coordinates": [0.0, 0.0] }
    },
    {
      "type": "Feature",
      "properties": {
        "p1": 40824000137,
        "p59a": "3.0",
        "p59b": "5.0",
        "p59c": "4.0",
        "p59d": "04",
        "p59e": "10.0",
        "p59f": "1.0",
        "p59g": "4.0",
        "x": 0,
        "y": 0
      },
      "geometry": { "type": "Point", "coordinates": [0.0, 0.0] }
    },
    {
      "type": "Feature",
      "properties": {
        "p1": 40824000137,
        "p59a": "1.0",
        "p59b": "3.0",
        "p59c": "2.0",
        "p59d": "29",
        "p59e": "10.0",
        "p59f": "1.0",
        "p59g": "4.0",
        "x": 0,
        "y": 0
      },
      "geometry": { "type": "Point", "coordinates": [0.0, 0.0] }
    },
    {
      "type": "Feature",
      "properties": {
        "p1": 40824000137,
        "p59a": "2.0",
        "p59b": "3.0",
        "p59c": "1.0",
        "p59d": "31",
        "p59e": "10.0",
        "p59f": "1.0",
        "p59g": "4.0",
        "x": 0,
        "y": 0
      },
      "geometry": { "type": "Point", "coordinates": [0.0, 0.0] }
    },
    {
      "type": "Feature",
      "properties": {
        "p1": 40824000138,
        "p59a": "1.0",
        "p59b": "3.0",
        "p59c": "1.0",
        "p59d": "22",
        "p59e": "10.0",
        "p59f": "1.0",
        "p59g": "4.0",
        "x": 0,
        "y": 0
      },
      "geometry": { "type": "Point", "coordinates": [0.0, 0.0] }
    },
    {
      "type": "Feature",
      "properties": {
        "p1": 40824000138,
        "p59a": "1.0",
        "p59b": "3.0",
        "p59c": "1.0",
        "p59d": "19",
        "p59e": "10.0",
        "p59f": "1.0",
        "p59g": "4.0",
        "x": 0,
        "y": 0
      },
      "geometry": { "type": "Point", "coordinates": [0.0, 0.0] }
    },
    {
      "type": "Feature",
      "properties": {
        "p1": 40824000140,
        "p59a": "1.0",
        "p59b": "3.0",
        "p59c": "1.0",
        "p59d": "36",
        "p59e": "50.0",
        "p59f": "1.0",
        "p59g": "4.0",
        "x": 0,
        "y": 0
      },
      "geometry": { "type": "Point", "coordinates": [0.0, 0.0] }
    },
    {
      "type": "Feature",
      "properties": {
        "p1": 40824000140,
        "p59a": "2.0",
        "p59b": "3.0",
        "p59c": "1.0",
        "p59d": "39",
        "p59e": "10.0",
        "p59f": "1.0",
        "p59g": "4.0",
        "x": 0,
        "y": 0
      },
      "geometry": { "type": "Point", "coordinates": [0.0, 0.0] }
    },
    {
      "type": "Feature",
      "properties": {
        "p1": 40824000140,
        "p59a": "1.0",
        "p59b": "3.0",
        "p59c": "1.0",
        "p59d": "32",
        "p59e": "10.0",
        "p59f": "1.0",
        "p59g": "4.0",
        "x": 0,
        "y": 0
      },
      "geometry": { "type": "Point", "coordinates": [0.0, 0.0] }
    },
    {
      "type": "Feature",
      "properties": {
        "p1": 40824000141,
        "p59a": "3.0",
        "p59b": "3.0",
        "p59c": "4.0",
        "p59d": "10",
        "p59e": "10.0",
        "p59f": "1.0",
        "p59g": "4.0",
        "x": 0,
        "y": 0
      },
      "geometry": { "type": "Point", "coordinates": [0.0, 0.0] }
    },
    {
      "type": "Feature",
      "properties": {
        "p1": 40824000141,
        "p59a": "1.0",
        "p59b": "3.0",
        "p59c": "2.0",
        "p59d": "39",
        "p59e": "10.0",
        "p59f": "1.0",
        "p59g": "4.0",
        "x": 0,
        "y": 0
      },
      "geometry": { "type": "Point", "coordinates": [0.0, 0.0] }
    },
    {
      "type": "Feature",
      "properties": {
        "p1": 40824000144,
        "p59a": "1.0",
        "p59b": "3.0",
        "p59c": "2.0",
        "p59d": "46",
        "p59e": "10.0",
        "p59f": "1.0",
        "p59g": "4.0",
        "x": 0,
        "y": 0
      },
      "geometry": { "type": "Point", "coordinates": [0.0, 0.0] }
    },
    {
      "type": "Feature",
      "properties": {
        "p1": 40824000144,
        "p59a": "2.0",
        "p59b": "3.0",
        "p59c": "2.0",
        "p59d": "16",
        "p59e": "10.0",
        "p59f": "1.0",
        "p59g": "4.0",
        "x": 0,
        "y": 0
      },
      "geometry": { "type": "Point", "coordinates": [0.0, 0.0] }
    },
    {
      "type": "Feature",
      "properties": {
        "p1": 40824000144,
        "p59a": "1.0",
        "p59b": "3.0",
        "p59c": "1.0",
        "p59d": "34",
        "p59e": "10.0",
        "p59f": "1.0",
        "p59g": "4.0",
        "x": 0,
        "y": 0
      },
      "geometry": { "type": "Point", "coordinates": [0.0, 0.0] }
    },
    {
      "type": "Feature",
      "properties": {
        "p1": 40824000152,
        "p59a": "1.0",
        "p59b": "3.0",
        "p59c": "1.0",
        "p59d": "59",
        "p59e": "10.0",
        "p59f": "1.0",
        "p59g": "4.0",
        "x": 0,
        "y": 0
      },
      "geometry": { "type": "Point", "coordinates": [0.0, 0.0] }
    },
    {
      "type": "Feature",
      "properties": {
        "p1": 40824000152,
        "p59a": "3.0",
        "p59b": "3.0",
        "p59c": "1.0",
        "p59d": "47",
        "p59e": "10.0",
        "p59f": "1.0",
        "p59g": "4.0",
        "x": 0,
        "y": 0
      },
      "geometry": { "type": "Point", "coordinates": [0.0, 0.0] }
    },
    {
      "type": "Feature",
      "properties": {
        "p1": 40824000152,
        "p59a": "3.0",
        "p59b": "3.0",
        "p59c": "1.0",
        "p59d": "36",
        "p59e": "10.0",
        "p59f": "1.0",
        "p59g": "4.0",
        "x": 0,
        "y": 0
      },
      "geometry": { "type": "Point", "coordinates": [0.0, 0.0] }
    },
    {
      "type": "Feature",
      "properties": {
        "p1": 40824000152,
        "p59a": "1.0",
        "p59b": "3.0",
        "p59c": "1.0",
        "p59d": "75",
        "p59e": "10.0",
        "p59f": "1.0",
        "p59g": "4.0",
        "x": 0,
        "y": 0
      },
      "geometry": { "type": "Point", "coordinates": [0.0, 0.0] }
    },
    {
      "type": "Feature",
      "properties": {
        "p1": 40824000155,
        "p59a": "1.0",
        "p59b": "3.0",
        "p59c": "2.0",
        "p59d": "53",
        "p59e": "10.0",
        "p59f": "1.0",
        "p59g": "4.0",
        "x": 0,
        "y": 0
      },
      "geometry": { "type": "Point", "coordinates": [0.0, 0.0] }
    },
    {
      "type": "Feature",
      "properties": {
        "p1": 40824000155,
        "p59a": "1.0",
        "p59b": "3.0",
        "p59c": "1.0",
        "p59d": "25",
        "p59e": "104.0",
        "p59f": "1.0",
        "p59g": "4.0",
        "x": 0,
        "y": 0
      },
      "geometry": { "type": "Point", "coordinates": [0.0, 0.0] }
    },
    {
      "type": "Feature",
      "properties": {
        "p1": 40824000160,
        "p59a": "1.0",
        "p59b": "3.0",
        "p59c": "1.0",
        "p59d": "79",
        "p59e": "10.0",
        "p59f": "1.0",
        "p59g": "4.0",
        "x": 0,
        "y": 0
      },
      "geometry": { "type": "Point", "coordinates": [0.0, 0.0] }
    },
    {
      "type": "Feature",
      "properties": {
        "p1": 40824000160,
        "p59a": "1.0",
        "p59b": "3.0",
        "p59c": "1.0",
        "p59d": "49",
        "p59e": "10.0",
        "p59f": "1.0",
        "p59g": "4.0",
        "x": 0,
        "y": 0
      },
      "geometry": { "type": "Point", "coordinates": [0.0, 0.0] }
    },
    {
      "type": "Feature",
      "properties": {
        "p1": 40824000177,
        "p59a": "1.0",
        "p59b": "3.0",
        "p59c": "1.0",
        "p59d": "51",
        "p59e": "10.0",
        "p59f": "1.0",
        "p59g": "4.0",
        "x": 0,
        "y": 0
      },
      "geometry": { "type": "Point", "coordinates": [0.0, 0.0] }
    },
    {
      "type": "Feature",
      "properties": {
        "p1": 40824000177,
        "p59a": "1.0",
        "p59b": "3.0",
        "p59c": "1.0",
        "p59d": "38",
        "p59e": "10.0",
        "p59f": "1.0",
        "p59g": "4.0",
        "x": 0,
        "y": 0
      },
      "geometry": { "type": "Point", "coordinates": [0.0, 0.0] }
    },
    {
      "type": "Feature",
      "properties": {
        "p1": 40824000177,
        "p59a": "3.0",
        "p59b": "5.0",
        "p59c": "3.0",
        "p59d": "04",
        "p59e": "10.0",
        "p59f": "1.0",
        "p59g": "4.0",
        "x": 0,
        "y": 0
      },
      "geometry": { "type": "Point", "coordinates": [0.0, 0.0] }
    },
    {
      "type": "Feature",
      "properties": {
        "p1": 40824000177,
        "p59a": "3.0",
        "p59b": "3.0",
        "p59c": "3.0",
        "p59d": "07",
        "p59e": "10.0",
        "p59f": "1.0",
        "p59g": "4.0",
        "x": 0,
        "y": 0
      },
      "geometry": { "type": "Point", "coordinates": [0.0, 0.0] }
    },
    {
      "type": "Feature",
      "properties": {
        "p1": 40824000177,
        "p59a": "2.0",
        "p59b": "3.0",
        "p59c": "2.0",
        "p59d": "35",
        "p59e": "10.0",
        "p59f": "1.0",
        "p59g": "4.0",
        "x": 0,
        "y": 0
      },
      "geometry": { "type": "Point", "coordinates": [0.0, 0.0] }
    },
    {
      "type": "Feature",
      "properties": {
        "p1": 40824000187,
        "p59a": "1.0",
        "p59b": "3.0",
        "p59c": "1.0",
        "p59d": "59",
        "p59e": "10.0",
        "p59f": "1.0",
        "p59g": "4.0",
        "x": 0,
        "y": 0
      },
      "geometry": { "type": "Point", "coordinates": [0.0, 0.0] }
    },
    {
      "type": "Feature",
      "properties": {
        "p1": 40824000187,
        "p59a": "4.0",
        "p59b": "4.0",
        "p59c": "1.0",
        "p59d": "82",
        "p59e": "10.0",
        "p59f": "5.0",
        "p59g": "3.0",
        "x": 0,
        "y": 0
      },
      "geometry": { "type": "Point", "coordinates": [0.0, 0.0] }
    },
    {
      "type": "Feature",
      "properties": {
        "p1": 40824000192,
        "p59a": "1.0",
        "p59b": "3.0",
        "p59c": "1.0",
        "p59d": "36",
        "p59e": "99.0",
        "p59f": "1.0",
        "p59g": "4.0",
        "x": 0,
        "y": 0
      },
      "geometry": { "type": "Point", "coordinates": [0.0, 0.0] }
    },
    {
      "type": "Feature",
      "properties": {
        "p1": 40824000192,
        "p59a": "1.0",
        "p59b": "3.0",
        "p59c": "2.0",
        "p59d": "57",
        "p59e": "10.0",
        "p59f": "1.0",
        "p59g": "4.0",
        "x": 0,
        "y": 0
      },
      "geometry": { "type": "Point", "coordinates": [0.0, 0.0] }
    },
    {
      "type": "Feature",
      "properties": {
        "p1": 40824000193,
        "p59a": "1.0",
        "p59b": "3.0",
        "p59c": "2.0",
        "p59d": "18",
        "p59e": "10.0",
        "p59f": "1.0",
        "p59g": "4.0",
        "x": 0,
        "y": 0
      },
      "geometry": { "type": "Point", "coordinates": [0.0, 0.0] }
    },
    {
      "type": "Feature",
      "properties": {
        "p1": 40824000193,
        "p59a": "1.0",
        "p59b": "3.0",
        "p59c": "1.0",
        "p59d": "79",
        "p59e": "10.0",
        "p59f": "1.0",
        "p59g": "4.0",
        "x": 0,
        "y": 0
      },
      "geometry": { "type": "Point", "coordinates": [0.0, 0.0] }
    },
    {
      "type": "Feature",
      "properties": {
        "p1": 40824000201,
        "p59a": "1.0",
        "p59b": "3.0",
        "p59c": "1.0",
        "p59d": "29",
        "p59e": "10.0",
        "p59f": "1.0",
        "p59g": "4.0",
        "x": 0,
        "y": 0
      },
      "geometry": { "type": "Point", "coordinates": [0.0, 0.0] }
    },
    {
      "type": "Feature",
      "properties": {
        "p1": 40824000201,
        "p59a": "3.0",
        "p59b": "3.0",
        "p59c": "3.0",
        "p59d": "09",
        "p59e": "10.0",
        "p59f": "1.0",
        "p59g": "4.0",
        "x": 0,
        "y": 0
      },
      "geometry": { "type": "Point", "coordinates": [0.0, 0.0] }
    },
    {
      "type": "Feature",
      "properties": {
        "p1": 40824000201,
        "p59a": "3.0",
        "p59b": "3.0",
        "p59c": "2.0",
        "p59d": "15",
        "p59e": "10.0",
        "p59f": "1.0",
        "p59g": "4.0",
        "x": 0,
        "y": 0
      },
      "geometry": { "type": "Point", "coordinates": [0.0, 0.0] }
    },
    {
      "type": "Feature",
      "properties": {
        "p1": 40824000201,
        "p59a": "2.0",
        "p59b": "3.0",
        "p59c": "2.0",
        "p59d": "28",
        "p59e": "10.0",
        "p59f": "1.0",
        "p59g": "4.0",
        "x": 0,
        "y": 0
      },
      "geometry": { "type": "Point", "coordinates": [0.0, 0.0] }
    },
    {
      "type": "Feature",
      "properties": {
        "p1": 40824000201,
        "p59a": "1.0",
        "p59b": "7.0",
        "p59c": "1.0",
        "p59d": "20",
        "p59e": "10.0",
        "p59f": "3.0",
        "p59g": "3.0",
        "x": 0,
        "y": 0
      },
      "geometry": { "type": "Point", "coordinates": [0.0, 0.0] }
    },
    {
      "type": "Feature",
      "properties": {
        "p1": 40824000202,
        "p59a": "1.0",
        "p59b": "3.0",
        "p59c": "1.0",
        "p59d": "26",
        "p59e": "10.0",
        "p59f": "1.0",
        "p59g": "4.0",
        "x": 0,
        "y": 0
      },
      "geometry": { "type": "Point", "coordinates": [0.0, 0.0] }
    },
    {
      "type": "Feature",
      "properties": {
        "p1": 40824000202,
        "p59a": "1.0",
        "p59b": "7.0",
        "p59c": "1.0",
        "p59d": "36",
        "p59e": "10.0",
        "p59f": "1.0",
        "p59g": "4.0",
        "x": 0,
        "y": 0
      },
      "geometry": { "type": "Point", "coordinates": [0.0, 0.0] }
    },
    {
      "type": "Feature",
      "properties": {
        "p1": 40824000212,
        "p59a": null,
        "p59b": null,
        "p59c": null,
        "p59d": null,
        "p59e": null,
        "p59f": null,
        "p59g": null,
        "x": 0,
        "y": 0
      },
      "geometry": { "type": "Point", "coordinates": [0.0, 0.0] }
    },
    {
      "type": "Feature",
      "properties": {
        "p1": 40824000212,
        "p59a": "1.0",
        "p59b": "3.0",
        "p59c": "2.0",
        "p59d": "41",
        "p59e": "10.0",
        "p59f": "1.0",
        "p59g": "4.0",
        "x": 0,
        "y": 0
      },
      "geometry": { "type": "Point", "coordinates": [0.0, 0.0] }
    },
    {
      "type": "Feature",
      "properties": {
        "p1": 40824000213,
        "p59a": "1.0",
        "p59b": "3.0",
        "p59c": "1.0",
        "p59d": "52",
        "p59e": "10.0",
        "p59f": "1.0",
        "p59g": "4.0",
        "x": 0,
        "y": 0
      },
      "geometry": { "type": "Point", "coordinates": [0.0, 0.0] }
    },
    {
      "type": "Feature",
      "properties": {
        "p1": 40824000213,
        "p59a": "2.0",
        "p59b": "3.0",
        "p59c": "1.0",
        "p59d": "56",
        "p59e": "10.0",
        "p59f": "1.0",
        "p59g": "4.0",
        "x": 0,
        "y": 0
      },
      "geometry": { "type": "Point", "coordinates": [0.0, 0.0] }
    },
    {
      "type": "Feature",
      "properties": {
        "p1": 40824000214,
        "p59a": "1.0",
        "p59b": "3.0",
        "p59c": "1.0",
        "p59d": "69",
        "p59e": "10.0",
        "p59f": "1.0",
        "p59g": "4.0",
        "x": 0,
        "y": 0
      },
      "geometry": { "type": "Point", "coordinates": [0.0, 0.0] }
    },
    {
      "type": "Feature",
      "properties": {
        "p1": 40824000214,
        "p59a": "3.0",
        "p59b": "4.0",
        "p59c": "2.0",
        "p59d": "65",
        "p59e": "10.0",
        "p59f": "5.0",
        "p59g": "3.0",
        "x": 0,
        "y": 0
      },
      "geometry": { "type": "Point", "coordinates": [0.0, 0.0] }
    },
    {
      "type": "Feature",
      "properties": {
        "p1": 40824000219,
        "p59a": "1.0",
        "p59b": "3.0",
        "p59c": "2.0",
        "p59d": "21",
        "p59e": "10.0",
        "p59f": "1.0",
        "p59g": "4.0",
        "x": 0,
        "y": 0
      },
      "geometry": { "type": "Point", "coordinates": [0.0, 0.0] }
    },
    {
      "type": "Feature",
      "properties": {
        "p1": 40824000219,
        "p59a": "2.0",
        "p59b": "3.0",
        "p59c": "1.0",
        "p59d": "23",
        "p59e": "10.0",
        "p59f": "1.0",
        "p59g": "4.0",
        "x": 0,
        "y": 0
      },
      "geometry": { "type": "Point", "coordinates": [0.0, 0.0] }
    },
    {
      "type": "Feature",
      "properties": {
        "p1": 40824000219,
        "p59a": "1.0",
        "p59b": "3.0",
        "p59c": "2.0",
        "p59d": "61",
        "p59e": "10.0",
        "p59f": "1.0",
        "p59g": "4.0",
        "x": 0,
        "y": 0
      },
      "geometry": { "type": "Point", "coordinates": [0.0, 0.0] }
    },
    {
      "type": "Feature",
      "properties": {
        "p1": 40824000223,
        "p59a": "1.0",
        "p59b": "3.0",
        "p59c": "1.0",
        "p59d": "21",
        "p59e": "10.0",
        "p59f": "1.0",
        "p59g": "4.0",
        "x": 0,
        "y": 0
      },
      "geometry": { "type": "Point", "coordinates": [0.0, 0.0] }
    },
    {
      "type": "Feature",
      "properties": {
        "p1": 40824000223,
        "p59a": "2.0",
        "p59b": "3.0",
        "p59c": "1.0",
        "p59d": "17",
        "p59e": "10.0",
        "p59f": "1.0",
        "p59g": "4.0",
        "x": 0,
        "y": 0
      },
      "geometry": { "type": "Point", "coordinates": [0.0, 0.0] }
    },
    {
      "type": "Feature",
      "properties": {
        "p1": 40824000224,
        "p59a": "1.0",
        "p59b": "3.0",
        "p59c": "1.0",
        "p59d": "50",
        "p59e": "10.0",
        "p59f": "1.0",
        "p59g": "4.0",
        "x": 0,
        "y": 0
      },
      "geometry": { "type": "Point", "coordinates": [0.0, 0.0] }
    },
    {
      "type": "Feature",
      "properties": {
        "p1": 40824000224,
        "p59a": "1.0",
        "p59b": "3.0",
        "p59c": "1.0",
        "p59d": "63",
        "p59e": "10.0",
        "p59f": "1.0",
        "p59g": "4.0",
        "x": 0,
        "y": 0
      },
      "geometry": { "type": "Point", "coordinates": [0.0, 0.0] }
    },
    {
      "type": "Feature",
      "properties": {
        "p1": 40824000232,
        "p59a": "1.0",
        "p59b": "3.0",
        "p59c": "1.0",
        "p59d": "31",
        "p59e": "10.0",
        "p59f": "1.0",
        "p59g": "4.0",
        "x": 0,
        "y": 0
      },
      "geometry": { "type": "Point", "coordinates": [0.0, 0.0] }
    },
    {
      "type": "Feature",
      "properties": {
        "p1": 40824000232,
        "p59a": "2.0",
        "p59b": "3.0",
        "p59c": "1.0",
        "p59d": "32",
        "p59e": "10.0",
        "p59f": "1.0",
        "p59g": "4.0",
        "x": 0,
        "y": 0
      },
      "geometry": { "type": "Point", "coordinates": [0.0, 0.0] }
    },
    {
      "type": "Feature",
      "properties": {
        "p1": 40824000238,
        "p59a": "1.0",
        "p59b": "3.0",
        "p59c": "1.0",
        "p59d": "33",
        "p59e": "10.0",
        "p59f": "1.0",
        "p59g": "4.0",
        "x": 0,
        "y": 0
      },
      "geometry": { "type": "Point", "coordinates": [0.0, 0.0] }
    },
    {
      "type": "Feature",
      "properties": {
        "p1": 40824000238,
        "p59a": "3.0",
        "p59b": "3.0",
        "p59c": "2.0",
        "p59d": "30",
        "p59e": "10.0",
        "p59f": "1.0",
        "p59g": "4.0",
        "x": 0,
        "y": 0
      },
      "geometry": { "type": "Point", "coordinates": [0.0, 0.0] }
    },
    {
      "type": "Feature",
      "properties": {
        "p1": 40824000238,
        "p59a": "1.0",
        "p59b": "3.0",
        "p59c": "2.0",
        "p59d": "20",
        "p59e": "10.0",
        "p59f": "1.0",
        "p59g": "4.0",
        "x": 0,
        "y": 0
      },
      "geometry": { "type": "Point", "coordinates": [0.0, 0.0] }
    },
    {
      "type": "Feature",
      "properties": {
        "p1": 40824000239,
        "p59a": "1.0",
        "p59b": "3.0",
        "p59c": "2.0",
        "p59d": "50",
        "p59e": "10.0",
        "p59f": "1.0",
        "p59g": "4.0",
        "x": 0,
        "y": 0
      },
      "geometry": { "type": "Point", "coordinates": [0.0, 0.0] }
    },
    {
      "type": "Feature",
      "properties": {
        "p1": 40824000239,
        "p59a": "1.0",
        "p59b": "3.0",
        "p59c": "1.0",
        "p59d": "20",
        "p59e": "10.0",
        "p59f": "1.0",
        "p59g": "4.0",
        "x": 0,
        "y": 0
      },
      "geometry": { "type": "Point", "coordinates": [0.0, 0.0] }
    },
    {
      "type": "Feature",
      "properties": {
        "p1": 40824000239,
        "p59a": "2.0",
        "p59b": "3.0",
        "p59c": "1.0",
        "p59d": "19",
        "p59e": "10.0",
        "p59f": "1.0",
        "p59g": "4.0",
        "x": 0,
        "y": 0
      },
      "geometry": { "type": "Point", "coordinates": [0.0, 0.0] }
    },
    {
      "type": "Feature",
      "properties": {
        "p1": 40824000239,
        "p59a": "3.0",
        "p59b": "3.0",
        "p59c": "2.0",
        "p59d": "18",
        "p59e": "10.0",
        "p59f": "1.0",
        "p59g": "4.0",
        "x": 0,
        "y": 0
      },
      "geometry": { "type": "Point", "coordinates": [0.0, 0.0] }
    },
    {
      "type": "Feature",
      "properties": {
        "p1": 40824000246,
        "p59a": "1.0",
        "p59b": "3.0",
        "p59c": "2.0",
        "p59d": "39",
        "p59e": "10.0",
        "p59f": "1.0",
        "p59g": "4.0",
        "x": 0,
        "y": 0
      },
      "geometry": { "type": "Point", "coordinates": [0.0, 0.0] }
    },
    {
      "type": "Feature",
      "properties": {
        "p1": 40824000246,
        "p59a": "1.0",
        "p59b": "1.0",
        "p59c": "1.0",
        "p59d": "50",
        "p59e": "10.0",
        "p59f": "5.0",
        "p59g": "3.0",
        "x": 0,
        "y": 0
      },
      "geometry": { "type": "Point", "coordinates": [0.0, 0.0] }
    },
    {
      "type": "Feature",
      "properties": {
        "p1": 40824000247,
        "p59a": "1.0",
        "p59b": "3.0",
        "p59c": "2.0",
        "p59d": "43",
        "p59e": "10.0",
        "p59f": "1.0",
        "p59g": "4.0",
        "x": 0,
        "y": 0
      },
      "geometry": { "type": "Point", "coordinates": [0.0, 0.0] }
    },
    {
      "type": "Feature",
      "properties": {
        "p1": 40824000247,
        "p59a": "2.0",
        "p59b": "3.0",
        "p59c": "4.0",
        "p59d": "14",
        "p59e": "10.0",
        "p59f": "1.0",
        "p59g": "4.0",
        "x": 0,
        "y": 0
      },
      "geometry": { "type": "Point", "coordinates": [0.0, 0.0] }
    },
    {
      "type": "Feature",
      "properties": {
        "p1": 40824000247,
        "p59a": "3.0",
        "p59b": "3.0",
        "p59c": "4.0",
        "p59d": "07",
        "p59e": "10.0",
        "p59f": "1.0",
        "p59g": "4.0",
        "x": 0,
        "y": 0
      },
      "geometry": { "type": "Point", "coordinates": [0.0, 0.0] }
    },
    {
      "type": "Feature",
      "properties": {
        "p1": 40824000247,
        "p59a": "1.0",
        "p59b": "3.0",
        "p59c": "1.0",
        "p59d": "53",
        "p59e": "423.0",
        "p59f": "1.0",
        "p59g": "4.0",
        "x": 0,
        "y": 0
      },
      "geometry": { "type": "Point", "coordinates": [0.0, 0.0] }
    },
    {
      "type": "Feature",
      "properties": {
        "p1": 40824000247,
        "p59a": "3.0",
        "p59b": "3.0",
        "p59c": "4.0",
        "p59d": "05",
        "p59e": "10.0",
        "p59f": "1.0",
        "p59g": "4.0",
        "x": 0,
        "y": 0
      },
      "geometry": { "type": "Point", "coordinates": [0.0, 0.0] }
    },
    {
      "type": "Feature",
      "properties": {
        "p1": 40824000247,
        "p59a": "2.0",
        "p59b": "3.0",
        "p59c": "2.0",
        "p59d": "40",
        "p59e": "10.0",
        "p59f": "1.0",
        "p59g": "4.0",
        "x": 0,
        "y": 0
      },
      "geometry": { "type": "Point", "coordinates": [0.0, 0.0] }
    },
    {
      "type": "Feature",
      "properties": {
        "p1": 40824000253,
        "p59a": "1.0",
        "p59b": "3.0",
        "p59c": "1.0",
        "p59d": "18",
        "p59e": "10.0",
        "p59f": "1.0",
        "p59g": "4.0",
        "x": 0,
        "y": 0
      },
      "geometry": { "type": "Point", "coordinates": [0.0, 0.0] }
    },
    {
      "type": "Feature",
      "properties": {
        "p1": 40824000253,
        "p59a": "1.0",
        "p59b": "3.0",
        "p59c": "1.0",
        "p59d": "64",
        "p59e": "10.0",
        "p59f": "1.0",
        "p59g": "4.0",
        "x": 0,
        "y": 0
      },
      "geometry": { "type": "Point", "coordinates": [0.0, 0.0] }
    },
    {
      "type": "Feature",
      "properties": {
        "p1": 40824000254,
        "p59a": "1.0",
        "p59b": "3.0",
        "p59c": "1.0",
        "p59d": "22",
        "p59e": "50.0",
        "p59f": "1.0",
        "p59g": "4.0",
        "x": 0,
        "y": 0
      },
      "geometry": { "type": "Point", "coordinates": [0.0, 0.0] }
    },
    {
      "type": "Feature",
      "properties": {
        "p1": 40824000254,
        "p59a": "3.0",
        "p59b": "3.0",
        "p59c": "1.0",
        "p59d": "52",
        "p59e": "10.0",
        "p59f": "5.0",
        "p59g": "3.0",
        "x": 0,
        "y": 0
      },
      "geometry": { "type": "Point", "coordinates": [0.0, 0.0] }
    },
    {
      "type": "Feature",
      "properties": {
        "p1": 40824000254,
        "p59a": "1.0",
        "p59b": "3.0",
        "p59c": "1.0",
        "p59d": "25",
        "p59e": "10.0",
        "p59f": "1.0",
        "p59g": "4.0",
        "x": 0,
        "y": 0
      },
      "geometry": { "type": "Point", "coordinates": [0.0, 0.0] }
    },
    {
      "type": "Feature",
      "properties": {
        "p1": 40824000254,
        "p59a": "1.0",
        "p59b": "3.0",
        "p59c": "1.0",
        "p59d": "28",
        "p59e": "10.0",
        "p59f": "1.0",
        "p59g": "4.0",
        "x": 0,
        "y": 0
      },
      "geometry": { "type": "Point", "coordinates": [0.0, 0.0] }
    },
    {
      "type": "Feature",
      "properties": {
        "p1": 40824000258,
        "p59a": "1.0",
        "p59b": "3.0",
        "p59c": "1.0",
        "p59d": "20",
        "p59e": "10.0",
        "p59f": "1.0",
        "p59g": "4.0",
        "x": 0,
        "y": 0
      },
      "geometry": { "type": "Point", "coordinates": [0.0, 0.0] }
    },
    {
      "type": "Feature",
      "properties": {
        "p1": 40824000258,
        "p59a": "1.0",
        "p59b": "3.0",
        "p59c": "1.0",
        "p59d": "35",
        "p59e": "10.0",
        "p59f": "1.0",
        "p59g": "4.0",
        "x": 0,
        "y": 0
      },
      "geometry": { "type": "Point", "coordinates": [0.0, 0.0] }
    },
    {
      "type": "Feature",
      "properties": {
        "p1": 40824000258,
        "p59a": "2.0",
        "p59b": "3.0",
        "p59c": "2.0",
        "p59d": "27",
        "p59e": "10.0",
        "p59f": "1.0",
        "p59g": "4.0",
        "x": 0,
        "y": 0
      },
      "geometry": { "type": "Point", "coordinates": [0.0, 0.0] }
    },
    {
      "type": "Feature",
      "properties": {
        "p1": 40824000258,
        "p59a": "1.0",
        "p59b": "3.0",
        "p59c": "1.0",
        "p59d": "30",
        "p59e": "10.0",
        "p59f": "1.0",
        "p59g": "4.0",
        "x": 0,
        "y": 0
      },
      "geometry": { "type": "Point", "coordinates": [0.0, 0.0] }
    },
    {
      "type": "Feature",
      "properties": {
        "p1": 40824000258,
        "p59a": "2.0",
        "p59b": "3.0",
        "p59c": "1.0",
        "p59d": "31",
        "p59e": "10.0",
        "p59f": "1.0",
        "p59g": "4.0",
        "x": 0,
        "y": 0
      },
      "geometry": { "type": "Point", "coordinates": [0.0, 0.0] }
    },
    {
      "type": "Feature",
      "properties": {
        "p1": 40824000262,
        "p59a": "1.0",
        "p59b": "3.0",
        "p59c": "1.0",
        "p59d": "42",
        "p59e": "10.0",
        "p59f": "1.0",
        "p59g": "4.0",
        "x": 0,
        "y": 0
      },
      "geometry": { "type": "Point", "coordinates": [0.0, 0.0] }
    },
    {
      "type": "Feature",
      "properties": {
        "p1": 40824000262,
        "p59a": "1.0",
        "p59b": "1.0",
        "p59c": "1.0",
        "p59d": "33",
        "p59e": "10.0",
        "p59f": "5.0",
        "p59g": "3.0",
        "x": 0,
        "y": 0
      },
      "geometry": { "type": "Point", "coordinates": [0.0, 0.0] }
    },
    {
      "type": "Feature",
      "properties": {
        "p1": 40824000267,
        "p59a": null,
        "p59b": null,
        "p59c": null,
        "p59d": null,
        "p59e": null,
        "p59f": null,
        "p59g": "4.0",
        "x": 0,
        "y": 0
      },
      "geometry": { "type": "Point", "coordinates": [0.0, 0.0] }
    },
    {
      "type": "Feature",
      "properties": {
        "p1": 40824000267,
        "p59a": "1.0",
        "p59b": "3.0",
        "p59c": "1.0",
        "p59d": "47",
        "p59e": "10.0",
        "p59f": "1.0",
        "p59g": "4.0",
        "x": 0,
        "y": 0
      },
      "geometry": { "type": "Point", "coordinates": [0.0, 0.0] }
    },
    {
      "type": "Feature",
      "properties": {
        "p1": 40824000287,
        "p59a": "1.0",
        "p59b": "3.0",
        "p59c": "1.0",
        "p59d": "20",
        "p59e": "10.0",
        "p59f": "1.0",
        "p59g": "4.0",
        "x": 0,
        "y": 0
      },
      "geometry": { "type": "Point", "coordinates": [0.0, 0.0] }
    },
    {
      "type": "Feature",
      "properties": {
        "p1": 40824000287,
        "p59a": "2.0",
        "p59b": "3.0",
        "p59c": "1.0",
        "p59d": "17",
        "p59e": "10.0",
        "p59f": "1.0",
        "p59g": "4.0",
        "x": 0,
        "y": 0
      },
      "geometry": { "type": "Point", "coordinates": [0.0, 0.0] }
    },
    {
      "type": "Feature",
      "properties": {
        "p1": 40824000287,
        "p59a": "1.0",
        "p59b": "3.0",
        "p59c": "1.0",
        "p59d": "21",
        "p59e": "10.0",
        "p59f": "1.0",
        "p59g": "4.0",
        "x": 0,
        "y": 0
      },
      "geometry": { "type": "Point", "coordinates": [0.0, 0.0] }
    },
    {
      "type": "Feature",
      "properties": {
        "p1": 40824000287,
        "p59a": "3.0",
        "p59b": "4.0",
        "p59c": "1.0",
        "p59d": "20",
        "p59e": "10.0",
        "p59f": "1.0",
        "p59g": "4.0",
        "x": 0,
        "y": 0
      },
      "geometry": { "type": "Point", "coordinates": [0.0, 0.0] }
    },
    {
      "type": "Feature",
      "properties": {
        "p1": 40824000287,
        "p59a": "3.0",
        "p59b": "3.0",
        "p59c": "1.0",
        "p59d": "18",
        "p59e": "10.0",
        "p59f": "1.0",
        "p59g": "4.0",
        "x": 0,
        "y": 0
      },
      "geometry": { "type": "Point", "coordinates": [0.0, 0.0] }
    },
    {
      "type": "Feature",
      "properties": {
        "p1": 40824000287,
        "p59a": "2.0",
        "p59b": "3.0",
        "p59c": "1.0",
        "p59d": "20",
        "p59e": "10.0",
        "p59f": "1.0",
        "p59g": "4.0",
        "x": 0,
        "y": 0
      },
      "geometry": { "type": "Point", "coordinates": [0.0, 0.0] }
    },
    {
      "type": "Feature",
      "properties": {
        "p1": 40824000289,
        "p59a": "1.0",
        "p59b": "3.0",
        "p59c": "1.0",
        "p59d": "18",
        "p59e": "10.0",
        "p59f": "1.0",
        "p59g": "4.0",
        "x": 0,
        "y": 0
      },
      "geometry": { "type": "Point", "coordinates": [0.0, 0.0] }
    },
    {
      "type": "Feature",
      "properties": {
        "p1": 40824000289,
        "p59a": "1.0",
        "p59b": "3.0",
        "p59c": "2.0",
        "p59d": "60",
        "p59e": "10.0",
        "p59f": "1.0",
        "p59g": "4.0",
        "x": 0,
        "y": 0
      },
      "geometry": { "type": "Point", "coordinates": [0.0, 0.0] }
    },
    {
      "type": "Feature",
      "properties": {
        "p1": 40824000289,
        "p59a": "2.0",
        "p59b": "3.0",
        "p59c": "1.0",
        "p59d": "62",
        "p59e": "10.0",
        "p59f": "1.0",
        "p59g": "4.0",
        "x": 0,
        "y": 0
      },
      "geometry": { "type": "Point", "coordinates": [0.0, 0.0] }
    },
    {
      "type": "Feature",
      "properties": {
        "p1": 40824000291,
        "p59a": "1.0",
        "p59b": "3.0",
        "p59c": "1.0",
        "p59d": "61",
        "p59e": "10.0",
        "p59f": "1.0",
        "p59g": "4.0",
        "x": 0,
        "y": 0
      },
      "geometry": { "type": "Point", "coordinates": [0.0, 0.0] }
    },
    {
      "type": "Feature",
      "properties": {
        "p1": 40824000291,
        "p59a": "1.0",
        "p59b": "3.0",
        "p59c": "1.0",
        "p59d": "62",
        "p59e": "10.0",
        "p59f": "1.0",
        "p59g": "4.0",
        "x": 0,
        "y": 0
      },
      "geometry": { "type": "Point", "coordinates": [0.0, 0.0] }
    },
    {
      "type": "Feature",
      "properties": {
        "p1": 40824000296,
        "p59a": "1.0",
        "p59b": "7.0",
        "p59c": "2.0",
        "p59d": "23",
        "p59e": "10.0",
        "p59f": "1.0",
        "p59g": "4.0",
        "x": 0,
        "y": 0
      },
      "geometry": { "type": "Point", "coordinates": [0.0, 0.0] }
    },
    {
      "type": "Feature",
      "properties": {
        "p1": 40824000296,
        "p59a": "1.0",
        "p59b": "7.0",
        "p59c": "1.0",
        "p59d": "60",
        "p59e": "10.0",
        "p59f": "4.0",
        "p59g": "3.0",
        "x": 0,
        "y": 0
      },
      "geometry": { "type": "Point", "coordinates": [0.0, 0.0] }
    },
    {
      "type": "Feature",
      "properties": {
        "p1": 40824000302,
        "p59a": "1.0",
        "p59b": "7.0",
        "p59c": "1.0",
        "p59d": "48",
        "p59e": "160.0",
        "p59f": "1.0",
        "p59g": "4.0",
        "x": 0,
        "y": 0
      },
      "geometry": { "type": "Point", "coordinates": [0.0, 0.0] }
    },
    {
      "type": "Feature",
      "properties": {
        "p1": 40824000302,
        "p59a": "1.0",
        "p59b": "4.0",
        "p59c": "2.0",
        "p59d": "60",
        "p59e": "10.0",
        "p59f": "1.0",
        "p59g": "4.0",
        "x": 0,
        "y": 0
      },
      "geometry": { "type": "Point", "coordinates": [0.0, 0.0] }
    },
    {
      "type": "Feature",
      "properties": {
        "p1": 40824000306,
        "p59a": "1.0",
        "p59b": "7.0",
        "p59c": "1.0",
        "p59d": "52",
        "p59e": "10.0",
        "p59f": "1.0",
        "p59g": "4.0",
        "x": 0,
        "y": 0
      },
      "geometry": { "type": "Point", "coordinates": [0.0, 0.0] }
    },
    {
      "type": "Feature",
      "properties": {
        "p1": 40824000306,
        "p59a": "3.0",
        "p59b": "5.0",
        "p59c": "4.0",
        "p59d": "04",
        "p59e": "10.0",
        "p59f": "1.0",
        "p59g": "4.0",
        "x": 0,
        "y": 0
      },
      "geometry": { "type": "Point", "coordinates": [0.0, 0.0] }
    },
    {
      "type": "Feature",
      "properties": {
        "p1": 40824000306,
        "p59a": "2.0",
        "p59b": "7.0",
        "p59c": "2.0",
        "p59d": "29",
        "p59e": "10.0",
        "p59f": "1.0",
        "p59g": "4.0",
        "x": 0,
        "y": 0
      },
      "geometry": { "type": "Point", "coordinates": [0.0, 0.0] }
    },
    {
      "type": "Feature",
      "properties": {
        "p1": 40824000306,
        "p59a": "1.0",
        "p59b": "3.0",
        "p59c": "1.0",
        "p59d": "54",
        "p59e": "10.0",
        "p59f": "1.0",
        "p59g": "4.0",
        "x": 0,
        "y": 0
      },
      "geometry": { "type": "Point", "coordinates": [0.0, 0.0] }
    },
    {
      "type": "Feature",
      "properties": {
        "p1": 40824000306,
        "p59a": "1.0",
        "p59b": "3.0",
        "p59c": "1.0",
        "p59d": "23",
        "p59e": "10.0",
        "p59f": "1.0",
        "p59g": "4.0",
        "x": 0,
        "y": 0
      },
      "geometry": { "type": "Point", "coordinates": [0.0, 0.0] }
    },
    {
      "type": "Feature",
      "properties": {
        "p1": 40824000308,
        "p59a": "1.0",
        "p59b": "3.0",
        "p59c": "2.0",
        "p59d": "20",
        "p59e": "10.0",
        "p59f": "1.0",
        "p59g": "4.0",
        "x": 0,
        "y": 0
      },
      "geometry": { "type": "Point", "coordinates": [0.0, 0.0] }
    },
    {
      "type": "Feature",
      "properties": {
        "p1": 40824000308,
        "p59a": "2.0",
        "p59b": "3.0",
        "p59c": "2.0",
        "p59d": "20",
        "p59e": "10.0",
        "p59f": "1.0",
        "p59g": "4.0",
        "x": 0,
        "y": 0
      },
      "geometry": { "type": "Point", "coordinates": [0.0, 0.0] }
    },
    {
      "type": "Feature",
      "properties": {
        "p1": 40824000313,
        "p59a": "1.0",
        "p59b": "3.0",
        "p59c": "1.0",
        "p59d": "43",
        "p59e": "10.0",
        "p59f": "1.0",
        "p59g": "4.0",
        "x": 0,
        "y": 0
      },
      "geometry": { "type": "Point", "coordinates": [0.0, 0.0] }
    },
    {
      "type": "Feature",
      "properties": {
        "p1": 40824000313,
        "p59a": "2.0",
        "p59b": "3.0",
        "p59c": "1.0",
        "p59d": "36",
        "p59e": "10.0",
        "p59f": "1.0",
        "p59g": "4.0",
        "x": 0,
        "y": 0
      },
      "geometry": { "type": "Point", "coordinates": [0.0, 0.0] }
    },
    {
      "type": "Feature",
      "properties": {
        "p1": 40824000314,
        "p59a": "1.0",
        "p59b": "3.0",
        "p59c": "2.0",
        "p59d": "85",
        "p59e": "10.0",
        "p59f": "1.0",
        "p59g": "4.0",
        "x": 0,
        "y": 0
      },
      "geometry": { "type": "Point", "coordinates": [0.0, 0.0] }
    },
    {
      "type": "Feature",
      "properties": {
        "p1": 40824000314,
        "p59a": "1.0",
        "p59b": "3.0",
        "p59c": "1.0",
        "p59d": "34",
        "p59e": "10.0",
        "p59f": "1.0",
        "p59g": "4.0",
        "x": 0,
        "y": 0
      },
      "geometry": { "type": "Point", "coordinates": [0.0, 0.0] }
    },
    {
      "type": "Feature",
      "properties": {
        "p1": 40824000317,
        "p59a": "1.0",
        "p59b": "3.0",
        "p59c": "1.0",
        "p59d": "58",
        "p59e": "10.0",
        "p59f": "1.0",
        "p59g": "4.0",
        "x": 0,
        "y": 0
      },
      "geometry": { "type": "Point", "coordinates": [0.0, 0.0] }
    },
    {
      "type": "Feature",
      "properties": {
        "p1": 40824000317,
        "p59a": "2.0",
        "p59b": "3.0",
        "p59c": "1.0",
        "p59d": "34",
        "p59e": "10.0",
        "p59f": "5.0",
        "p59g": "3.0",
        "x": 0,
        "y": 0
      },
      "geometry": { "type": "Point", "coordinates": [0.0, 0.0] }
    },
    {
      "type": "Feature",
      "properties": {
        "p1": 40824000317,
        "p59a": "2.0",
        "p59b": "3.0",
        "p59c": "1.0",
        "p59d": "50",
        "p59e": "10.0",
        "p59f": "5.0",
        "p59g": "3.0",
        "x": 0,
        "y": 0
      },
      "geometry": { "type": "Point", "coordinates": [0.0, 0.0] }
    },
    {
      "type": "Feature",
      "properties": {
        "p1": 40824000323,
        "p59a": "1.0",
        "p59b": "3.0",
        "p59c": "1.0",
        "p59d": "49",
        "p59e": "10.0",
        "p59f": "1.0",
        "p59g": "4.0",
        "x": 0,
        "y": 0
      },
      "geometry": { "type": "Point", "coordinates": [0.0, 0.0] }
    },
    {
      "type": "Feature",
      "properties": {
        "p1": 40824000323,
        "p59a": "1.0",
        "p59b": "3.0",
        "p59c": "1.0",
        "p59d": "19",
        "p59e": "10.0",
        "p59f": "1.0",
        "p59g": "4.0",
        "x": 0,
        "y": 0
      },
      "geometry": { "type": "Point", "coordinates": [0.0, 0.0] }
    },
    {
      "type": "Feature",
      "properties": {
        "p1": 40824000323,
        "p59a": "2.0",
        "p59b": "3.0",
        "p59c": "1.0",
        "p59d": "19",
        "p59e": "10.0",
        "p59f": "1.0",
        "p59g": "4.0",
        "x": 0,
        "y": 0
      },
      "geometry": { "type": "Point", "coordinates": [0.0, 0.0] }
    },
    {
      "type": "Feature",
      "properties": {
        "p1": 40824000324,
        "p59a": null,
        "p59b": null,
        "p59c": null,
        "p59d": null,
        "p59e": null,
        "p59f": null,
        "p59g": null,
        "x": 0,
        "y": 0
      },
      "geometry": { "type": "Point", "coordinates": [0.0, 0.0] }
    },
    {
      "type": "Feature",
      "properties": {
        "p1": 40824000324,
        "p59a": "1.0",
        "p59b": "3.0",
        "p59c": "2.0",
        "p59d": "34",
        "p59e": "10.0",
        "p59f": "1.0",
        "p59g": "4.0",
        "x": 0,
        "y": 0
      },
      "geometry": { "type": "Point", "coordinates": [0.0, 0.0] }
    },
    {
      "type": "Feature",
      "properties": {
        "p1": 40824000329,
        "p59a": "1.0",
        "p59b": "3.0",
        "p59c": "1.0",
        "p59d": "37",
        "p59e": "104.0",
        "p59f": "1.0",
        "p59g": "4.0",
        "x": 0,
        "y": 0
      },
      "geometry": { "type": "Point", "coordinates": [0.0, 0.0] }
    },
    {
      "type": "Feature",
      "properties": {
        "p1": 40824000329,
        "p59a": "1.0",
        "p59b": "3.0",
        "p59c": "1.0",
        "p59d": "36",
        "p59e": "10.0",
        "p59f": "1.0",
        "p59g": "4.0",
        "x": 0,
        "y": 0
      },
      "geometry": { "type": "Point", "coordinates": [0.0, 0.0] }
    },
    {
      "type": "Feature",
      "properties": {
        "p1": 40824000329,
        "p59a": "2.0",
        "p59b": "3.0",
        "p59c": "4.0",
        "p59d": "10",
        "p59e": "10.0",
        "p59f": "1.0",
        "p59g": "4.0",
        "x": 0,
        "y": 0
      },
      "geometry": { "type": "Point", "coordinates": [0.0, 0.0] }
    },
    {
      "type": "Feature",
      "properties": {
        "p1": 40824000329,
        "p59a": "2.0",
        "p59b": "3.0",
        "p59c": "2.0",
        "p59d": "31",
        "p59e": "10.0",
        "p59f": "5.0",
        "p59g": "3.0",
        "x": 0,
        "y": 0
      },
      "geometry": { "type": "Point", "coordinates": [0.0, 0.0] }
    },
    {
      "type": "Feature",
      "properties": {
        "p1": 40824000330,
        "p59a": null,
        "p59b": null,
        "p59c": null,
        "p59d": null,
        "p59e": null,
        "p59f": null,
        "p59g": null,
        "x": 0,
        "y": 0
      },
      "geometry": { "type": "Point", "coordinates": [0.0, 0.0] }
    },
    {
      "type": "Feature",
      "properties": {
        "p1": 40824000330,
        "p59a": "1.0",
        "p59b": "3.0",
        "p59c": "2.0",
        "p59d": "34",
        "p59e": "10.0",
        "p59f": "1.0",
        "p59g": "4.0",
        "x": 0,
        "y": 0
      },
      "geometry": { "type": "Point", "coordinates": [0.0, 0.0] }
    },
    {
      "type": "Feature",
      "properties": {
        "p1": 40824000331,
        "p59a": "1.0",
        "p59b": "8.0",
        "p59c": "1.0",
        "p59d": "33",
        "p59e": "10.0",
        "p59f": "5.0",
        "p59g": "3.0",
        "x": 0,
        "y": 0
      },
      "geometry": { "type": "Point", "coordinates": [0.0, 0.0] }
    },
    {
      "type": "Feature",
      "properties": {
        "p1": 40824000331,
        "p59a": "2.0",
        "p59b": "7.0",
        "p59c": "2.0",
        "p59d": "46",
        "p59e": "10.0",
        "p59f": "5.0",
        "p59g": "3.0",
        "x": 0,
        "y": 0
      },
      "geometry": { "type": "Point", "coordinates": [0.0, 0.0] }
    },
    {
      "type": "Feature",
      "properties": {
        "p1": 40824000331,
        "p59a": "1.0",
        "p59b": "7.0",
        "p59c": "1.0",
        "p59d": "46",
        "p59e": "10.0",
        "p59f": "1.0",
        "p59g": "4.0",
        "x": 0,
        "y": 0
      },
      "geometry": { "type": "Point", "coordinates": [0.0, 0.0] }
    },
    {
      "type": "Feature",
      "properties": {
        "p1": 40824000337,
        "p59a": "1.0",
        "p59b": "7.0",
        "p59c": "1.0",
        "p59d": "62",
        "p59e": "10.0",
        "p59f": "1.0",
        "p59g": "4.0",
        "x": 0,
        "y": 0
      },
      "geometry": { "type": "Point", "coordinates": [0.0, 0.0] }
    },
    {
      "type": "Feature",
      "properties": {
        "p1": 40824000337,
        "p59a": "1.0",
        "p59b": "4.0",
        "p59c": "1.0",
        "p59d": "39",
        "p59e": "10.0",
        "p59f": "5.0",
        "p59g": "4.0",
        "x": 0,
        "y": 0
      },
      "geometry": { "type": "Point", "coordinates": [0.0, 0.0] }
    },
    {
      "type": "Feature",
      "properties": {
        "p1": 40824000343,
        "p59a": "1.0",
        "p59b": "7.0",
        "p59c": "1.0",
        "p59d": "48",
        "p59e": "10.0",
        "p59f": "5.0",
        "p59g": "3.0",
        "x": 0,
        "y": 0
      },
      "geometry": { "type": "Point", "coordinates": [0.0, 0.0] }
    },
    {
      "type": "Feature",
      "properties": {
        "p1": 40824000343,
        "p59a": "2.0",
        "p59b": "7.0",
        "p59c": "1.0",
        "p59d": "50",
        "p59e": "10.0",
        "p59f": "5.0",
        "p59g": "3.0",
        "x": 0,
        "y": 0
      },
      "geometry": { "type": "Point", "coordinates": [0.0, 0.0] }
    },
    {
      "type": "Feature",
      "properties": {
        "p1": 40824000343,
        "p59a": "1.0",
        "p59b": "7.0",
        "p59c": "2.0",
        "p59d": "40",
        "p59e": "10.0",
        "p59f": "5.0",
        "p59g": "3.0",
        "x": 0,
        "y": 0
      },
      "geometry": { "type": "Point", "coordinates": [0.0, 0.0] }
    },
    {
      "type": "Feature",
      "properties": {
        "p1": 40824000343,
        "p59a": "1.0",
        "p59b": "3.0",
        "p59c": "2.0",
        "p59d": "44",
        "p59e": "10.0",
        "p59f": "1.0",
        "p59g": "4.0",
        "x": 0,
        "y": 0
      },
      "geometry": { "type": "Point", "coordinates": [0.0, 0.0] }
    },
    {
      "type": "Feature",
      "properties": {
        "p1": 40824000344,
        "p59a": "1.0",
        "p59b": "3.0",
        "p59c": "2.0",
        "p59d": "23",
        "p59e": "10.0",
        "p59f": "1.0",
        "p59g": "4.0",
        "x": 0,
        "y": 0
      },
      "geometry": { "type": "Point", "coordinates": [0.0, 0.0] }
    },
    {
      "type": "Feature",
      "properties": {
        "p1": 40824000344,
        "p59a": "2.0",
        "p59b": "3.0",
        "p59c": "1.0",
        "p59d": "27",
        "p59e": "10.0",
        "p59f": "1.0",
        "p59g": "4.0",
        "x": 0,
        "y": 0
      },
      "geometry": { "type": "Point", "coordinates": [0.0, 0.0] }
    },
    {
      "type": "Feature",
      "properties": {
        "p1": 40824000344,
        "p59a": "1.0",
        "p59b": "3.0",
        "p59c": "1.0",
        "p59d": "32",
        "p59e": "10.0",
        "p59f": "5.0",
        "p59g": "3.0",
        "x": 0,
        "y": 0
      },
      "geometry": { "type": "Point", "coordinates": [0.0, 0.0] }
    },
    {
      "type": "Feature",
      "properties": {
        "p1": 40824000345,
        "p59a": "1.0",
        "p59b": "3.0",
        "p59c": "1.0",
        "p59d": "60",
        "p59e": "10.0",
        "p59f": "1.0",
        "p59g": "4.0",
        "x": 0,
        "y": 0
      },
      "geometry": { "type": "Point", "coordinates": [0.0, 0.0] }
    },
    {
      "type": "Feature",
      "properties": {
        "p1": 40824000345,
        "p59a": "1.0",
        "p59b": "1.0",
        "p59c": "1.0",
        "p59d": "48",
        "p59e": "10.0",
        "p59f": "5.0",
        "p59g": "3.0",
        "x": 0,
        "y": 0
      },
      "geometry": { "type": "Point", "coordinates": [0.0, 0.0] }
    },
    {
      "type": "Feature",
      "properties": {
        "p1": 40824000345,
        "p59a": "2.0",
        "p59b": "1.0",
        "p59c": "2.0",
        "p59d": "46",
        "p59e": "10.0",
        "p59f": "5.0",
        "p59g": "3.0",
        "x": 0,
        "y": 0
      },
      "geometry": { "type": "Point", "coordinates": [0.0, 0.0] }
    },
    {
      "type": "Feature",
      "properties": {
        "p1": 40824000347,
        "p59a": "1.0",
        "p59b": "3.0",
        "p59c": "1.0",
        "p59d": "32",
        "p59e": "10.0",
        "p59f": "1.0",
        "p59g": "4.0",
        "x": 0,
        "y": 0
      },
      "geometry": { "type": "Point", "coordinates": [0.0, 0.0] }
    },
    {
      "type": "Feature",
      "properties": {
        "p1": 40824000347,
        "p59a": "2.0",
        "p59b": "3.0",
        "p59c": "2.0",
        "p59d": "38",
        "p59e": "10.0",
        "p59f": "1.0",
        "p59g": "4.0",
        "x": 0,
        "y": 0
      },
      "geometry": { "type": "Point", "coordinates": [0.0, 0.0] }
    },
    {
      "type": "Feature",
      "properties": {
        "p1": 40824000347,
        "p59a": "3.0",
        "p59b": "3.0",
        "p59c": "1.0",
        "p59d": "63",
        "p59e": "10.0",
        "p59f": "1.0",
        "p59g": "4.0",
        "x": 0,
        "y": 0
      },
      "geometry": { "type": "Point", "coordinates": [0.0, 0.0] }
    },
    {
      "type": "Feature",
      "properties": {
        "p1": 40824000348,
        "p59a": "1.0",
        "p59b": "3.0",
        "p59c": "1.0",
        "p59d": "31",
        "p59e": "10.0",
        "p59f": "1.0",
        "p59g": "4.0",
        "x": 0,
        "y": 0
      },
      "geometry": { "type": "Point", "coordinates": [0.0, 0.0] }
    },
    {
      "type": "Feature",
      "properties": {
        "p1": 40824000348,
        "p59a": "1.0",
        "p59b": "3.0",
        "p59c": "1.0",
        "p59d": "51",
        "p59e": "10.0",
        "p59f": "1.0",
        "p59g": "4.0",
        "x": 0,
        "y": 0
      },
      "geometry": { "type": "Point", "coordinates": [0.0, 0.0] }
    },
    {
      "type": "Feature",
      "properties": {
        "p1": 40824000356,
        "p59a": "1.0",
        "p59b": "7.0",
        "p59c": "1.0",
        "p59d": "28",
        "p59e": "627.0",
        "p59f": "3.0",
        "p59g": "3.0",
        "x": 0,
        "y": 0
      },
      "geometry": { "type": "Point", "coordinates": [0.0, 0.0] }
    },
    {
      "type": "Feature",
      "properties": {
        "p1": 40824000356,
        "p59a": "1.0",
        "p59b": "3.0",
        "p59c": "2.0",
        "p59d": "54",
        "p59e": "10.0",
        "p59f": "1.0",
        "p59g": "4.0",
        "x": 0,
        "y": 0
      },
      "geometry": { "type": "Point", "coordinates": [0.0, 0.0] }
    },
    {
      "type": "Feature",
      "properties": {
        "p1": 40824000357,
        "p59a": "1.0",
        "p59b": "3.0",
        "p59c": "1.0",
        "p59d": "32",
        "p59e": "10.0",
        "p59f": "1.0",
        "p59g": "4.0",
        "x": 0,
        "y": 0
      },
      "geometry": { "type": "Point", "coordinates": [0.0, 0.0] }
    },
    {
      "type": "Feature",
      "properties": {
        "p1": 40824000357,
        "p59a": "2.0",
        "p59b": "3.0",
        "p59c": "2.0",
        "p59d": "45",
        "p59e": "10.0",
        "p59f": "1.0",
        "p59g": "4.0",
        "x": 0,
        "y": 0
      },
      "geometry": { "type": "Point", "coordinates": [0.0, 0.0] }
    },
    {
      "type": "Feature",
      "properties": {
        "p1": 40824000358,
        "p59a": "1.0",
        "p59b": "7.0",
        "p59c": "2.0",
        "p59d": "46",
        "p59e": "10.0",
        "p59f": "5.0",
        "p59g": "3.0",
        "x": 0,
        "y": 0
      },
      "geometry": { "type": "Point", "coordinates": [0.0, 0.0] }
    },
    {
      "type": "Feature",
      "properties": {
        "p1": 40824000358,
        "p59a": "1.0",
        "p59b": "3.0",
        "p59c": "2.0",
        "p59d": "63",
        "p59e": "10.0",
        "p59f": "1.0",
        "p59g": "4.0",
        "x": 0,
        "y": 0
      },
      "geometry": { "type": "Point", "coordinates": [0.0, 0.0] }
    },
    {
      "type": "Feature",
      "properties": {
        "p1": 40824000358,
        "p59a": "3.0",
        "p59b": "5.0",
        "p59c": "4.0",
        "p59d": "00",
        "p59e": "10.0",
        "p59f": "5.0",
        "p59g": "3.0",
        "x": 0,
        "y": 0
      },
      "geometry": { "type": "Point", "coordinates": [0.0, 0.0] }
    },
    {
      "type": "Feature",
      "properties": {
        "p1": 40824000358,
        "p59a": "3.0",
        "p59b": "3.0",
        "p59c": "2.0",
        "p59d": "28",
        "p59e": "10.0",
        "p59f": "5.0",
        "p59g": "3.0",
        "x": 0,
        "y": 0
      },
      "geometry": { "type": "Point", "coordinates": [0.0, 0.0] }
    },
    {
      "type": "Feature",
      "properties": {
        "p1": 40824000361,
        "p59a": "1.0",
        "p59b": "3.0",
        "p59c": "1.0",
        "p59d": "21",
        "p59e": "10.0",
        "p59f": "1.0",
        "p59g": "4.0",
        "x": 0,
        "y": 0
      },
      "geometry": { "type": "Point", "coordinates": [0.0, 0.0] }
    },
    {
      "type": "Feature",
      "properties": {
        "p1": 40824000361,
        "p59a": "1.0",
        "p59b": "3.0",
        "p59c": "2.0",
        "p59d": "32",
        "p59e": "10.0",
        "p59f": "1.0",
        "p59g": "4.0",
        "x": 0,
        "y": 0
      },
      "geometry": { "type": "Point", "coordinates": [0.0, 0.0] }
    },
    {
      "type": "Feature",
      "properties": {
        "p1": 40824000361,
        "p59a": "3.0",
        "p59b": "5.0",
        "p59c": "3.0",
        "p59d": "01",
        "p59e": "10.0",
        "p59f": "1.0",
        "p59g": "4.0",
        "x": 0,
        "y": 0
      },
      "geometry": { "type": "Point", "coordinates": [0.0, 0.0] }
    },
    {
      "type": "Feature",
      "properties": {
        "p1": 40824000362,
        "p59a": "1.0",
        "p59b": "7.0",
        "p59c": "1.0",
        "p59d": "40",
        "p59e": "10.0",
        "p59f": "5.0",
        "p59g": "3.0",
        "x": 0,
        "y": 0
      },
      "geometry": { "type": "Point", "coordinates": [0.0, 0.0] }
    },
    {
      "type": "Feature",
      "properties": {
        "p1": 40824000362,
        "p59a": "1.0",
        "p59b": "3.0",
        "p59c": "2.0",
        "p59d": "23",
        "p59e": "10.0",
        "p59f": "5.0",
        "p59g": "3.0",
        "x": 0,
        "y": 0
      },
      "geometry": { "type": "Point", "coordinates": [0.0, 0.0] }
    },
    {
      "type": "Feature",
      "properties": {
        "p1": 40824000362,
        "p59a": "2.0",
        "p59b": "3.0",
        "p59c": "2.0",
        "p59d": "51",
        "p59e": "10.0",
        "p59f": "5.0",
        "p59g": "3.0",
        "x": 0,
        "y": 0
      },
      "geometry": { "type": "Point", "coordinates": [0.0, 0.0] }
    },
    {
      "type": "Feature",
      "properties": {
        "p1": 40824000364,
        "p59a": "1.0",
        "p59b": "3.0",
        "p59c": "2.0",
        "p59d": "43",
        "p59e": "10.0",
        "p59f": "1.0",
        "p59g": "4.0",
        "x": 0,
        "y": 0
      },
      "geometry": { "type": "Point", "coordinates": [0.0, 0.0] }
    },
    {
      "type": "Feature",
      "properties": {
        "p1": 40824000364,
        "p59a": "1.0",
        "p59b": "3.0",
        "p59c": "1.0",
        "p59d": "74",
        "p59e": "10.0",
        "p59f": "1.0",
        "p59g": "4.0",
        "x": 0,
        "y": 0
      },
      "geometry": { "type": "Point", "coordinates": [0.0, 0.0] }
    },
    {
      "type": "Feature",
      "properties": {
        "p1": 40824000367,
        "p59a": "1.0",
        "p59b": "3.0",
        "p59c": "1.0",
        "p59d": "63",
        "p59e": "10.0",
        "p59f": "1.0",
        "p59g": "4.0",
        "x": 0,
        "y": 0
      },
      "geometry": { "type": "Point", "coordinates": [0.0, 0.0] }
    },
    {
      "type": "Feature",
      "properties": {
        "p1": 40824000367,
        "p59a": "1.0",
        "p59b": "3.0",
        "p59c": "2.0",
        "p59d": "47",
        "p59e": "10.0",
        "p59f": "1.0",
        "p59g": "4.0",
        "x": 0,
        "y": 0
      },
      "geometry": { "type": "Point", "coordinates": [0.0, 0.0] }
    },
    {
      "type": "Feature",
      "properties": {
        "p1": 40824000367,
        "p59a": "3.0",
        "p59b": "3.0",
        "p59c": "1.0",
        "p59d": "60",
        "p59e": "10.0",
        "p59f": "5.0",
        "p59g": "3.0",
        "x": 0,
        "y": 0
      },
      "geometry": { "type": "Point", "coordinates": [0.0, 0.0] }
    },
    {
      "type": "Feature",
      "properties": {
        "p1": 40824000367,
        "p59a": "2.0",
        "p59b": "3.0",
        "p59c": "1.0",
        "p59d": "55",
        "p59e": "10.0",
        "p59f": "1.0",
        "p59g": "4.0",
        "x": 0,
        "y": 0
      },
      "geometry": { "type": "Point", "coordinates": [0.0, 0.0] }
    },
    {
      "type": "Feature",
      "properties": {
        "p1": 40824000369,
        "p59a": "1.0",
        "p59b": "3.0",
        "p59c": "1.0",
        "p59d": "62",
        "p59e": "10.0",
        "p59f": "1.0",
        "p59g": "4.0",
        "x": 0,
        "y": 0
      },
      "geometry": { "type": "Point", "coordinates": [0.0, 0.0] }
    },
    {
      "type": "Feature",
      "properties": {
        "p1": 40824000369,
        "p59a": "1.0",
        "p59b": "3.0",
        "p59c": "1.0",
        "p59d": "58",
        "p59e": "10.0",
        "p59f": "1.0",
        "p59g": "4.0",
        "x": 0,
        "y": 0
      },
      "geometry": { "type": "Point", "coordinates": [0.0, 0.0] }
    },
    {
      "type": "Feature",
      "properties": {
        "p1": 40824000372,
        "p59a": "1.0",
        "p59b": "3.0",
        "p59c": "1.0",
        "p59d": "17",
        "p59e": "10.0",
        "p59f": "1.0",
        "p59g": "4.0",
        "x": 0,
        "y": 0
      },
      "geometry": { "type": "Point", "coordinates": [0.0, 0.0] }
    },
    {
      "type": "Feature",
      "properties": {
        "p1": 40824000372,
        "p59a": "2.0",
        "p59b": "3.0",
        "p59c": "1.0",
        "p59d": "15",
        "p59e": "10.0",
        "p59f": "1.0",
        "p59g": "4.0",
        "x": 0,
        "y": 0
      },
      "geometry": { "type": "Point", "coordinates": [0.0, 0.0] }
    },
    {
      "type": "Feature",
      "properties": {
        "p1": 40824000375,
        "p59a": "1.0",
        "p59b": "3.0",
        "p59c": "2.0",
        "p59d": "24",
        "p59e": "10.0",
        "p59f": "1.0",
        "p59g": "4.0",
        "x": 0,
        "y": 0
      },
      "geometry": { "type": "Point", "coordinates": [0.0, 0.0] }
    },
    {
      "type": "Feature",
      "properties": {
        "p1": 40824000375,
        "p59a": "1.0",
        "p59b": "7.0",
        "p59c": "1.0",
        "p59d": "46",
        "p59e": "10.0",
        "p59f": "5.0",
        "p59g": "3.0",
        "x": 0,
        "y": 0
      },
      "geometry": { "type": "Point", "coordinates": [0.0, 0.0] }
    },
    {
      "type": "Feature",
      "properties": {
        "p1": 40824000377,
        "p59a": "1.0",
        "p59b": "3.0",
        "p59c": "1.0",
        "p59d": "78",
        "p59e": "10.0",
        "p59f": "5.0",
        "p59g": "3.0",
        "x": 0,
        "y": 0
      },
      "geometry": { "type": "Point", "coordinates": [0.0, 0.0] }
    },
    {
      "type": "Feature",
      "properties": {
        "p1": 40824000377,
        "p59a": "2.0",
        "p59b": "3.0",
        "p59c": "2.0",
        "p59d": "76",
        "p59e": "10.0",
        "p59f": "1.0",
        "p59g": "4.0",
        "x": 0,
        "y": 0
      },
      "geometry": { "type": "Point", "coordinates": [0.0, 0.0] }
    },
    {
      "type": "Feature",
      "properties": {
        "p1": 40824000377,
        "p59a": "1.0",
        "p59b": "3.0",
        "p59c": "1.0",
        "p59d": "31",
        "p59e": "10.0",
        "p59f": "1.0",
        "p59g": "4.0",
        "x": 0,
        "y": 0
      },
      "geometry": { "type": "Point", "coordinates": [0.0, 0.0] }
    },
    {
      "type": "Feature",
      "properties": {
        "p1": 40824000382,
        "p59a": null,
        "p59b": null,
        "p59c": null,
        "p59d": null,
        "p59e": null,
        "p59f": null,
        "p59g": "4.0",
        "x": 0,
        "y": 0
      },
      "geometry": { "type": "Point", "coordinates": [0.0, 0.0] }
    },
    {
      "type": "Feature",
      "properties": {
        "p1": 40824000382,
        "p59a": "1.0",
        "p59b": "3.0",
        "p59c": "1.0",
        "p59d": "44",
        "p59e": "10.0",
        "p59f": "1.0",
        "p59g": "4.0",
        "x": 0,
        "y": 0
      },
      "geometry": { "type": "Point", "coordinates": [0.0, 0.0] }
    },
    {
      "type": "Feature",
      "properties": {
        "p1": 40824000387,
        "p59a": "1.0",
        "p59b": "3.0",
        "p59c": "2.0",
        "p59d": "49",
        "p59e": "10.0",
        "p59f": "5.0",
        "p59g": "3.0",
        "x": 0,
        "y": 0
      },
      "geometry": { "type": "Point", "coordinates": [0.0, 0.0] }
    },
    {
      "type": "Feature",
      "properties": {
        "p1": 40824000387,
        "p59a": "1.0",
        "p59b": "7.0",
        "p59c": "1.0",
        "p59d": "20",
        "p59e": "10.0",
        "p59f": "1.0",
        "p59g": "4.0",
        "x": 0,
        "y": 0
      },
      "geometry": { "type": "Point", "coordinates": [0.0, 0.0] }
    },
    {
      "type": "Feature",
      "properties": {
        "p1": 40824000388,
        "p59a": "1.0",
        "p59b": "3.0",
        "p59c": "1.0",
        "p59d": "22",
        "p59e": "10.0",
        "p59f": "1.0",
        "p59g": "4.0",
        "x": 0,
        "y": 0
      },
      "geometry": { "type": "Point", "coordinates": [0.0, 0.0] }
    },
    {
      "type": "Feature",
      "properties": {
        "p1": 40824000388,
        "p59a": "3.0",
        "p59b": "3.0",
        "p59c": "1.0",
        "p59d": "21",
        "p59e": "10.0",
        "p59f": "1.0",
        "p59g": "4.0",
        "x": 0,
        "y": 0
      },
      "geometry": { "type": "Point", "coordinates": [0.0, 0.0] }
    },
    {
      "type": "Feature",
      "properties": {
        "p1": 40824000388,
        "p59a": "2.0",
        "p59b": "3.0",
        "p59c": "1.0",
        "p59d": "20",
        "p59e": "10.0",
        "p59f": "1.0",
        "p59g": "4.0",
        "x": 0,
        "y": 0
      },
      "geometry": { "type": "Point", "coordinates": [0.0, 0.0] }
    },
    {
      "type": "Feature",
      "properties": {
        "p1": 40824000388,
        "p59a": "3.0",
        "p59b": "3.0",
        "p59c": "2.0",
        "p59d": "19",
        "p59e": "10.0",
        "p59f": "1.0",
        "p59g": "4.0",
        "x": 0,
        "y": 0
      },
      "geometry": { "type": "Point", "coordinates": [0.0, 0.0] }
    },
    {
      "type": "Feature",
      "properties": {
        "p1": 40824000388,
        "p59a": "1.0",
        "p59b": "3.0",
        "p59c": "1.0",
        "p59d": "25",
        "p59e": "10.0",
        "p59f": "3.0",
        "p59g": "3.0",
        "x": 0,
        "y": 0
      },
      "geometry": { "type": "Point", "coordinates": [0.0, 0.0] }
    },
    {
      "type": "Feature",
      "properties": {
        "p1": 40824000390,
        "p59a": "1.0",
        "p59b": "3.0",
        "p59c": "2.0",
        "p59d": "27",
        "p59e": "10.0",
        "p59f": "1.0",
        "p59g": "4.0",
        "x": 0,
        "y": 0
      },
      "geometry": { "type": "Point", "coordinates": [0.0, 0.0] }
    },
    {
      "type": "Feature",
      "properties": {
        "p1": 40824000390,
        "p59a": "3.0",
        "p59b": "5.0",
        "p59c": "4.0",
        "p59d": "00",
        "p59e": "10.0",
        "p59f": "1.0",
        "p59g": "4.0",
        "x": 0,
        "y": 0
      },
      "geometry": { "type": "Point", "coordinates": [0.0, 0.0] }
    },
    {
      "type": "Feature",
      "properties": {
        "p1": 40824000394,
        "p59a": "1.0",
        "p59b": "3.0",
        "p59c": "1.0",
        "p59d": "63",
        "p59e": "316.0",
        "p59f": "1.0",
        "p59g": "4.0",
        "x": 0,
        "y": 0
      },
      "geometry": { "type": "Point", "coordinates": [0.0, 0.0] }
    },
    {
      "type": "Feature",
      "properties": {
        "p1": 40824000394,
        "p59a": "1.0",
        "p59b": "3.0",
        "p59c": "1.0",
        "p59d": "56",
        "p59e": "10.0",
        "p59f": "1.0",
        "p59g": "4.0",
        "x": 0,
        "y": 0
      },
      "geometry": { "type": "Point", "coordinates": [0.0, 0.0] }
    },
    {
      "type": "Feature",
      "properties": {
        "p1": 40824000396,
        "p59a": null,
        "p59b": null,
        "p59c": null,
        "p59d": null,
        "p59e": null,
        "p59f": null,
        "p59g": null,
        "x": 0,
        "y": 0
      },
      "geometry": { "type": "Point", "coordinates": [0.0, 0.0] }
    },
    {
      "type": "Feature",
      "properties": {
        "p1": 40824000396,
        "p59a": "1.0",
        "p59b": "3.0",
        "p59c": "2.0",
        "p59d": "19",
        "p59e": "10.0",
        "p59f": "1.0",
        "p59g": "4.0",
        "x": 0,
        "y": 0
      },
      "geometry": { "type": "Point", "coordinates": [0.0, 0.0] }
    },
    {
      "type": "Feature",
      "properties": {
        "p1": 40824000397,
        "p59a": "1.0",
        "p59b": "3.0",
        "p59c": "1.0",
        "p59d": "22",
        "p59e": "10.0",
        "p59f": "1.0",
        "p59g": "4.0",
        "x": 0,
        "y": 0
      },
      "geometry": { "type": "Point", "coordinates": [0.0, 0.0] }
    },
    {
      "type": "Feature",
      "properties": {
        "p1": 40824000397,
        "p59a": "1.0",
        "p59b": "3.0",
        "p59c": "1.0",
        "p59d": "33",
        "p59e": "10.0",
        "p59f": "1.0",
        "p59g": "4.0",
        "x": 0,
        "y": 0
      },
      "geometry": { "type": "Point", "coordinates": [0.0, 0.0] }
    },
    {
      "type": "Feature",
      "properties": {
        "p1": 40824000399,
        "p59a": "1.0",
        "p59b": "3.0",
        "p59c": "1.0",
        "p59d": "70",
        "p59e": "10.0",
        "p59f": "1.0",
        "p59g": "4.0",
        "x": 0,
        "y": 0
      },
      "geometry": { "type": "Point", "coordinates": [0.0, 0.0] }
    },
    {
      "type": "Feature",
      "properties": {
        "p1": 40824000399,
        "p59a": "1.0",
        "p59b": "3.0",
        "p59c": "1.0",
        "p59d": "40",
        "p59e": "10.0",
        "p59f": "1.0",
        "p59g": "4.0",
        "x": 0,
        "y": 0
      },
      "geometry": { "type": "Point", "coordinates": [0.0, 0.0] }
    },
    {
      "type": "Feature",
      "properties": {
        "p1": 40824000399,
        "p59a": "2.0",
        "p59b": "3.0",
        "p59c": "2.0",
        "p59d": "24",
        "p59e": "10.0",
        "p59f": "1.0",
        "p59g": "4.0",
        "x": 0,
        "y": 0
      },
      "geometry": { "type": "Point", "coordinates": [0.0, 0.0] }
    },
    {
      "type": "Feature",
      "properties": {
        "p1": 40824000401,
        "p59a": "1.0",
        "p59b": "3.0",
        "p59c": "1.0",
        "p59d": "29",
        "p59e": "130.0",
        "p59f": "1.0",
        "p59g": "4.0",
        "x": 0,
        "y": 0
      },
      "geometry": { "type": "Point", "coordinates": [0.0, 0.0] }
    },
    {
      "type": "Feature",
      "properties": {
        "p1": 40824000401,
        "p59a": "1.0",
        "p59b": "3.0",
        "p59c": "1.0",
        "p59d": "49",
        "p59e": "10.0",
        "p59f": "1.0",
        "p59g": "4.0",
        "x": 0,
        "y": 0
      },
      "geometry": { "type": "Point", "coordinates": [0.0, 0.0] }
    },
    {
      "type": "Feature",
      "properties": {
        "p1": 40824000406,
        "p59a": "1.0",
        "p59b": "3.0",
        "p59c": "1.0",
        "p59d": "37",
        "p59e": "10.0",
        "p59f": "1.0",
        "p59g": "4.0",
        "x": 0,
        "y": 0
      },
      "geometry": { "type": "Point", "coordinates": [0.0, 0.0] }
    },
    {
      "type": "Feature",
      "properties": {
        "p1": 40824000406,
        "p59a": "1.0",
        "p59b": "3.0",
        "p59c": "1.0",
        "p59d": "42",
        "p59e": "340.0",
        "p59f": "1.0",
        "p59g": "4.0",
        "x": 0,
        "y": 0
      },
      "geometry": { "type": "Point", "coordinates": [0.0, 0.0] }
    },
    {
      "type": "Feature",
      "properties": {
        "p1": 40824000416,
        "p59a": "1.0",
        "p59b": "3.0",
        "p59c": "1.0",
        "p59d": "29",
        "p59e": "10.0",
        "p59f": "1.0",
        "p59g": "4.0",
        "x": 0,
        "y": 0
      },
      "geometry": { "type": "Point", "coordinates": [0.0, 0.0] }
    },
    {
      "type": "Feature",
      "properties": {
        "p1": 40824000416,
        "p59a": "2.0",
        "p59b": "3.0",
        "p59c": "2.0",
        "p59d": "23",
        "p59e": "10.0",
        "p59f": "1.0",
        "p59g": "4.0",
        "x": 0,
        "y": 0
      },
      "geometry": { "type": "Point", "coordinates": [0.0, 0.0] }
    },
    {
      "type": "Feature",
      "properties": {
        "p1": 40824000416,
        "p59a": "3.0",
        "p59b": "3.0",
        "p59c": "1.0",
        "p59d": "39",
        "p59e": "10.0",
        "p59f": "1.0",
        "p59g": "4.0",
        "x": 0,
        "y": 0
      },
      "geometry": { "type": "Point", "coordinates": [0.0, 0.0] }
    },
    {
      "type": "Feature",
      "properties": {
        "p1": 40824000416,
        "p59a": "1.0",
        "p59b": "3.0",
        "p59c": "1.0",
        "p59d": "48",
        "p59e": "10.0",
        "p59f": "1.0",
        "p59g": "4.0",
        "x": 0,
        "y": 0
      },
      "geometry": { "type": "Point", "coordinates": [0.0, 0.0] }
    },
    {
      "type": "Feature",
      "properties": {
        "p1": 40824000418,
        "p59a": null,
        "p59b": null,
        "p59c": null,
        "p59d": null,
        "p59e": null,
        "p59f": null,
        "p59g": "4.0",
        "x": 0,
        "y": 0
      },
      "geometry": { "type": "Point", "coordinates": [0.0, 0.0] }
    },
    {
      "type": "Feature",
      "properties": {
        "p1": 40824000418,
        "p59a": "1.0",
        "p59b": "3.0",
        "p59c": "2.0",
        "p59d": "24",
        "p59e": "10.0",
        "p59f": "1.0",
        "p59g": "4.0",
        "x": 0,
        "y": 0
      },
      "geometry": { "type": "Point", "coordinates": [0.0, 0.0] }
    },
    {
      "type": "Feature",
      "properties": {
        "p1": 40824000428,
        "p59a": "2.0",
        "p59b": "1.0",
        "p59c": "2.0",
        "p59d": "44",
        "p59e": "412.0",
        "p59f": "5.0",
        "p59g": "3.0",
        "x": 0,
        "y": 0
      },
      "geometry": { "type": "Point", "coordinates": [0.0, 0.0] }
    },
    {
      "type": "Feature",
      "properties": {
        "p1": 40824000428,
        "p59a": "1.0",
        "p59b": "1.0",
        "p59c": "1.0",
        "p59d": "41",
        "p59e": "412.0",
        "p59f": "5.0",
        "p59g": "3.0",
        "x": 0,
        "y": 0
      },
      "geometry": { "type": "Point", "coordinates": [0.0, 0.0] }
    },
    {
      "type": "Feature",
      "properties": {
        "p1": 40824000435,
        "p59a": "1.0",
        "p59b": "3.0",
        "p59c": "1.0",
        "p59d": "76",
        "p59e": "10.0",
        "p59f": "1.0",
        "p59g": "4.0",
        "x": 0,
        "y": 0
      },
      "geometry": { "type": "Point", "coordinates": [0.0, 0.0] }
    },
    {
      "type": "Feature",
      "properties": {
        "p1": 40824000435,
        "p59a": "2.0",
        "p59b": "3.0",
        "p59c": "2.0",
        "p59d": "73",
        "p59e": "10.0",
        "p59f": "1.0",
        "p59g": "4.0",
        "x": 0,
        "y": 0
      },
      "geometry": { "type": "Point", "coordinates": [0.0, 0.0] }
    },
    {
      "type": "Feature",
      "properties": {
        "p1": 40824000451,
        "p59a": "2.0",
        "p59b": "3.0",
        "p59c": "1.0",
        "p59d": "57",
        "p59e": "412.0",
        "p59f": "1.0",
        "p59g": "4.0",
        "x": 0,
        "y": 0
      },
      "geometry": { "type": "Point", "coordinates": [0.0, 0.0] }
    },
    {
      "type": "Feature",
      "properties": {
        "p1": 40824000451,
        "p59a": "1.0",
        "p59b": "3.0",
        "p59c": "1.0",
        "p59d": "45",
        "p59e": "412.0",
        "p59f": "1.0",
        "p59g": "4.0",
        "x": 0,
        "y": 0
      },
      "geometry": { "type": "Point", "coordinates": [0.0, 0.0] }
    },
    {
      "type": "Feature",
      "properties": {
        "p1": 40824000467,
        "p59a": "1.0",
        "p59b": "3.0",
        "p59c": "1.0",
        "p59d": "62",
        "p59e": "10.0",
        "p59f": "1.0",
        "p59g": "4.0",
        "x": 0,
        "y": 0
      },
      "geometry": { "type": "Point", "coordinates": [0.0, 0.0] }
    },
    {
      "type": "Feature",
      "properties": {
        "p1": 40824000467,
        "p59a": "1.0",
        "p59b": "3.0",
        "p59c": "1.0",
        "p59d": "79",
        "p59e": "10.0",
        "p59f": "5.0",
        "p59g": "3.0",
        "x": 0,
        "y": 0
      },
      "geometry": { "type": "Point", "coordinates": [0.0, 0.0] }
    },
    {
      "type": "Feature",
      "properties": {
        "p1": 40824000488,
        "p59a": "1.0",
        "p59b": "1.0",
        "p59c": "1.0",
        "p59d": "31",
        "p59e": "10.0",
        "p59f": "1.0",
        "p59g": "4.0",
        "x": 0,
        "y": 0
      },
      "geometry": { "type": "Point", "coordinates": [0.0, 0.0] }
    },
    {
      "type": "Feature",
      "properties": {
        "p1": 40824000488,
        "p59a": "1.0",
        "p59b": "3.0",
        "p59c": "1.0",
        "p59d": "21",
        "p59e": "10.0",
        "p59f": "1.0",
        "p59g": "4.0",
        "x": 0,
        "y": 0
      },
      "geometry": { "type": "Point", "coordinates": [0.0, 0.0] }
    },
    {
      "type": "Feature",
      "properties": {
        "p1": 40824000490,
        "p59a": "1.0",
        "p59b": "3.0",
        "p59c": "1.0",
        "p59d": "60",
        "p59e": "10.0",
        "p59f": "1.0",
        "p59g": "4.0",
        "x": 0,
        "y": 0
      },
      "geometry": { "type": "Point", "coordinates": [0.0, 0.0] }
    },
    {
      "type": "Feature",
      "properties": {
        "p1": 40824000490,
        "p59a": "1.0",
        "p59b": "3.0",
        "p59c": "1.0",
        "p59d": "68",
        "p59e": "10.0",
        "p59f": "1.0",
        "p59g": "4.0",
        "x": 0,
        "y": 0
      },
      "geometry": { "type": "Point", "coordinates": [0.0, 0.0] }
    },
    {
      "type": "Feature",
      "properties": {
        "p1": 40824000494,
        "p59a": "1.0",
        "p59b": "4.0",
        "p59c": "1.0",
        "p59d": "54",
        "p59e": "10.0",
        "p59f": "1.0",
        "p59g": "4.0",
        "x": 0,
        "y": 0
      },
      "geometry": { "type": "Point", "coordinates": [0.0, 0.0] }
    },
    {
      "type": "Feature",
      "properties": {
        "p1": 40824000494,
        "p59a": "1.0",
        "p59b": "3.0",
        "p59c": "1.0",
        "p59d": "24",
        "p59e": "10.0",
        "p59f": "1.0",
        "p59g": "4.0",
        "x": 0,
        "y": 0
      },
      "geometry": { "type": "Point", "coordinates": [0.0, 0.0] }
    },
    {
      "type": "Feature",
      "properties": {
        "p1": 40824000495,
        "p59a": "1.0",
        "p59b": "3.0",
        "p59c": "2.0",
        "p59d": "44",
        "p59e": "104.0",
        "p59f": "1.0",
        "p59g": "4.0",
        "x": 0,
        "y": 0
      },
      "geometry": { "type": "Point", "coordinates": [0.0, 0.0] }
    },
    {
      "type": "Feature",
      "properties": {
        "p1": 40824000495,
        "p59a": "2.0",
        "p59b": "3.0",
        "p59c": "2.0",
        "p59d": "17",
        "p59e": "104.0",
        "p59f": "1.0",
        "p59g": "4.0",
        "x": 0,
        "y": 0
      },
      "geometry": { "type": "Point", "coordinates": [0.0, 0.0] }
    },
    {
      "type": "Feature",
      "properties": {
        "p1": 40824000500,
        "p59a": "1.0",
        "p59b": "3.0",
        "p59c": "1.0",
        "p59d": "18",
        "p59e": "10.0",
        "p59f": "1.0",
        "p59g": "4.0",
        "x": 0,
        "y": 0
      },
      "geometry": { "type": "Point", "coordinates": [0.0, 0.0] }
    },
    {
      "type": "Feature",
      "properties": {
        "p1": 40824000500,
        "p59a": "1.0",
        "p59b": "3.0",
        "p59c": "1.0",
        "p59d": "38",
        "p59e": "10.0",
        "p59f": "1.0",
        "p59g": "4.0",
        "x": 0,
        "y": 0
      },
      "geometry": { "type": "Point", "coordinates": [0.0, 0.0] }
    },
    {
      "type": "Feature",
      "properties": {
        "p1": 40824000500,
        "p59a": "1.0",
        "p59b": "3.0",
        "p59c": "1.0",
        "p59d": "37",
        "p59e": "10.0",
        "p59f": "1.0",
        "p59g": "4.0",
        "x": 0,
        "y": 0
      },
      "geometry": { "type": "Point", "coordinates": [0.0, 0.0] }
    },
    {
      "type": "Feature",
      "properties": {
        "p1": 40824000501,
        "p59a": "1.0",
        "p59b": "3.0",
        "p59c": "1.0",
        "p59d": "51",
        "p59e": "10.0",
        "p59f": "1.0",
        "p59g": "4.0",
        "x": 0,
        "y": 0
      },
      "geometry": { "type": "Point", "coordinates": [0.0, 0.0] }
    },
    {
      "type": "Feature",
      "properties": {
        "p1": 40824000501,
        "p59a": "1.0",
        "p59b": "3.0",
        "p59c": "1.0",
        "p59d": "24",
        "p59e": "10.0",
        "p59f": "1.0",
        "p59g": "4.0",
        "x": 0,
        "y": 0
      },
      "geometry": { "type": "Point", "coordinates": [0.0, 0.0] }
    },
    {
      "type": "Feature",
      "properties": {
        "p1": 40824000501,
        "p59a": "2.0",
        "p59b": "3.0",
        "p59c": "2.0",
        "p59d": "21",
        "p59e": "50.0",
        "p59f": "1.0",
        "p59g": "4.0",
        "x": 0,
        "y": 0
      },
      "geometry": { "type": "Point", "coordinates": [0.0, 0.0] }
    },
    {
      "type": "Feature",
      "properties": {
        "p1": 40824000502,
        "p59a": "1.0",
        "p59b": "3.0",
        "p59c": "2.0",
        "p59d": "29",
        "p59e": "10.0",
        "p59f": "1.0",
        "p59g": "4.0",
        "x": 0,
        "y": 0
      },
      "geometry": { "type": "Point", "coordinates": [0.0, 0.0] }
    },
    {
      "type": "Feature",
      "properties": {
        "p1": 40824000502,
        "p59a": "3.0",
        "p59b": "5.0",
        "p59c": "4.0",
        "p59d": "01",
        "p59e": "10.0",
        "p59f": "1.0",
        "p59g": "4.0",
        "x": 0,
        "y": 0
      },
      "geometry": { "type": "Point", "coordinates": [0.0, 0.0] }
    },
    {
      "type": "Feature",
      "properties": {
        "p1": 40824000502,
        "p59a": "2.0",
        "p59b": "3.0",
        "p59c": "2.0",
        "p59d": "26",
        "p59e": "10.0",
        "p59f": "1.0",
        "p59g": "4.0",
        "x": 0,
        "y": 0
      },
      "geometry": { "type": "Point", "coordinates": [0.0, 0.0] }
    },
    {
      "type": "Feature",
      "properties": {
        "p1": 40824000503,
        "p59a": "1.0",
        "p59b": "3.0",
        "p59c": "1.0",
        "p59d": "22",
        "p59e": "10.0",
        "p59f": "1.0",
        "p59g": "4.0",
        "x": 0,
        "y": 0
      },
      "geometry": { "type": "Point", "coordinates": [0.0, 0.0] }
    },
    {
      "type": "Feature",
      "properties": {
        "p1": 40824000503,
        "p59a": "3.0",
        "p59b": "3.0",
        "p59c": "1.0",
        "p59d": "30",
        "p59e": "10.0",
        "p59f": "1.0",
        "p59g": "4.0",
        "x": 0,
        "y": 0
      },
      "geometry": { "type": "Point", "coordinates": [0.0, 0.0] }
    },
    {
      "type": "Feature",
      "properties": {
        "p1": 40824000503,
        "p59a": "2.0",
        "p59b": "3.0",
        "p59c": "1.0",
        "p59d": "22",
        "p59e": "10.0",
        "p59f": "1.0",
        "p59g": "4.0",
        "x": 0,
        "y": 0
      },
      "geometry": { "type": "Point", "coordinates": [0.0, 0.0] }
    },
    {
      "type": "Feature",
      "properties": {
        "p1": 40824000503,
        "p59a": "1.0",
        "p59b": "3.0",
        "p59c": "2.0",
        "p59d": "57",
        "p59e": "10.0",
        "p59f": "1.0",
        "p59g": "4.0",
        "x": 0,
        "y": 0
      },
      "geometry": { "type": "Point", "coordinates": [0.0, 0.0] }
    },
    {
      "type": "Feature",
      "properties": {
        "p1": 40824000504,
        "p59a": "1.0",
        "p59b": "3.0",
        "p59c": "1.0",
        "p59d": "59",
        "p59e": "10.0",
        "p59f": "1.0",
        "p59g": "4.0",
        "x": 0,
        "y": 0
      },
      "geometry": { "type": "Point", "coordinates": [0.0, 0.0] }
    },
    {
      "type": "Feature",
      "properties": {
        "p1": 40824000504,
        "p59a": "1.0",
        "p59b": "3.0",
        "p59c": "1.0",
        "p59d": "64",
        "p59e": "10.0",
        "p59f": "1.0",
        "p59g": "4.0",
        "x": 0,
        "y": 0
      },
      "geometry": { "type": "Point", "coordinates": [0.0, 0.0] }
    },
    {
      "type": "Feature",
      "properties": {
        "p1": 40824000521,
        "p59a": "3.0",
        "p59b": "4.0",
        "p59c": "2.0",
        "p59d": "58",
        "p59e": "10.0",
        "p59f": "5.0",
        "p59g": "3.0",
        "x": 0,
        "y": 0
      },
      "geometry": { "type": "Point", "coordinates": [0.0, 0.0] }
    },
    {
      "type": "Feature",
      "properties": {
        "p1": 40824000521,
        "p59a": "1.0",
        "p59b": "3.0",
        "p59c": "1.0",
        "p59d": "48",
        "p59e": "10.0",
        "p59f": "1.0",
        "p59g": "4.0",
        "x": 0,
        "y": 0
      },
      "geometry": { "type": "Point", "coordinates": [0.0, 0.0] }
    },
    {
      "type": "Feature",
      "properties": {
        "p1": 40824000521,
        "p59a": "3.0",
        "p59b": "4.0",
        "p59c": "2.0",
        "p59d": "78",
        "p59e": "10.0",
        "p59f": "5.0",
        "p59g": "3.0",
        "x": 0,
        "y": 0
      },
      "geometry": { "type": "Point", "coordinates": [0.0, 0.0] }
    },
    {
      "type": "Feature",
      "properties": {
        "p1": 40824000524,
        "p59a": "1.0",
        "p59b": "3.0",
        "p59c": "1.0",
        "p59d": "28",
        "p59e": "10.0",
        "p59f": "1.0",
        "p59g": "4.0",
        "x": 0,
        "y": 0
      },
      "geometry": { "type": "Point", "coordinates": [0.0, 0.0] }
    },
    {
      "type": "Feature",
      "properties": {
        "p1": 40824000524,
        "p59a": "3.0",
        "p59b": "3.0",
        "p59c": "1.0",
        "p59d": "37",
        "p59e": "10.0",
        "p59f": "1.0",
        "p59g": "4.0",
        "x": 0,
        "y": 0
      },
      "geometry": { "type": "Point", "coordinates": [0.0, 0.0] }
    },
    {
      "type": "Feature",
      "properties": {
        "p1": 40824000524,
        "p59a": "2.0",
        "p59b": "3.0",
        "p59c": "1.0",
        "p59d": "42",
        "p59e": "10.0",
        "p59f": "1.0",
        "p59g": "4.0",
        "x": 0,
        "y": 0
      },
      "geometry": { "type": "Point", "coordinates": [0.0, 0.0] }
    },
    {
      "type": "Feature",
      "properties": {
        "p1": 40824000524,
        "p59a": "3.0",
        "p59b": "4.0",
        "p59c": "1.0",
        "p59d": "28",
        "p59e": "10.0",
        "p59f": "1.0",
        "p59g": "4.0",
        "x": 0,
        "y": 0
      },
      "geometry": { "type": "Point", "coordinates": [0.0, 0.0] }
    },
    {
      "type": "Feature",
      "properties": {
        "p1": 40824000524,
        "p59a": "1.0",
        "p59b": "3.0",
        "p59c": "1.0",
        "p59d": "34",
        "p59e": "10.0",
        "p59f": "1.0",
        "p59g": "4.0",
        "x": 0,
        "y": 0
      },
      "geometry": { "type": "Point", "coordinates": [0.0, 0.0] }
    },
    {
      "type": "Feature",
      "properties": {
        "p1": 40824000525,
        "p59a": "1.0",
        "p59b": "3.0",
        "p59c": "2.0",
        "p59d": "44",
        "p59e": "10.0",
        "p59f": "1.0",
        "p59g": "4.0",
        "x": 0,
        "y": 0
      },
      "geometry": { "type": "Point", "coordinates": [0.0, 0.0] }
    },
    {
      "type": "Feature",
      "properties": {
        "p1": 40824000525,
        "p59a": "1.0",
        "p59b": "3.0",
        "p59c": "1.0",
        "p59d": "27",
        "p59e": "10.0",
        "p59f": "1.0",
        "p59g": "4.0",
        "x": 0,
        "y": 0
      },
      "geometry": { "type": "Point", "coordinates": [0.0, 0.0] }
    },
    {
      "type": "Feature",
      "properties": {
        "p1": 40824000532,
        "p59a": "1.0",
        "p59b": "3.0",
        "p59c": "1.0",
        "p59d": "45",
        "p59e": "10.0",
        "p59f": "1.0",
        "p59g": "4.0",
        "x": 0,
        "y": 0
      },
      "geometry": { "type": "Point", "coordinates": [0.0, 0.0] }
    },
    {
      "type": "Feature",
      "properties": {
        "p1": 40824000532,
        "p59a": "1.0",
        "p59b": "2.0",
        "p59c": "1.0",
        "p59d": "62",
        "p59e": "10.0",
        "p59f": "5.0",
        "p59g": "3.0",
        "x": 0,
        "y": 0
      },
      "geometry": { "type": "Point", "coordinates": [0.0, 0.0] }
    },
    {
      "type": "Feature",
      "properties": {
        "p1": 40824000537,
        "p59a": "1.0",
        "p59b": "7.0",
        "p59c": "1.0",
        "p59d": "24",
        "p59e": "10.0",
        "p59f": "3.0",
        "p59g": "3.0",
        "x": 0,
        "y": 0
      },
      "geometry": { "type": "Point", "coordinates": [0.0, 0.0] }
    },
    {
      "type": "Feature",
      "properties": {
        "p1": 40824000537,
        "p59a": "1.0",
        "p59b": "7.0",
        "p59c": "1.0",
        "p59d": "34",
        "p59e": "10.0",
        "p59f": "1.0",
        "p59g": "4.0",
        "x": 0,
        "y": 0
      },
      "geometry": { "type": "Point", "coordinates": [0.0, 0.0] }
    },
    {
      "type": "Feature",
      "properties": {
        "p1": 40824000542,
        "p59a": "1.0",
        "p59b": "3.0",
        "p59c": "2.0",
        "p59d": "58",
        "p59e": "10.0",
        "p59f": "1.0",
        "p59g": "4.0",
        "x": 0,
        "y": 0
      },
      "geometry": { "type": "Point", "coordinates": [0.0, 0.0] }
    },
    {
      "type": "Feature",
      "properties": {
        "p1": 40824000542,
        "p59a": "1.0",
        "p59b": "3.0",
        "p59c": "1.0",
        "p59d": "73",
        "p59e": "10.0",
        "p59f": "1.0",
        "p59g": "4.0",
        "x": 0,
        "y": 0
      },
      "geometry": { "type": "Point", "coordinates": [0.0, 0.0] }
    },
    {
      "type": "Feature",
      "properties": {
        "p1": 40824000542,
        "p59a": "2.0",
        "p59b": "3.0",
        "p59c": "2.0",
        "p59d": "72",
        "p59e": "10.0",
        "p59f": "1.0",
        "p59g": "4.0",
        "x": 0,
        "y": 0
      },
      "geometry": { "type": "Point", "coordinates": [0.0, 0.0] }
    },
    {
      "type": "Feature",
      "properties": {
        "p1": 40824000547,
        "p59a": "1.0",
        "p59b": "3.0",
        "p59c": "2.0",
        "p59d": "45",
        "p59e": "10.0",
        "p59f": "1.0",
        "p59g": "4.0",
        "x": 0,
        "y": 0
      },
      "geometry": { "type": "Point", "coordinates": [0.0, 0.0] }
    },
    {
      "type": "Feature",
      "properties": {
        "p1": 40824000547,
        "p59a": "2.0",
        "p59b": "3.0",
        "p59c": "1.0",
        "p59d": "19",
        "p59e": "10.0",
        "p59f": "1.0",
        "p59g": "4.0",
        "x": 0,
        "y": 0
      },
      "geometry": { "type": "Point", "coordinates": [0.0, 0.0] }
    },
    {
      "type": "Feature",
      "properties": {
        "p1": 40824000548,
        "p59a": "1.0",
        "p59b": "1.0",
        "p59c": "1.0",
        "p59d": "16",
        "p59e": "10.0",
        "p59f": "1.0",
        "p59g": "4.0",
        "x": 0,
        "y": 0
      },
      "geometry": { "type": "Point", "coordinates": [0.0, 0.0] }
    },
    {
      "type": "Feature",
      "properties": {
        "p1": 40824000548,
        "p59a": "1.0",
        "p59b": "3.0",
        "p59c": "2.0",
        "p59d": "37",
        "p59e": "10.0",
        "p59f": "1.0",
        "p59g": "4.0",
        "x": 0,
        "y": 0
      },
      "geometry": { "type": "Point", "coordinates": [0.0, 0.0] }
    },
    {
      "type": "Feature",
      "properties": {
        "p1": 40824000548,
        "p59a": "2.0",
        "p59b": "3.0",
        "p59c": "2.0",
        "p59d": "60",
        "p59e": "10.0",
        "p59f": "1.0",
        "p59g": "4.0",
        "x": 0,
        "y": 0
      },
      "geometry": { "type": "Point", "coordinates": [0.0, 0.0] }
    },
    {
      "type": "Feature",
      "properties": {
        "p1": 40824000550,
        "p59a": "1.0",
        "p59b": "3.0",
        "p59c": "1.0",
        "p59d": "67",
        "p59e": "10.0",
        "p59f": "1.0",
        "p59g": "4.0",
        "x": 0,
        "y": 0
      },
      "geometry": { "type": "Point", "coordinates": [0.0, 0.0] }
    },
    {
      "type": "Feature",
      "properties": {
        "p1": 40824000550,
        "p59a": "2.0",
        "p59b": "3.0",
        "p59c": "2.0",
        "p59d": "65",
        "p59e": "10.0",
        "p59f": "1.0",
        "p59g": "4.0",
        "x": 0,
        "y": 0
      },
      "geometry": { "type": "Point", "coordinates": [0.0, 0.0] }
    },
    {
      "type": "Feature",
      "properties": {
        "p1": 40824000553,
        "p59a": "1.0",
        "p59b": "3.0",
        "p59c": "1.0",
        "p59d": "74",
        "p59e": "10.0",
        "p59f": "1.0",
        "p59g": "4.0",
        "x": 0,
        "y": 0
      },
      "geometry": { "type": "Point", "coordinates": [0.0, 0.0] }
    },
    {
      "type": "Feature",
      "properties": {
        "p1": 40824000553,
        "p59a": "2.0",
        "p59b": "3.0",
        "p59c": "2.0",
        "p59d": "77",
        "p59e": "10.0",
        "p59f": "1.0",
        "p59g": "4.0",
        "x": 0,
        "y": 0
      },
      "geometry": { "type": "Point", "coordinates": [0.0, 0.0] }
    },
    {
      "type": "Feature",
      "properties": {
        "p1": 40824000556,
        "p59a": "1.0",
        "p59b": "3.0",
        "p59c": "1.0",
        "p59d": "41",
        "p59e": "10.0",
        "p59f": "1.0",
        "p59g": "4.0",
        "x": 0,
        "y": 0
      },
      "geometry": { "type": "Point", "coordinates": [0.0, 0.0] }
    },
    {
      "type": "Feature",
      "properties": {
        "p1": 40824000556,
        "p59a": "2.0",
        "p59b": "3.0",
        "p59c": "2.0",
        "p59d": "41",
        "p59e": "10.0",
        "p59f": "1.0",
        "p59g": "4.0",
        "x": 0,
        "y": 0
      },
      "geometry": { "type": "Point", "coordinates": [0.0, 0.0] }
    },
    {
      "type": "Feature",
      "properties": {
        "p1": 40824000557,
        "p59a": "1.0",
        "p59b": "3.0",
        "p59c": "2.0",
        "p59d": "20",
        "p59e": "10.0",
        "p59f": "1.0",
        "p59g": "4.0",
        "x": 0,
        "y": 0
      },
      "geometry": { "type": "Point", "coordinates": [0.0, 0.0] }
    },
    {
      "type": "Feature",
      "properties": {
        "p1": 40824000557,
        "p59a": null,
        "p59b": null,
        "p59c": null,
        "p59d": null,
        "p59e": null,
        "p59f": null,
        "p59g": "4.0",
        "x": 0,
        "y": 0
      },
      "geometry": { "type": "Point", "coordinates": [0.0, 0.0] }
    },
    {
      "type": "Feature",
      "properties": {
        "p1": 40824000558,
        "p59a": "1.0",
        "p59b": "3.0",
        "p59c": "2.0",
        "p59d": "78",
        "p59e": "10.0",
        "p59f": "1.0",
        "p59g": "4.0",
        "x": 0,
        "y": 0
      },
      "geometry": { "type": "Point", "coordinates": [0.0, 0.0] }
    },
    {
      "type": "Feature",
      "properties": {
        "p1": 40824000558,
        "p59a": "2.0",
        "p59b": "3.0",
        "p59c": "1.0",
        "p59d": "79",
        "p59e": "10.0",
        "p59f": "1.0",
        "p59g": "4.0",
        "x": 0,
        "y": 0
      },
      "geometry": { "type": "Point", "coordinates": [0.0, 0.0] }
    },
    {
      "type": "Feature",
      "properties": {
        "p1": 40824000558,
        "p59a": "1.0",
        "p59b": "3.0",
        "p59c": "1.0",
        "p59d": "56",
        "p59e": "412.0",
        "p59f": "1.0",
        "p59g": "4.0",
        "x": 0,
        "y": 0
      },
      "geometry": { "type": "Point", "coordinates": [0.0, 0.0] }
    },
    {
      "type": "Feature",
      "properties": {
        "p1": 40824000558,
        "p59a": "2.0",
        "p59b": "3.0",
        "p59c": "2.0",
        "p59d": "61",
        "p59e": "412.0",
        "p59f": "1.0",
        "p59g": "4.0",
        "x": 0,
        "y": 0
      },
      "geometry": { "type": "Point", "coordinates": [0.0, 0.0] }
    },
    {
      "type": "Feature",
      "properties": {
        "p1": 40824000560,
        "p59a": "2.0",
        "p59b": "3.0",
        "p59c": "1.0",
        "p59d": "15",
        "p59e": "10.0",
        "p59f": "1.0",
        "p59g": "4.0",
        "x": 0,
        "y": 0
      },
      "geometry": { "type": "Point", "coordinates": [0.0, 0.0] }
    },
    {
      "type": "Feature",
      "properties": {
        "p1": 40824000560,
        "p59a": "1.0",
        "p59b": "3.0",
        "p59c": "1.0",
        "p59d": "58",
        "p59e": "10.0",
        "p59f": "1.0",
        "p59g": "4.0",
        "x": 0,
        "y": 0
      },
      "geometry": { "type": "Point", "coordinates": [0.0, 0.0] }
    },
    {
      "type": "Feature",
      "properties": {
        "p1": 40824000560,
        "p59a": "1.0",
        "p59b": "3.0",
        "p59c": "1.0",
        "p59d": "52",
        "p59e": "412.0",
        "p59f": "1.0",
        "p59g": "4.0",
        "x": 0,
        "y": 0
      },
      "geometry": { "type": "Point", "coordinates": [0.0, 0.0] }
    },
    {
      "type": "Feature",
      "properties": {
        "p1": 40824000561,
        "p59a": "1.0",
        "p59b": "1.0",
        "p59c": "2.0",
        "p59d": "16",
        "p59e": "10.0",
        "p59f": "5.0",
        "p59g": "3.0",
        "x": 0,
        "y": 0
      },
      "geometry": { "type": "Point", "coordinates": [0.0, 0.0] }
    },
    {
      "type": "Feature",
      "properties": {
        "p1": 40824000561,
        "p59a": "1.0",
        "p59b": "3.0",
        "p59c": "1.0",
        "p59d": "39",
        "p59e": "10.0",
        "p59f": "1.0",
        "p59g": "4.0",
        "x": 0,
        "y": 0
      },
      "geometry": { "type": "Point", "coordinates": [0.0, 0.0] }
    },
    {
      "type": "Feature",
      "properties": {
        "p1": 40824000561,
        "p59a": "2.0",
        "p59b": "3.0",
        "p59c": "2.0",
        "p59d": "39",
        "p59e": "10.0",
        "p59f": "1.0",
        "p59g": "4.0",
        "x": 0,
        "y": 0
      },
      "geometry": { "type": "Point", "coordinates": [0.0, 0.0] }
    },
    {
      "type": "Feature",
      "properties": {
        "p1": 40824000563,
        "p59a": "1.0",
        "p59b": "7.0",
        "p59c": "1.0",
        "p59d": "51",
        "p59e": "10.0",
        "p59f": "5.0",
        "p59g": "3.0",
        "x": 0,
        "y": 0
      },
      "geometry": { "type": "Point", "coordinates": [0.0, 0.0] }
    },
    {
      "type": "Feature",
      "properties": {
        "p1": 40824000563,
        "p59a": "1.0",
        "p59b": "3.0",
        "p59c": "1.0",
        "p59d": "31",
        "p59e": "10.0",
        "p59f": "1.0",
        "p59g": "4.0",
        "x": 0,
        "y": 0
      },
      "geometry": { "type": "Point", "coordinates": [0.0, 0.0] }
    },
    {
      "type": "Feature",
      "properties": {
        "p1": 40824000567,
        "p59a": "1.0",
        "p59b": "3.0",
        "p59c": "1.0",
        "p59d": "58",
        "p59e": "10.0",
        "p59f": "1.0",
        "p59g": "4.0",
        "x": 0,
        "y": 0
      },
      "geometry": { "type": "Point", "coordinates": [0.0, 0.0] }
    },
    {
      "type": "Feature",
      "properties": {
        "p1": 40824000567,
        "p59a": "2.0",
        "p59b": "4.0",
        "p59c": "1.0",
        "p59d": "50",
        "p59e": "10.0",
        "p59f": "5.0",
        "p59g": "3.0",
        "x": 0,
        "y": 0
      },
      "geometry": { "type": "Point", "coordinates": [0.0, 0.0] }
    },
    {
      "type": "Feature",
      "properties": {
        "p1": 40824000570,
        "p59a": "1.0",
        "p59b": "7.0",
        "p59c": "1.0",
        "p59d": "20",
        "p59e": "10.0",
        "p59f": "1.0",
        "p59g": "4.0",
        "x": 0,
        "y": 0
      },
      "geometry": { "type": "Point", "coordinates": [0.0, 0.0] }
    },
    {
      "type": "Feature",
      "properties": {
        "p1": 40824000570,
        "p59a": "3.0",
        "p59b": "3.0",
        "p59c": "2.0",
        "p59d": "16",
        "p59e": "10.0",
        "p59f": "1.0",
        "p59g": "4.0",
        "x": 0,
        "y": 0
      },
      "geometry": { "type": "Point", "coordinates": [0.0, 0.0] }
    },
    {
      "type": "Feature",
      "properties": {
        "p1": 40824000570,
        "p59a": "2.0",
        "p59b": "7.0",
        "p59c": "2.0",
        "p59d": "15",
        "p59e": "10.0",
        "p59f": "1.0",
        "p59g": "4.0",
        "x": 0,
        "y": 0
      },
      "geometry": { "type": "Point", "coordinates": [0.0, 0.0] }
    },
    {
      "type": "Feature",
      "properties": {
        "p1": 40824000581,
        "p59a": "1.0",
        "p59b": "2.0",
        "p59c": "1.0",
        "p59d": "36",
        "p59e": "10.0",
        "p59f": "5.0",
        "p59g": "3.0",
        "x": 0,
        "y": 0
      },
      "geometry": { "type": "Point", "coordinates": [0.0, 0.0] }
    },
    {
      "type": "Feature",
      "properties": {
        "p1": 40824000581,
        "p59a": "1.0",
        "p59b": "3.0",
        "p59c": "1.0",
        "p59d": "63",
        "p59e": "10.0",
        "p59f": "1.0",
        "p59g": "4.0",
        "x": 0,
        "y": 0
      },
      "geometry": { "type": "Point", "coordinates": [0.0, 0.0] }
    },
    {
      "type": "Feature",
      "properties": {
        "p1": 40824000594,
        "p59a": "1.0",
        "p59b": "2.0",
        "p59c": "1.0",
        "p59d": "30",
        "p59e": "407.0",
        "p59f": "5.0",
        "p59g": "3.0",
        "x": 0,
        "y": 0
      },
      "geometry": { "type": "Point", "coordinates": [0.0, 0.0] }
    },
    {
      "type": "Feature",
      "properties": {
        "p1": 40824000594,
        "p59a": "1.0",
        "p59b": "3.0",
        "p59c": "2.0",
        "p59d": "26",
        "p59e": "10.0",
        "p59f": "1.0",
        "p59g": "4.0",
        "x": 0,
        "y": 0
      },
      "geometry": { "type": "Point", "coordinates": [0.0, 0.0] }
    },
    {
      "type": "Feature",
      "properties": {
        "p1": 40824000594,
        "p59a": "3.0",
        "p59b": "3.0",
        "p59c": "2.0",
        "p59d": "46",
        "p59e": "10.0",
        "p59f": "1.0",
        "p59g": "4.0",
        "x": 0,
        "y": 0
      },
      "geometry": { "type": "Point", "coordinates": [0.0, 0.0] }
    },
    {
      "type": "Feature",
      "properties": {
        "p1": 40824000594,
        "p59a": "2.0",
        "p59b": "3.0",
        "p59c": "1.0",
        "p59d": "51",
        "p59e": "10.0",
        "p59f": "1.0",
        "p59g": "4.0",
        "x": 0,
        "y": 0
      },
      "geometry": { "type": "Point", "coordinates": [0.0, 0.0] }
    },
    {
      "type": "Feature",
      "properties": {
        "p1": 40824000611,
        "p59a": "1.0",
        "p59b": "3.0",
        "p59c": "2.0",
        "p59d": "45",
        "p59e": "10.0",
        "p59f": "1.0",
        "p59g": "4.0",
        "x": 0,
        "y": 0
      },
      "geometry": { "type": "Point", "coordinates": [0.0, 0.0] }
    },
    {
      "type": "Feature",
      "properties": {
        "p1": 40824000611,
        "p59a": "2.0",
        "p59b": "3.0",
        "p59c": "2.0",
        "p59d": "45",
        "p59e": "10.0",
        "p59f": "1.0",
        "p59g": "4.0",
        "x": 0,
        "y": 0
      },
      "geometry": { "type": "Point", "coordinates": [0.0, 0.0] }
    },
    {
      "type": "Feature",
      "properties": {
        "p1": 40824000611,
        "p59a": "1.0",
        "p59b": "3.0",
        "p59c": "1.0",
        "p59d": "59",
        "p59e": "10.0",
        "p59f": "1.0",
        "p59g": "4.0",
        "x": 0,
        "y": 0
      },
      "geometry": { "type": "Point", "coordinates": [0.0, 0.0] }
    },
    {
      "type": "Feature",
      "properties": {
        "p1": 40824000611,
        "p59a": "2.0",
        "p59b": "3.0",
        "p59c": "2.0",
        "p59d": "57",
        "p59e": "10.0",
        "p59f": "1.0",
        "p59g": "4.0",
        "x": 0,
        "y": 0
      },
      "geometry": { "type": "Point", "coordinates": [0.0, 0.0] }
    },
    {
      "type": "Feature",
      "properties": {
        "p1": 40824000618,
        "p59a": "1.0",
        "p59b": "3.0",
        "p59c": "1.0",
        "p59d": "54",
        "p59e": "10.0",
        "p59f": "1.0",
        "p59g": "4.0",
        "x": 0,
        "y": 0
      },
      "geometry": { "type": "Point", "coordinates": [0.0, 0.0] }
    },
    {
      "type": "Feature",
      "properties": {
        "p1": 40824000618,
        "p59a": "1.0",
        "p59b": "3.0",
        "p59c": "2.0",
        "p59d": "47",
        "p59e": "10.0",
        "p59f": "1.0",
        "p59g": "4.0",
        "x": 0,
        "y": 0
      },
      "geometry": { "type": "Point", "coordinates": [0.0, 0.0] }
    },
    {
      "type": "Feature",
      "properties": {
        "p1": 40824000618,
        "p59a": "2.0",
        "p59b": "3.0",
        "p59c": "2.0",
        "p59d": "71",
        "p59e": "10.0",
        "p59f": "1.0",
        "p59g": "4.0",
        "x": 0,
        "y": 0
      },
      "geometry": { "type": "Point", "coordinates": [0.0, 0.0] }
    },
    {
      "type": "Feature",
      "properties": {
        "p1": 40824000621,
        "p59a": "1.0",
        "p59b": "3.0",
        "p59c": "1.0",
        "p59d": "43",
        "p59e": "10.0",
        "p59f": "1.0",
        "p59g": "4.0",
        "x": 0,
        "y": 0
      },
      "geometry": { "type": "Point", "coordinates": [0.0, 0.0] }
    },
    {
      "type": "Feature",
      "properties": {
        "p1": 40824000621,
        "p59a": "2.0",
        "p59b": "3.0",
        "p59c": "1.0",
        "p59d": "39",
        "p59e": "10.0",
        "p59f": "1.0",
        "p59g": "4.0",
        "x": 0,
        "y": 0
      },
      "geometry": { "type": "Point", "coordinates": [0.0, 0.0] }
    },
    {
      "type": "Feature",
      "properties": {
        "p1": 40824000635,
        "p59a": "1.0",
        "p59b": "3.0",
        "p59c": "1.0",
        "p59d": "22",
        "p59e": "10.0",
        "p59f": "1.0",
        "p59g": "4.0",
        "x": 0,
        "y": 0
      },
      "geometry": { "type": "Point", "coordinates": [0.0, 0.0] }
    },
    {
      "type": "Feature",
      "properties": {
        "p1": 40824000635,
        "p59a": "2.0",
        "p59b": "3.0",
        "p59c": "2.0",
        "p59d": "40",
        "p59e": "10.0",
        "p59f": "1.0",
        "p59g": "4.0",
        "x": 0,
        "y": 0
      },
      "geometry": { "type": "Point", "coordinates": [0.0, 0.0] }
    },
    {
      "type": "Feature",
      "properties": {
        "p1": 40824000639,
        "p59a": "1.0",
        "p59b": "3.0",
        "p59c": "1.0",
        "p59d": "34",
        "p59e": "10.0",
        "p59f": "1.0",
        "p59g": "4.0",
        "x": 0,
        "y": 0
      },
      "geometry": { "type": "Point", "coordinates": [0.0, 0.0] }
    },
    {
      "type": "Feature",
      "properties": {
        "p1": 40824000639,
        "p59a": "1.0",
        "p59b": "3.0",
        "p59c": "2.0",
        "p59d": "44",
        "p59e": "10.0",
        "p59f": "1.0",
        "p59g": "4.0",
        "x": 0,
        "y": 0
      },
      "geometry": { "type": "Point", "coordinates": [0.0, 0.0] }
    },
    {
      "type": "Feature",
      "properties": {
        "p1": 40824000639,
        "p59a": "3.0",
        "p59b": "3.0",
        "p59c": "2.0",
        "p59d": "17",
        "p59e": "10.0",
        "p59f": "1.0",
        "p59g": "4.0",
        "x": 0,
        "y": 0
      },
      "geometry": { "type": "Point", "coordinates": [0.0, 0.0] }
    },
    {
      "type": "Feature",
      "properties": {
        "p1": 40824000639,
        "p59a": "2.0",
        "p59b": "3.0",
        "p59c": "2.0",
        "p59d": "48",
        "p59e": "10.0",
        "p59f": "1.0",
        "p59g": "4.0",
        "x": 0,
        "y": 0
      },
      "geometry": { "type": "Point", "coordinates": [0.0, 0.0] }
    },
    {
      "type": "Feature",
      "properties": {
        "p1": 40824000643,
        "p59a": "1.0",
        "p59b": "3.0",
        "p59c": "1.0",
        "p59d": "43",
        "p59e": "180.0",
        "p59f": "1.0",
        "p59g": "4.0",
        "x": 0,
        "y": 0
      },
      "geometry": { "type": "Point", "coordinates": [0.0, 0.0] }
    },
    {
      "type": "Feature",
      "properties": {
        "p1": 40824000643,
        "p59a": "1.0",
        "p59b": "3.0",
        "p59c": "1.0",
        "p59d": "54",
        "p59e": "10.0",
        "p59f": "1.0",
        "p59g": "4.0",
        "x": 0,
        "y": 0
      },
      "geometry": { "type": "Point", "coordinates": [0.0, 0.0] }
    },
    {
      "type": "Feature",
      "properties": {
        "p1": 40824000643,
        "p59a": "2.0",
        "p59b": "3.0",
        "p59c": "2.0",
        "p59d": "51",
        "p59e": "10.0",
        "p59f": "1.0",
        "p59g": "4.0",
        "x": 0,
        "y": 0
      },
      "geometry": { "type": "Point", "coordinates": [0.0, 0.0] }
    },
    {
      "type": "Feature",
      "properties": {
        "p1": 40824000644,
        "p59a": "1.0",
        "p59b": "2.0",
        "p59c": "2.0",
        "p59d": "19",
        "p59e": "10.0",
        "p59f": "5.0",
        "p59g": "3.0",
        "x": 0,
        "y": 0
      },
      "geometry": { "type": "Point", "coordinates": [0.0, 0.0] }
    },
    {
      "type": "Feature",
      "properties": {
        "p1": 40824000644,
        "p59a": "1.0",
        "p59b": "3.0",
        "p59c": "1.0",
        "p59d": "77",
        "p59e": "10.0",
        "p59f": "1.0",
        "p59g": "4.0",
        "x": 0,
        "y": 0
      },
      "geometry": { "type": "Point", "coordinates": [0.0, 0.0] }
    },
    {
      "type": "Feature",
      "properties": {
        "p1": 40824000644,
        "p59a": "2.0",
        "p59b": "3.0",
        "p59c": "2.0",
        "p59d": "55",
        "p59e": "10.0",
        "p59f": "1.0",
        "p59g": "4.0",
        "x": 0,
        "y": 0
      },
      "geometry": { "type": "Point", "coordinates": [0.0, 0.0] }
    },
    {
      "type": "Feature",
      "properties": {
        "p1": 40824000653,
        "p59a": "1.0",
        "p59b": "3.0",
        "p59c": "2.0",
        "p59d": "68",
        "p59e": "10.0",
        "p59f": "1.0",
        "p59g": "4.0",
        "x": 0,
        "y": 0
      },
      "geometry": { "type": "Point", "coordinates": [0.0, 0.0] }
    },
    {
      "type": "Feature",
      "properties": {
        "p1": 40824000653,
        "p59a": "2.0",
        "p59b": "3.0",
        "p59c": "2.0",
        "p59d": "87",
        "p59e": "10.0",
        "p59f": "1.0",
        "p59g": "4.0",
        "x": 0,
        "y": 0
      },
      "geometry": { "type": "Point", "coordinates": [0.0, 0.0] }
    },
    {
      "type": "Feature",
      "properties": {
        "p1": 40824000659,
        "p59a": "1.0",
        "p59b": "2.0",
        "p59c": "1.0",
        "p59d": "47",
        "p59e": "423.0",
        "p59f": "5.0",
        "p59g": "3.0",
        "x": 0,
        "y": 0
      },
      "geometry": { "type": "Point", "coordinates": [0.0, 0.0] }
    },
    {
      "type": "Feature",
      "properties": {
        "p1": 40824000659,
        "p59a": "1.0",
        "p59b": "1.0",
        "p59c": "3.0",
        "p59d": "12",
        "p59e": "10.0",
        "p59f": "1.0",
        "p59g": "4.0",
        "x": 0,
        "y": 0
      },
      "geometry": { "type": "Point", "coordinates": [0.0, 0.0] }
    },
    {
      "type": "Feature",
      "properties": {
        "p1": 40824000663,
        "p59a": "1.0",
        "p59b": "3.0",
        "p59c": "1.0",
        "p59d": "70",
        "p59e": "10.0",
        "p59f": "1.0",
        "p59g": "4.0",
        "x": 0,
        "y": 0
      },
      "geometry": { "type": "Point", "coordinates": [0.0, 0.0] }
    },
    {
      "type": "Feature",
      "properties": {
        "p1": 40824000663,
        "p59a": "1.0",
        "p59b": "3.0",
        "p59c": "2.0",
        "p59d": "62",
        "p59e": "10.0",
        "p59f": "1.0",
        "p59g": "4.0",
        "x": 0,
        "y": 0
      },
      "geometry": { "type": "Point", "coordinates": [0.0, 0.0] }
    },
    {
      "type": "Feature",
      "properties": {
        "p1": 40824000663,
        "p59a": "3.0",
        "p59b": "3.0",
        "p59c": "2.0",
        "p59d": "72",
        "p59e": "10.0",
        "p59f": "1.0",
        "p59g": "4.0",
        "x": 0,
        "y": 0
      },
      "geometry": { "type": "Point", "coordinates": [0.0, 0.0] }
    },
    {
      "type": "Feature",
      "properties": {
        "p1": 40824000663,
        "p59a": "2.0",
        "p59b": "3.0",
        "p59c": "1.0",
        "p59d": "54",
        "p59e": "10.0",
        "p59f": "1.0",
        "p59g": "4.0",
        "x": 0,
        "y": 0
      },
      "geometry": { "type": "Point", "coordinates": [0.0, 0.0] }
    },
    {
      "type": "Feature",
      "properties": {
        "p1": 40824000664,
        "p59a": "1.0",
        "p59b": "3.0",
        "p59c": "1.0",
        "p59d": "25",
        "p59e": "10.0",
        "p59f": "1.0",
        "p59g": "4.0",
        "x": 0,
        "y": 0
      },
      "geometry": { "type": "Point", "coordinates": [0.0, 0.0] }
    },
    {
      "type": "Feature",
      "properties": {
        "p1": 40824000664,
        "p59a": "1.0",
        "p59b": "3.0",
        "p59c": "1.0",
        "p59d": "32",
        "p59e": "104.0",
        "p59f": "1.0",
        "p59g": "4.0",
        "x": 0,
        "y": 0
      },
      "geometry": { "type": "Point", "coordinates": [0.0, 0.0] }
    },
    {
      "type": "Feature",
      "properties": {
        "p1": 40824000664,
        "p59a": "3.0",
        "p59b": "5.0",
        "p59c": "3.0",
        "p59d": "03",
        "p59e": "104.0",
        "p59f": "1.0",
        "p59g": "4.0",
        "x": 0,
        "y": 0
      },
      "geometry": { "type": "Point", "coordinates": [0.0, 0.0] }
    },
    {
      "type": "Feature",
      "properties": {
        "p1": 40824000664,
        "p59a": "3.0",
        "p59b": "3.0",
        "p59c": "2.0",
        "p59d": "32",
        "p59e": "104.0",
        "p59f": "5.0",
        "p59g": "4.0",
        "x": 0,
        "y": 0
      },
      "geometry": { "type": "Point", "coordinates": [0.0, 0.0] }
    },
    {
      "type": "Feature",
      "properties": {
        "p1": 40824000665,
        "p59a": "1.0",
        "p59b": "3.0",
        "p59c": "1.0",
        "p59d": "46",
        "p59e": "101.0",
        "p59f": "1.0",
        "p59g": "4.0",
        "x": 0,
        "y": 0
      },
      "geometry": { "type": "Point", "coordinates": [0.0, 0.0] }
    },
    {
      "type": "Feature",
      "properties": {
        "p1": 40824000665,
        "p59a": "2.0",
        "p59b": "3.0",
        "p59c": "1.0",
        "p59d": "36",
        "p59e": "101.0",
        "p59f": "1.0",
        "p59g": "4.0",
        "x": 0,
        "y": 0
      },
      "geometry": { "type": "Point", "coordinates": [0.0, 0.0] }
    },
    {
      "type": "Feature",
      "properties": {
        "p1": 40824000674,
        "p59a": null,
        "p59b": null,
        "p59c": null,
        "p59d": "XX",
        "p59e": null,
        "p59f": null,
        "p59g": "4.0",
        "x": 0,
        "y": 0
      },
      "geometry": { "type": "Point", "coordinates": [0.0, 0.0] }
    },
    {
      "type": "Feature",
      "properties": {
        "p1": 40824000674,
        "p59a": "1.0",
        "p59b": "3.0",
        "p59c": "2.0",
        "p59d": "52",
        "p59e": "10.0",
        "p59f": "1.0",
        "p59g": "4.0",
        "x": 0,
        "y": 0
      },
      "geometry": { "type": "Point", "coordinates": [0.0, 0.0] }
    },
    {
      "type": "Feature",
      "properties": {
        "p1": 40824000675,
        "p59a": "1.0",
        "p59b": "4.0",
        "p59c": "1.0",
        "p59d": "81",
        "p59e": "10.0",
        "p59f": "5.0",
        "p59g": "3.0",
        "x": 0,
        "y": 0
      },
      "geometry": { "type": "Point", "coordinates": [0.0, 0.0] }
    },
    {
      "type": "Feature",
      "properties": {
        "p1": 40824000675,
        "p59a": "1.0",
        "p59b": "3.0",
        "p59c": "1.0",
        "p59d": "21",
        "p59e": "340.0",
        "p59f": "1.0",
        "p59g": "4.0",
        "x": 0,
        "y": 0
      },
      "geometry": { "type": "Point", "coordinates": [0.0, 0.0] }
    },
    {
      "type": "Feature",
      "properties": {
        "p1": 40824000675,
        "p59a": "2.0",
        "p59b": "3.0",
        "p59c": "1.0",
        "p59d": "21",
        "p59e": "10.0",
        "p59f": "1.0",
        "p59g": "4.0",
        "x": 0,
        "y": 0
      },
      "geometry": { "type": "Point", "coordinates": [0.0, 0.0] }
    },
    {
      "type": "Feature",
      "properties": {
        "p1": 40824000675,
        "p59a": "1.0",
        "p59b": "3.0",
        "p59c": "1.0",
        "p59d": "31",
        "p59e": "10.0",
        "p59f": "1.0",
        "p59g": "4.0",
        "x": 0,
        "y": 0
      },
      "geometry": { "type": "Point", "coordinates": [0.0, 0.0] }
    },
    {
      "type": "Feature",
      "properties": {
        "p1": 40824000681,
        "p59a": "1.0",
        "p59b": "3.0",
        "p59c": "1.0",
        "p59d": "22",
        "p59e": "10.0",
        "p59f": "1.0",
        "p59g": "4.0",
        "x": 0,
        "y": 0
      },
      "geometry": { "type": "Point", "coordinates": [0.0, 0.0] }
    },
    {
      "type": "Feature",
      "properties": {
        "p1": 40824000681,
        "p59a": "1.0",
        "p59b": "3.0",
        "p59c": "1.0",
        "p59d": "62",
        "p59e": "10.0",
        "p59f": "1.0",
        "p59g": "4.0",
        "x": 0,
        "y": 0
      },
      "geometry": { "type": "Point", "coordinates": [0.0, 0.0] }
    },
    {
      "type": "Feature",
      "properties": {
        "p1": 40824000684,
        "p59a": "1.0",
        "p59b": "7.0",
        "p59c": "1.0",
        "p59d": "56",
        "p59e": "10.0",
        "p59f": "1.0",
        "p59g": "4.0",
        "x": 0,
        "y": 0
      },
      "geometry": { "type": "Point", "coordinates": [0.0, 0.0] }
    },
    {
      "type": "Feature",
      "properties": {
        "p1": 40824000684,
        "p59a": "1.0",
        "p59b": "7.0",
        "p59c": "2.0",
        "p59d": "44",
        "p59e": "10.0",
        "p59f": "5.0",
        "p59g": "4.0",
        "x": 0,
        "y": 0
      },
      "geometry": { "type": "Point", "coordinates": [0.0, 0.0] }
    },
    {
      "type": "Feature",
      "properties": {
        "p1": 40824000687,
        "p59a": "1.0",
        "p59b": "8.0",
        "p59c": "1.0",
        "p59d": "19",
        "p59e": "180.0",
        "p59f": "3.0",
        "p59g": "3.0",
        "x": 0,
        "y": 0
      },
      "geometry": { "type": "Point", "coordinates": [0.0, 0.0] }
    },
    {
      "type": "Feature",
      "properties": {
        "p1": 40824000687,
        "p59a": "2.0",
        "p59b": "8.0",
        "p59c": "1.0",
        "p59d": "22",
        "p59e": "180.0",
        "p59f": "6.0",
        "p59g": "3.0",
        "x": 0,
        "y": 0
      },
      "geometry": { "type": "Point", "coordinates": [0.0, 0.0] }
    },
    {
      "type": "Feature",
      "properties": {
        "p1": 40824000688,
        "p59a": null,
        "p59b": null,
        "p59c": null,
        "p59d": "XX",
        "p59e": null,
        "p59f": null,
        "p59g": "4.0",
        "x": 0,
        "y": 0
      },
      "geometry": { "type": "Point", "coordinates": [0.0, 0.0] }
    },
    {
      "type": "Feature",
      "properties": {
        "p1": 40824000688,
        "p59a": "1.0",
        "p59b": "3.0",
        "p59c": "1.0",
        "p59d": "20",
        "p59e": "10.0",
        "p59f": "1.0",
        "p59g": "4.0",
        "x": 0,
        "y": 0
      },
      "geometry": { "type": "Point", "coordinates": [0.0, 0.0] }
    },
    {
      "type": "Feature",
      "properties": {
        "p1": 40824000698,
        "p59a": "1.0",
        "p59b": "3.0",
        "p59c": "2.0",
        "p59d": "79",
        "p59e": "10.0",
        "p59f": "1.0",
        "p59g": "4.0",
        "x": 0,
        "y": 0
      },
      "geometry": { "type": "Point", "coordinates": [0.0, 0.0] }
    },
    {
      "type": "Feature",
      "properties": {
        "p1": 40824000698,
        "p59a": "2.0",
        "p59b": "3.0",
        "p59c": "1.0",
        "p59d": "83",
        "p59e": "10.0",
        "p59f": "1.0",
        "p59g": "4.0",
        "x": 0,
        "y": 0
      },
      "geometry": { "type": "Point", "coordinates": [0.0, 0.0] }
    },
    {
      "type": "Feature",
      "properties": {
        "p1": 40824000698,
        "p59a": "1.0",
        "p59b": "3.0",
        "p59c": "2.0",
        "p59d": "42",
        "p59e": "10.0",
        "p59f": "1.0",
        "p59g": "4.0",
        "x": 0,
        "y": 0
      },
      "geometry": { "type": "Point", "coordinates": [0.0, 0.0] }
    },
    {
      "type": "Feature",
      "properties": {
        "p1": 40824000698,
        "p59a": "2.0",
        "p59b": "3.0",
        "p59c": "2.0",
        "p59d": "43",
        "p59e": "10.0",
        "p59f": "1.0",
        "p59g": "4.0",
        "x": 0,
        "y": 0
      },
      "geometry": { "type": "Point", "coordinates": [0.0, 0.0] }
    },
    {
      "type": "Feature",
      "properties": {
        "p1": 40824000698,
        "p59a": "1.0",
        "p59b": "3.0",
        "p59c": "2.0",
        "p59d": "47",
        "p59e": "10.0",
        "p59f": "1.0",
        "p59g": "4.0",
        "x": 0,
        "y": 0
      },
      "geometry": { "type": "Point", "coordinates": [0.0, 0.0] }
    },
    {
      "type": "Feature",
      "properties": {
        "p1": 40824000701,
        "p59a": "1.0",
        "p59b": "3.0",
        "p59c": "1.0",
        "p59d": "61",
        "p59e": "10.0",
        "p59f": "1.0",
        "p59g": "4.0",
        "x": 0,
        "y": 0
      },
      "geometry": { "type": "Point", "coordinates": [0.0, 0.0] }
    },
    {
      "type": "Feature",
      "properties": {
        "p1": 40824000701,
        "p59a": "1.0",
        "p59b": "1.0",
        "p59c": "1.0",
        "p59d": "45",
        "p59e": "10.0",
        "p59f": "5.0",
        "p59g": "3.0",
        "x": 0,
        "y": 0
      },
      "geometry": { "type": "Point", "coordinates": [0.0, 0.0] }
    },
    {
      "type": "Feature",
      "properties": {
        "p1": 40824000702,
        "p59a": "1.0",
        "p59b": "3.0",
        "p59c": "1.0",
        "p59d": "54",
        "p59e": "10.0",
        "p59f": "1.0",
        "p59g": "4.0",
        "x": 0,
        "y": 0
      },
      "geometry": { "type": "Point", "coordinates": [0.0, 0.0] }
    },
    {
      "type": "Feature",
      "properties": {
        "p1": 40824000702,
        "p59a": "1.0",
        "p59b": "3.0",
        "p59c": "1.0",
        "p59d": "32",
        "p59e": "10.0",
        "p59f": "1.0",
        "p59g": "4.0",
        "x": 0,
        "y": 0
      },
      "geometry": { "type": "Point", "coordinates": [0.0, 0.0] }
    },
    {
      "type": "Feature",
      "properties": {
        "p1": 40824000708,
        "p59a": "1.0",
        "p59b": "3.0",
        "p59c": "2.0",
        "p59d": "31",
        "p59e": "10.0",
        "p59f": "1.0",
        "p59g": "4.0",
        "x": 0,
        "y": 0
      },
      "geometry": { "type": "Point", "coordinates": [0.0, 0.0] }
    },
    {
      "type": "Feature",
      "properties": {
        "p1": 40824000708,
        "p59a": "1.0",
        "p59b": "3.0",
        "p59c": "1.0",
        "p59d": "63",
        "p59e": "10.0",
        "p59f": "1.0",
        "p59g": "4.0",
        "x": 0,
        "y": 0
      },
      "geometry": { "type": "Point", "coordinates": [0.0, 0.0] }
    },
    {
      "type": "Feature",
      "properties": {
        "p1": 40824000711,
        "p59a": "1.0",
        "p59b": "2.0",
        "p59c": "2.0",
        "p59d": "78",
        "p59e": "10.0",
        "p59f": "5.0",
        "p59g": "3.0",
        "x": 0,
        "y": 0
      },
      "geometry": { "type": "Point", "coordinates": [0.0, 0.0] }
    },
    {
      "type": "Feature",
      "properties": {
        "p1": 40824000711,
        "p59a": "1.0",
        "p59b": "3.0",
        "p59c": "1.0",
        "p59d": "59",
        "p59e": "10.0",
        "p59f": "1.0",
        "p59g": "4.0",
        "x": 0,
        "y": 0
      },
      "geometry": { "type": "Point", "coordinates": [0.0, 0.0] }
    },
    {
      "type": "Feature",
      "properties": {
        "p1": 40824000715,
        "p59a": "1.0",
        "p59b": "7.0",
        "p59c": "1.0",
        "p59d": "23",
        "p59e": "10.0",
        "p59f": "1.0",
        "p59g": "4.0",
        "x": 0,
        "y": 0
      },
      "geometry": { "type": "Point", "coordinates": [0.0, 0.0] }
    },
    {
      "type": "Feature",
      "properties": {
        "p1": 40824000715,
        "p59a": "2.0",
        "p59b": "8.0",
        "p59c": "1.0",
        "p59d": "22",
        "p59e": "10.0",
        "p59f": "1.0",
        "p59g": "4.0",
        "x": 0,
        "y": 0
      },
      "geometry": { "type": "Point", "coordinates": [0.0, 0.0] }
    },
    {
      "type": "Feature",
      "properties": {
        "p1": 40824000716,
        "p59a": "1.0",
        "p59b": "3.0",
        "p59c": "2.0",
        "p59d": "32",
        "p59e": "10.0",
        "p59f": "1.0",
        "p59g": "4.0",
        "x": 0,
        "y": 0
      },
      "geometry": { "type": "Point", "coordinates": [0.0, 0.0] }
    },
    {
      "type": "Feature",
      "properties": {
        "p1": 40824000716,
        "p59a": "1.0",
        "p59b": "3.0",
        "p59c": "2.0",
        "p59d": "47",
        "p59e": "10.0",
        "p59f": "1.0",
        "p59g": "4.0",
        "x": 0,
        "y": 0
      },
      "geometry": { "type": "Point", "coordinates": [0.0, 0.0] }
    },
    {
      "type": "Feature",
      "properties": {
        "p1": 40824000716,
        "p59a": "2.0",
        "p59b": "3.0",
        "p59c": "2.0",
        "p59d": "53",
        "p59e": "10.0",
        "p59f": "1.0",
        "p59g": "4.0",
        "x": 0,
        "y": 0
      },
      "geometry": { "type": "Point", "coordinates": [0.0, 0.0] }
    },
    {
      "type": "Feature",
      "properties": {
        "p1": 40824000716,
        "p59a": "1.0",
        "p59b": "3.0",
        "p59c": "1.0",
        "p59d": "38",
        "p59e": "10.0",
        "p59f": "1.0",
        "p59g": "4.0",
        "x": 0,
        "y": 0
      },
      "geometry": { "type": "Point", "coordinates": [0.0, 0.0] }
    },
    {
      "type": "Feature",
      "properties": {
        "p1": 40824000720,
        "p59a": "1.0",
        "p59b": "3.0",
        "p59c": "2.0",
        "p59d": "35",
        "p59e": "10.0",
        "p59f": "1.0",
        "p59g": "4.0",
        "x": 0,
        "y": 0
      },
      "geometry": { "type": "Point", "coordinates": [0.0, 0.0] }
    },
    {
      "type": "Feature",
      "properties": {
        "p1": 40824000720,
        "p59a": null,
        "p59b": null,
        "p59c": null,
        "p59d": "XX",
        "p59e": null,
        "p59f": null,
        "p59g": "4.0",
        "x": 0,
        "y": 0
      },
      "geometry": { "type": "Point", "coordinates": [0.0, 0.0] }
    },
    {
      "type": "Feature",
      "properties": {
        "p1": 40824000723,
        "p59a": "1.0",
        "p59b": "3.0",
        "p59c": "1.0",
        "p59d": "58",
        "p59e": "10.0",
        "p59f": "1.0",
        "p59g": "4.0",
        "x": 0,
        "y": 0
      },
      "geometry": { "type": "Point", "coordinates": [0.0, 0.0] }
    },
    {
      "type": "Feature",
      "properties": {
        "p1": 40824000723,
        "p59a": "1.0",
        "p59b": "3.0",
        "p59c": "1.0",
        "p59d": "36",
        "p59e": "10.0",
        "p59f": "1.0",
        "p59g": "4.0",
        "x": 0,
        "y": 0
      },
      "geometry": { "type": "Point", "coordinates": [0.0, 0.0] }
    },
    {
      "type": "Feature",
      "properties": {
        "p1": 40824000723,
        "p59a": "2.0",
        "p59b": "3.0",
        "p59c": "1.0",
        "p59d": "68",
        "p59e": "10.0",
        "p59f": "2.0",
        "p59g": "3.0",
        "x": 0,
        "y": 0
      },
      "geometry": { "type": "Point", "coordinates": [0.0, 0.0] }
    },
    {
      "type": "Feature",
      "properties": {
        "p1": 40824000725,
        "p59a": "1.0",
        "p59b": "3.0",
        "p59c": "1.0",
        "p59d": "45",
        "p59e": "10.0",
        "p59f": "1.0",
        "p59g": "4.0",
        "x": 0,
        "y": 0
      },
      "geometry": { "type": "Point", "coordinates": [0.0, 0.0] }
    },
    {
      "type": "Feature",
      "properties": {
        "p1": 40824000725,
        "p59a": "3.0",
        "p59b": "3.0",
        "p59c": "3.0",
        "p59d": "07",
        "p59e": "10.0",
        "p59f": "1.0",
        "p59g": "4.0",
        "x": 0,
        "y": 0
      },
      "geometry": { "type": "Point", "coordinates": [0.0, 0.0] }
    },
    {
      "type": "Feature",
      "properties": {
        "p1": 40824000725,
        "p59a": "1.0",
        "p59b": "3.0",
        "p59c": "1.0",
        "p59d": "42",
        "p59e": "10.0",
        "p59f": "1.0",
        "p59g": "4.0",
        "x": 0,
        "y": 0
      },
      "geometry": { "type": "Point", "coordinates": [0.0, 0.0] }
    },
    {
      "type": "Feature",
      "properties": {
        "p1": 40824000728,
        "p59a": "1.0",
        "p59b": "3.0",
        "p59c": "1.0",
        "p59d": "19",
        "p59e": "10.0",
        "p59f": "1.0",
        "p59g": "4.0",
        "x": 0,
        "y": 0
      },
      "geometry": { "type": "Point", "coordinates": [0.0, 0.0] }
    },
    {
      "type": "Feature",
      "properties": {
        "p1": 40824000728,
        "p59a": "2.0",
        "p59b": "3.0",
        "p59c": "2.0",
        "p59d": "17",
        "p59e": "10.0",
        "p59f": "1.0",
        "p59g": "4.0",
        "x": 0,
        "y": 0
      },
      "geometry": { "type": "Point", "coordinates": [0.0, 0.0] }
    },
    {
      "type": "Feature",
      "properties": {
        "p1": 40824000728,
        "p59a": "3.0",
        "p59b": "3.0",
        "p59c": "2.0",
        "p59d": "17",
        "p59e": "10.0",
        "p59f": "1.0",
        "p59g": "4.0",
        "x": 0,
        "y": 0
      },
      "geometry": { "type": "Point", "coordinates": [0.0, 0.0] }
    },
    {
      "type": "Feature",
      "properties": {
        "p1": 40824000731,
        "p59a": "1.0",
        "p59b": "3.0",
        "p59c": "1.0",
        "p59d": "54",
        "p59e": "10.0",
        "p59f": "1.0",
        "p59g": "4.0",
        "x": 0,
        "y": 0
      },
      "geometry": { "type": "Point", "coordinates": [0.0, 0.0] }
    },
    {
      "type": "Feature",
      "properties": {
        "p1": 40824000731,
        "p59a": "1.0",
        "p59b": "3.0",
        "p59c": "1.0",
        "p59d": "72",
        "p59e": "10.0",
        "p59f": "1.0",
        "p59g": "4.0",
        "x": 0,
        "y": 0
      },
      "geometry": { "type": "Point", "coordinates": [0.0, 0.0] }
    },
    {
      "type": "Feature",
      "properties": {
        "p1": 40824000733,
        "p59a": "1.0",
        "p59b": "3.0",
        "p59c": "1.0",
        "p59d": "59",
        "p59e": "10.0",
        "p59f": "1.0",
        "p59g": "4.0",
        "x": 0,
        "y": 0
      },
      "geometry": { "type": "Point", "coordinates": [0.0, 0.0] }
    },
    {
      "type": "Feature",
      "properties": {
        "p1": 40824000733,
        "p59a": "1.0",
        "p59b": "3.0",
        "p59c": "1.0",
        "p59d": "31",
        "p59e": "10.0",
        "p59f": "1.0",
        "p59g": "4.0",
        "x": 0,
        "y": 0
      },
      "geometry": { "type": "Point", "coordinates": [0.0, 0.0] }
    },
    {
      "type": "Feature",
      "properties": {
        "p1": 40824000735,
        "p59a": "1.0",
        "p59b": "3.0",
        "p59c": "2.0",
        "p59d": "30",
        "p59e": "10.0",
        "p59f": "1.0",
        "p59g": "4.0",
        "x": 0,
        "y": 0
      },
      "geometry": { "type": "Point", "coordinates": [0.0, 0.0] }
    },
    {
      "type": "Feature",
      "properties": {
        "p1": 40824000735,
        "p59a": "1.0",
        "p59b": "3.0",
        "p59c": "1.0",
        "p59d": "55",
        "p59e": "10.0",
        "p59f": "1.0",
        "p59g": "4.0",
        "x": 0,
        "y": 0
      },
      "geometry": { "type": "Point", "coordinates": [0.0, 0.0] }
    },
    {
      "type": "Feature",
      "properties": {
        "p1": 40824000736,
        "p59a": "1.0",
        "p59b": "7.0",
        "p59c": "1.0",
        "p59d": "20",
        "p59e": "10.0",
        "p59f": "5.0",
        "p59g": "3.0",
        "x": 0,
        "y": 0
      },
      "geometry": { "type": "Point", "coordinates": [0.0, 0.0] }
    },
    {
      "type": "Feature",
      "properties": {
        "p1": 40824000736,
        "p59a": "2.0",
        "p59b": "7.0",
        "p59c": "1.0",
        "p59d": "18",
        "p59e": "10.0",
        "p59f": "1.0",
        "p59g": "4.0",
        "x": 0,
        "y": 0
      },
      "geometry": { "type": "Point", "coordinates": [0.0, 0.0] }
    },
    {
      "type": "Feature",
      "properties": {
        "p1": 40824000736,
        "p59a": "1.0",
        "p59b": "7.0",
        "p59c": "1.0",
        "p59d": "45",
        "p59e": "10.0",
        "p59f": "1.0",
        "p59g": "4.0",
        "x": 0,
        "y": 0
      },
      "geometry": { "type": "Point", "coordinates": [0.0, 0.0] }
    },
    {
      "type": "Feature",
      "properties": {
        "p1": 40824000744,
        "p59a": "1.0",
        "p59b": "3.0",
        "p59c": "1.0",
        "p59d": "20",
        "p59e": "10.0",
        "p59f": "1.0",
        "p59g": "4.0",
        "x": 0,
        "y": 0
      },
      "geometry": { "type": "Point", "coordinates": [0.0, 0.0] }
    },
    {
      "type": "Feature",
      "properties": {
        "p1": 40824000744,
        "p59a": "2.0",
        "p59b": "3.0",
        "p59c": "1.0",
        "p59d": "21",
        "p59e": "10.0",
        "p59f": "1.0",
        "p59g": "4.0",
        "x": 0,
        "y": 0
      },
      "geometry": { "type": "Point", "coordinates": [0.0, 0.0] }
    },
    {
      "type": "Feature",
      "properties": {
        "p1": 40824000744,
        "p59a": "1.0",
        "p59b": "3.0",
        "p59c": "1.0",
        "p59d": "41",
        "p59e": "104.0",
        "p59f": "1.0",
        "p59g": "4.0",
        "x": 0,
        "y": 0
      },
      "geometry": { "type": "Point", "coordinates": [0.0, 0.0] }
    },
    {
      "type": "Feature",
      "properties": {
        "p1": 40824000750,
        "p59a": "1.0",
        "p59b": "1.0",
        "p59c": "1.0",
        "p59d": "59",
        "p59e": "10.0",
        "p59f": "1.0",
        "p59g": "4.0",
        "x": 0,
        "y": 0
      },
      "geometry": { "type": "Point", "coordinates": [0.0, 0.0] }
    },
    {
      "type": "Feature",
      "properties": {
        "p1": 40824000750,
        "p59a": "2.0",
        "p59b": "1.0",
        "p59c": "2.0",
        "p59d": "49",
        "p59e": "10.0",
        "p59f": "5.0",
        "p59g": "3.0",
        "x": 0,
        "y": 0
      },
      "geometry": { "type": "Point", "coordinates": [0.0, 0.0] }
    },
    {
      "type": "Feature",
      "properties": {
        "p1": 40824000755,
        "p59a": "1.0",
        "p59b": "3.0",
        "p59c": "2.0",
        "p59d": "19",
        "p59e": "10.0",
        "p59f": "1.0",
        "p59g": "4.0",
        "x": 0,
        "y": 0
      },
      "geometry": { "type": "Point", "coordinates": [0.0, 0.0] }
    },
    {
      "type": "Feature",
      "properties": {
        "p1": 40824000755,
        "p59a": "2.0",
        "p59b": "3.0",
        "p59c": "2.0",
        "p59d": "51",
        "p59e": "10.0",
        "p59f": "1.0",
        "p59g": "4.0",
        "x": 0,
        "y": 0
      },
      "geometry": { "type": "Point", "coordinates": [0.0, 0.0] }
    },
    {
      "type": "Feature",
      "properties": {
        "p1": 40824000755,
        "p59a": "1.0",
        "p59b": "1.0",
        "p59c": "2.0",
        "p59d": "36",
        "p59e": "10.0",
        "p59f": "6.0",
        "p59g": "3.0",
        "x": 0,
        "y": 0
      },
      "geometry": { "type": "Point", "coordinates": [0.0, 0.0] }
    },
    {
      "type": "Feature",
      "properties": {
        "p1": 40824000772,
        "p59a": "1.0",
        "p59b": "3.0",
        "p59c": "1.0",
        "p59d": "28",
        "p59e": "10.0",
        "p59f": "1.0",
        "p59g": "4.0",
        "x": 0,
        "y": 0
      },
      "geometry": { "type": "Point", "coordinates": [0.0, 0.0] }
    },
    {
      "type": "Feature",
      "properties": {
        "p1": 40824000772,
        "p59a": "2.0",
        "p59b": "3.0",
        "p59c": "1.0",
        "p59d": "16",
        "p59e": "10.0",
        "p59f": "1.0",
        "p59g": "4.0",
        "x": 0,
        "y": 0
      },
      "geometry": { "type": "Point", "coordinates": [0.0, 0.0] }
    },
    {
      "type": "Feature",
      "properties": {
        "p1": 40824000783,
        "p59a": "1.0",
        "p59b": "3.0",
        "p59c": "2.0",
        "p59d": "42",
        "p59e": "10.0",
        "p59f": "1.0",
        "p59g": "4.0",
        "x": 0,
        "y": 0
      },
      "geometry": { "type": "Point", "coordinates": [0.0, 0.0] }
    },
    {
      "type": "Feature",
      "properties": {
        "p1": 40824000783,
        "p59a": "1.0",
        "p59b": "1.0",
        "p59c": "2.0",
        "p59d": "17",
        "p59e": "10.0",
        "p59f": "1.0",
        "p59g": "4.0",
        "x": 0,
        "y": 0
      },
      "geometry": { "type": "Point", "coordinates": [0.0, 0.0] }
    },
    {
      "type": "Feature",
      "properties": {
        "p1": 40824000787,
        "p59a": "1.0",
        "p59b": "3.0",
        "p59c": "2.0",
        "p59d": "35",
        "p59e": "10.0",
        "p59f": "1.0",
        "p59g": "4.0",
        "x": 0,
        "y": 0
      },
      "geometry": { "type": "Point", "coordinates": [0.0, 0.0] }
    },
    {
      "type": "Feature",
      "properties": {
        "p1": 40824000787,
        "p59a": "2.0",
        "p59b": "3.0",
        "p59c": "1.0",
        "p59d": "31",
        "p59e": "10.0",
        "p59f": "1.0",
        "p59g": "4.0",
        "x": 0,
        "y": 0
      },
      "geometry": { "type": "Point", "coordinates": [0.0, 0.0] }
    },
    {
      "type": "Feature",
      "properties": {
        "p1": 40824000790,
        "p59a": "1.0",
        "p59b": "3.0",
        "p59c": "1.0",
        "p59d": "55",
        "p59e": "104.0",
        "p59f": "1.0",
        "p59g": "4.0",
        "x": 0,
        "y": 0
      },
      "geometry": { "type": "Point", "coordinates": [0.0, 0.0] }
    },
    {
      "type": "Feature",
      "properties": {
        "p1": 40824000790,
        "p59a": "1.0",
        "p59b": "3.0",
        "p59c": "1.0",
        "p59d": "29",
        "p59e": "10.0",
        "p59f": "1.0",
        "p59g": "4.0",
        "x": 0,
        "y": 0
      },
      "geometry": { "type": "Point", "coordinates": [0.0, 0.0] }
    },
    {
      "type": "Feature",
      "properties": {
        "p1": 40824000791,
        "p59a": "1.0",
        "p59b": "3.0",
        "p59c": "1.0",
        "p59d": "33",
        "p59e": "10.0",
        "p59f": "1.0",
        "p59g": "4.0",
        "x": 0,
        "y": 0
      },
      "geometry": { "type": "Point", "coordinates": [0.0, 0.0] }
    },
    {
      "type": "Feature",
      "properties": {
        "p1": 40824000791,
        "p59a": "1.0",
        "p59b": "3.0",
        "p59c": "2.0",
        "p59d": "55",
        "p59e": "10.0",
        "p59f": "6.0",
        "p59g": "3.0",
        "x": 0,
        "y": 0
      },
      "geometry": { "type": "Point", "coordinates": [0.0, 0.0] }
    },
    {
      "type": "Feature",
      "properties": {
        "p1": 40824000791,
        "p59a": "1.0",
        "p59b": "3.0",
        "p59c": "1.0",
        "p59d": "72",
        "p59e": "10.0",
        "p59f": "1.0",
        "p59g": "4.0",
        "x": 0,
        "y": 0
      },
      "geometry": { "type": "Point", "coordinates": [0.0, 0.0] }
    },
    {
      "type": "Feature",
      "properties": {
        "p1": 40824000801,
        "p59a": "1.0",
        "p59b": "3.0",
        "p59c": "1.0",
        "p59d": "61",
        "p59e": "10.0",
        "p59f": "1.0",
        "p59g": "4.0",
        "x": 0,
        "y": 0
      },
      "geometry": { "type": "Point", "coordinates": [0.0, 0.0] }
    },
    {
      "type": "Feature",
      "properties": {
        "p1": 40824000801,
        "p59a": "3.0",
        "p59b": "3.0",
        "p59c": "3.0",
        "p59d": "03",
        "p59e": "10.0",
        "p59f": "1.0",
        "p59g": "4.0",
        "x": 0,
        "y": 0
      },
      "geometry": { "type": "Point", "coordinates": [0.0, 0.0] }
    },
    {
      "type": "Feature",
      "properties": {
        "p1": 40824000801,
        "p59a": "3.0",
        "p59b": "3.0",
        "p59c": "3.0",
        "p59d": "06",
        "p59e": "10.0",
        "p59f": "1.0",
        "p59g": "4.0",
        "x": 0,
        "y": 0
      },
      "geometry": { "type": "Point", "coordinates": [0.0, 0.0] }
    },
    {
      "type": "Feature",
      "properties": {
        "p1": 40824000801,
        "p59a": "1.0",
        "p59b": "3.0",
        "p59c": "1.0",
        "p59d": "31",
        "p59e": "10.0",
        "p59f": "1.0",
        "p59g": "4.0",
        "x": 0,
        "y": 0
      },
      "geometry": { "type": "Point", "coordinates": [0.0, 0.0] }
    },
    {
      "type": "Feature",
      "properties": {
        "p1": 40824000801,
        "p59a": "2.0",
        "p59b": "3.0",
        "p59c": "2.0",
        "p59d": "67",
        "p59e": "10.0",
        "p59f": "1.0",
        "p59g": "4.0",
        "x": 0,
        "y": 0
      },
      "geometry": { "type": "Point", "coordinates": [0.0, 0.0] }
    },
    {
      "type": "Feature",
      "properties": {
        "p1": 40824000802,
        "p59a": null,
        "p59b": null,
        "p59c": null,
        "p59d": null,
        "p59e": null,
        "p59f": null,
        "p59g": null,
        "x": 0,
        "y": 0
      },
      "geometry": { "type": "Point", "coordinates": [0.0, 0.0] }
    },
    {
      "type": "Feature",
      "properties": {
        "p1": 40824000802,
        "p59a": "1.0",
        "p59b": "2.0",
        "p59c": "2.0",
        "p59d": "16",
        "p59e": "10.0",
        "p59f": "1.0",
        "p59g": "4.0",
        "x": 0,
        "y": 0
      },
      "geometry": { "type": "Point", "coordinates": [0.0, 0.0] }
    },
    {
      "type": "Feature",
      "properties": {
        "p1": 40824000802,
        "p59a": "2.0",
        "p59b": "1.0",
        "p59c": "2.0",
        "p59d": "16",
        "p59e": "10.0",
        "p59f": "1.0",
        "p59g": "4.0",
        "x": 0,
        "y": 0
      },
      "geometry": { "type": "Point", "coordinates": [0.0, 0.0] }
    },
    {
      "type": "Feature",
      "properties": {
        "p1": 40824000806,
        "p59a": "1.0",
        "p59b": "1.0",
        "p59c": "3.0",
        "p59d": "08",
        "p59e": "10.0",
        "p59f": "5.0",
        "p59g": "3.0",
        "x": 0,
        "y": 0
      },
      "geometry": { "type": "Point", "coordinates": [0.0, 0.0] }
    },
    {
      "type": "Feature",
      "properties": {
        "p1": 40824000806,
        "p59a": "1.0",
        "p59b": "3.0",
        "p59c": "1.0",
        "p59d": "62",
        "p59e": "340.0",
        "p59f": "1.0",
        "p59g": "4.0",
        "x": 0,
        "y": 0
      },
      "geometry": { "type": "Point", "coordinates": [0.0, 0.0] }
    },
    {
      "type": "Feature",
      "properties": {
        "p1": 40824000809,
        "p59a": "1.0",
        "p59b": "3.0",
        "p59c": "1.0",
        "p59d": "80",
        "p59e": "10.0",
        "p59f": "1.0",
        "p59g": "4.0",
        "x": 0,
        "y": 0
      },
      "geometry": { "type": "Point", "coordinates": [0.0, 0.0] }
    },
    {
      "type": "Feature",
      "properties": {
        "p1": 40824000809,
        "p59a": "2.0",
        "p59b": "3.0",
        "p59c": "2.0",
        "p59d": "79",
        "p59e": "10.0",
        "p59f": "1.0",
        "p59g": "4.0",
        "x": 0,
        "y": 0
      },
      "geometry": { "type": "Point", "coordinates": [0.0, 0.0] }
    },
    {
      "type": "Feature",
      "properties": {
        "p1": 40824000821,
        "p59a": null,
        "p59b": null,
        "p59c": null,
        "p59d": "XX",
        "p59e": null,
        "p59f": null,
        "p59g": "4.0",
        "x": 0,
        "y": 0
      },
      "geometry": { "type": "Point", "coordinates": [0.0, 0.0] }
    },
    {
      "type": "Feature",
      "properties": {
        "p1": 40824000821,
        "p59a": "1.0",
        "p59b": "3.0",
        "p59c": "2.0",
        "p59d": "43",
        "p59e": "10.0",
        "p59f": "1.0",
        "p59g": "4.0",
        "x": 0,
        "y": 0
      },
      "geometry": { "type": "Point", "coordinates": [0.0, 0.0] }
    },
    {
      "type": "Feature",
      "properties": {
        "p1": 40824000823,
        "p59a": "1.0",
        "p59b": "4.0",
        "p59c": "1.0",
        "p59d": "62",
        "p59e": "10.0",
        "p59f": "1.0",
        "p59g": "4.0",
        "x": 0,
        "y": 0
      },
      "geometry": { "type": "Point", "coordinates": [0.0, 0.0] }
    },
    {
      "type": "Feature",
      "properties": {
        "p1": 40824000823,
        "p59a": "4.0",
        "p59b": "4.0",
        "p59c": "2.0",
        "p59d": "72",
        "p59e": "10.0",
        "p59f": "5.0",
        "p59g": "3.0",
        "x": 0,
        "y": 0
      },
      "geometry": { "type": "Point", "coordinates": [0.0, 0.0] }
    },
    {
      "type": "Feature",
      "properties": {
        "p1": 40824000824,
        "p59a": "1.0",
        "p59b": "3.0",
        "p59c": "1.0",
        "p59d": "57",
        "p59e": "10.0",
        "p59f": "5.0",
        "p59g": "3.0",
        "x": 0,
        "y": 0
      },
      "geometry": { "type": "Point", "coordinates": [0.0, 0.0] }
    },
    {
      "type": "Feature",
      "properties": {
        "p1": 40824000824,
        "p59a": "1.0",
        "p59b": "4.0",
        "p59c": "1.0",
        "p59d": "46",
        "p59e": "10.0",
        "p59f": "1.0",
        "p59g": "4.0",
        "x": 0,
        "y": 0
      },
      "geometry": { "type": "Point", "coordinates": [0.0, 0.0] }
    },
    {
      "type": "Feature",
      "properties": {
        "p1": 40824000827,
        "p59a": "1.0",
        "p59b": "3.0",
        "p59c": "1.0",
        "p59d": "59",
        "p59e": "10.0",
        "p59f": "1.0",
        "p59g": "4.0",
        "x": 0,
        "y": 0
      },
      "geometry": { "type": "Point", "coordinates": [0.0, 0.0] }
    },
    {
      "type": "Feature",
      "properties": {
        "p1": 40824000827,
        "p59a": "2.0",
        "p59b": "3.0",
        "p59c": "2.0",
        "p59d": "54",
        "p59e": "10.0",
        "p59f": "1.0",
        "p59g": "4.0",
        "x": 0,
        "y": 0
      },
      "geometry": { "type": "Point", "coordinates": [0.0, 0.0] }
    },
    {
      "type": "Feature",
      "properties": {
        "p1": 40824000827,
        "p59a": "1.0",
        "p59b": "3.0",
        "p59c": "2.0",
        "p59d": "30",
        "p59e": "10.0",
        "p59f": "1.0",
        "p59g": "4.0",
        "x": 0,
        "y": 0
      },
      "geometry": { "type": "Point", "coordinates": [0.0, 0.0] }
    },
    {
      "type": "Feature",
      "properties": {
        "p1": 40824000827,
        "p59a": "1.0",
        "p59b": "3.0",
        "p59c": "1.0",
        "p59d": "50",
        "p59e": "10.0",
        "p59f": "1.0",
        "p59g": "4.0",
        "x": 0,
        "y": 0
      },
      "geometry": { "type": "Point", "coordinates": [0.0, 0.0] }
    },
    {
      "type": "Feature",
      "properties": {
        "p1": 40824000829,
        "p59a": "1.0",
        "p59b": "3.0",
        "p59c": "1.0",
        "p59d": "39",
        "p59e": "10.0",
        "p59f": "1.0",
        "p59g": "4.0",
        "x": 0,
        "y": 0
      },
      "geometry": { "type": "Point", "coordinates": [0.0, 0.0] }
    },
    {
      "type": "Feature",
      "properties": {
        "p1": 40824000829,
        "p59a": "1.0",
        "p59b": "3.0",
        "p59c": "1.0",
        "p59d": "20",
        "p59e": "10.0",
        "p59f": "1.0",
        "p59g": "4.0",
        "x": 0,
        "y": 0
      },
      "geometry": { "type": "Point", "coordinates": [0.0, 0.0] }
    },
    {
      "type": "Feature",
      "properties": {
        "p1": 40824000831,
        "p59a": "1.0",
        "p59b": "3.0",
        "p59c": "2.0",
        "p59d": "36",
        "p59e": "10.0",
        "p59f": "1.0",
        "p59g": "4.0",
        "x": 0,
        "y": 0
      },
      "geometry": { "type": "Point", "coordinates": [0.0, 0.0] }
    },
    {
      "type": "Feature",
      "properties": {
        "p1": 40824000831,
        "p59a": "1.0",
        "p59b": "3.0",
        "p59c": "1.0",
        "p59d": "48",
        "p59e": "10.0",
        "p59f": "1.0",
        "p59g": "4.0",
        "x": 0,
        "y": 0
      },
      "geometry": { "type": "Point", "coordinates": [0.0, 0.0] }
    },
    {
      "type": "Feature",
      "properties": {
        "p1": 40824000831,
        "p59a": "2.0",
        "p59b": "3.0",
        "p59c": "2.0",
        "p59d": "51",
        "p59e": "10.0",
        "p59f": "6.0",
        "p59g": "3.0",
        "x": 0,
        "y": 0
      },
      "geometry": { "type": "Point", "coordinates": [0.0, 0.0] }
    },
    {
      "type": "Feature",
      "properties": {
        "p1": 40824000842,
        "p59a": "1.0",
        "p59b": "3.0",
        "p59c": "2.0",
        "p59d": "26",
        "p59e": "10.0",
        "p59f": "1.0",
        "p59g": "4.0",
        "x": 0,
        "y": 0
      },
      "geometry": { "type": "Point", "coordinates": [0.0, 0.0] }
    },
    {
      "type": "Feature",
      "properties": {
        "p1": 40824000842,
        "p59a": "1.0",
        "p59b": "3.0",
        "p59c": "1.0",
        "p59d": "77",
        "p59e": "10.0",
        "p59f": "1.0",
        "p59g": "4.0",
        "x": 0,
        "y": 0
      },
      "geometry": { "type": "Point", "coordinates": [0.0, 0.0] }
    },
    {
      "type": "Feature",
      "properties": {
        "p1": 40824000842,
        "p59a": "2.0",
        "p59b": "3.0",
        "p59c": "2.0",
        "p59d": "76",
        "p59e": "10.0",
        "p59f": "1.0",
        "p59g": "4.0",
        "x": 0,
        "y": 0
      },
      "geometry": { "type": "Point", "coordinates": [0.0, 0.0] }
    },
    {
      "type": "Feature",
      "properties": {
        "p1": 40824000844,
        "p59a": "1.0",
        "p59b": "3.0",
        "p59c": "2.0",
        "p59d": "21",
        "p59e": "10.0",
        "p59f": "1.0",
        "p59g": "4.0",
        "x": 0,
        "y": 0
      },
      "geometry": { "type": "Point", "coordinates": [0.0, 0.0] }
    },
    {
      "type": "Feature",
      "properties": {
        "p1": 40824000844,
        "p59a": "2.0",
        "p59b": "1.0",
        "p59c": "1.0",
        "p59d": "15",
        "p59e": "10.0",
        "p59f": "5.0",
        "p59g": "3.0",
        "x": 0,
        "y": 0
      },
      "geometry": { "type": "Point", "coordinates": [0.0, 0.0] }
    },
    {
      "type": "Feature",
      "properties": {
        "p1": 40824000844,
        "p59a": "1.0",
        "p59b": "1.0",
        "p59c": "1.0",
        "p59d": "15",
        "p59e": "10.0",
        "p59f": "5.0",
        "p59g": "3.0",
        "x": 0,
        "y": 0
      },
      "geometry": { "type": "Point", "coordinates": [0.0, 0.0] }
    },
    {
      "type": "Feature",
      "properties": {
        "p1": 40824000850,
        "p59a": "1.0",
        "p59b": "3.0",
        "p59c": "1.0",
        "p59d": "74",
        "p59e": "10.0",
        "p59f": "1.0",
        "p59g": "4.0",
        "x": 0,
        "y": 0
      },
      "geometry": { "type": "Point", "coordinates": [0.0, 0.0] }
    },
    {
      "type": "Feature",
      "properties": {
        "p1": 40824000850,
        "p59a": null,
        "p59b": null,
        "p59c": null,
        "p59d": "XX",
        "p59e": null,
        "p59f": null,
        "p59g": "4.0",
        "x": 0,
        "y": 0
      },
      "geometry": { "type": "Point", "coordinates": [0.0, 0.0] }
    },
    {
      "type": "Feature",
      "properties": {
        "p1": 40824000853,
        "p59a": "1.0",
        "p59b": "3.0",
        "p59c": "1.0",
        "p59d": "19",
        "p59e": "10.0",
        "p59f": "1.0",
        "p59g": "4.0",
        "x": 0,
        "y": 0
      },
      "geometry": { "type": "Point", "coordinates": [0.0, 0.0] }
    },
    {
      "type": "Feature",
      "properties": {
        "p1": 40824000853,
        "p59a": "2.0",
        "p59b": "3.0",
        "p59c": "1.0",
        "p59d": "19",
        "p59e": "10.0",
        "p59f": "1.0",
        "p59g": "4.0",
        "x": 0,
        "y": 0
      },
      "geometry": { "type": "Point", "coordinates": [0.0, 0.0] }
    },
    {
      "type": "Feature",
      "properties": {
        "p1": 40824000853,
        "p59a": "1.0",
        "p59b": "3.0",
        "p59c": "1.0",
        "p59d": "21",
        "p59e": "10.0",
        "p59f": "5.0",
        "p59g": "3.0",
        "x": 0,
        "y": 0
      },
      "geometry": { "type": "Point", "coordinates": [0.0, 0.0] }
    },
    {
      "type": "Feature",
      "properties": {
        "p1": 40824000857,
        "p59a": "1.0",
        "p59b": "3.0",
        "p59c": "1.0",
        "p59d": "19",
        "p59e": "10.0",
        "p59f": "1.0",
        "p59g": "4.0",
        "x": 0,
        "y": 0
      },
      "geometry": { "type": "Point", "coordinates": [0.0, 0.0] }
    },
    {
      "type": "Feature",
      "properties": {
        "p1": 40824000857,
        "p59a": "3.0",
        "p59b": "3.0",
        "p59c": "2.0",
        "p59d": "16",
        "p59e": "10.0",
        "p59f": "1.0",
        "p59g": "4.0",
        "x": 0,
        "y": 0
      },
      "geometry": { "type": "Point", "coordinates": [0.0, 0.0] }
    },
    {
      "type": "Feature",
      "properties": {
        "p1": 40824000857,
        "p59a": "2.0",
        "p59b": "3.0",
        "p59c": "1.0",
        "p59d": "17",
        "p59e": "10.0",
        "p59f": "1.0",
        "p59g": "4.0",
        "x": 0,
        "y": 0
      },
      "geometry": { "type": "Point", "coordinates": [0.0, 0.0] }
    },
    {
      "type": "Feature",
      "properties": {
        "p1": 40824000861,
        "p59a": null,
        "p59b": null,
        "p59c": null,
        "p59d": null,
        "p59e": null,
        "p59f": null,
        "p59g": "4.0",
        "x": 0,
        "y": 0
      },
      "geometry": { "type": "Point", "coordinates": [0.0, 0.0] }
    },
    {
      "type": "Feature",
      "properties": {
        "p1": 40824000861,
        "p59a": "1.0",
        "p59b": "3.0",
        "p59c": "1.0",
        "p59d": "37",
        "p59e": "10.0",
        "p59f": "1.0",
        "p59g": "4.0",
        "x": 0,
        "y": 0
      },
      "geometry": { "type": "Point", "coordinates": [0.0, 0.0] }
    },
    {
      "type": "Feature",
      "properties": {
        "p1": 40824000861,
        "p59a": "3.0",
        "p59b": "5.0",
        "p59c": "3.0",
        "p59d": "03",
        "p59e": "10.0",
        "p59f": "1.0",
        "p59g": "4.0",
        "x": 0,
        "y": 0
      },
      "geometry": { "type": "Point", "coordinates": [0.0, 0.0] }
    },
    {
      "type": "Feature",
      "properties": {
        "p1": 40824000867,
        "p59a": "1.0",
        "p59b": "3.0",
        "p59c": "1.0",
        "p59d": "22",
        "p59e": "10.0",
        "p59f": "1.0",
        "p59g": "4.0",
        "x": 0,
        "y": 0
      },
      "geometry": { "type": "Point", "coordinates": [0.0, 0.0] }
    },
    {
      "type": "Feature",
      "properties": {
        "p1": 40824000867,
        "p59a": "2.0",
        "p59b": "3.0",
        "p59c": "1.0",
        "p59d": "50",
        "p59e": "10.0",
        "p59f": "1.0",
        "p59g": "4.0",
        "x": 0,
        "y": 0
      },
      "geometry": { "type": "Point", "coordinates": [0.0, 0.0] }
    },
    {
      "type": "Feature",
      "properties": {
        "p1": 40824000867,
        "p59a": "1.0",
        "p59b": "3.0",
        "p59c": "1.0",
        "p59d": "38",
        "p59e": "10.0",
        "p59f": "1.0",
        "p59g": "4.0",
        "x": 0,
        "y": 0
      },
      "geometry": { "type": "Point", "coordinates": [0.0, 0.0] }
    },
    {
      "type": "Feature",
      "properties": {
        "p1": 40824000867,
        "p59a": "1.0",
        "p59b": "7.0",
        "p59c": "1.0",
        "p59d": "55",
        "p59e": "10.0",
        "p59f": "1.0",
        "p59g": "4.0",
        "x": 0,
        "y": 0
      },
      "geometry": { "type": "Point", "coordinates": [0.0, 0.0] }
    },
    {
      "type": "Feature",
      "properties": {
        "p1": 40824000868,
        "p59a": "1.0",
        "p59b": "1.0",
        "p59c": "1.0",
        "p59d": "18",
        "p59e": "10.0",
        "p59f": "5.0",
        "p59g": "3.0",
        "x": 0,
        "y": 0
      },
      "geometry": { "type": "Point", "coordinates": [0.0, 0.0] }
    },
    {
      "type": "Feature",
      "properties": {
        "p1": 40824000868,
        "p59a": "1.0",
        "p59b": "3.0",
        "p59c": "1.0",
        "p59d": "58",
        "p59e": "10.0",
        "p59f": "1.0",
        "p59g": "4.0",
        "x": 0,
        "y": 0
      },
      "geometry": { "type": "Point", "coordinates": [0.0, 0.0] }
    },
    {
      "type": "Feature",
      "properties": {
        "p1": 40824000869,
        "p59a": "1.0",
        "p59b": "3.0",
        "p59c": "1.0",
        "p59d": "62",
        "p59e": "10.0",
        "p59f": "1.0",
        "p59g": "4.0",
        "x": 0,
        "y": 0
      },
      "geometry": { "type": "Point", "coordinates": [0.0, 0.0] }
    },
    {
      "type": "Feature",
      "properties": {
        "p1": 40824000869,
        "p59a": "3.0",
        "p59b": "4.0",
        "p59c": "2.0",
        "p59d": "34",
        "p59e": "10.0",
        "p59f": "1.0",
        "p59g": "4.0",
        "x": 0,
        "y": 0
      },
      "geometry": { "type": "Point", "coordinates": [0.0, 0.0] }
    },
    {
      "type": "Feature",
      "properties": {
        "p1": 40824000869,
        "p59a": "3.0",
        "p59b": "4.0",
        "p59c": "2.0",
        "p59d": "46",
        "p59e": "10.0",
        "p59f": "1.0",
        "p59g": "4.0",
        "x": 0,
        "y": 0
      },
      "geometry": { "type": "Point", "coordinates": [0.0, 0.0] }
    },
    {
      "type": "Feature",
      "properties": {
        "p1": 40824000869,
        "p59a": "2.0",
        "p59b": "4.0",
        "p59c": "2.0",
        "p59d": "48",
        "p59e": "10.0",
        "p59f": "1.0",
        "p59g": "4.0",
        "x": 0,
        "y": 0
      },
      "geometry": { "type": "Point", "coordinates": [0.0, 0.0] }
    },
    {
      "type": "Feature",
      "properties": {
        "p1": 40824000869,
        "p59a": "1.0",
        "p59b": "3.0",
        "p59c": "1.0",
        "p59d": "23",
        "p59e": "10.0",
        "p59f": "1.0",
        "p59g": "4.0",
        "x": 0,
        "y": 0
      },
      "geometry": { "type": "Point", "coordinates": [0.0, 0.0] }
    },
    {
      "type": "Feature",
      "properties": {
        "p1": 40824000869,
        "p59a": "3.0",
        "p59b": "3.0",
        "p59c": "1.0",
        "p59d": "37",
        "p59e": "10.0",
        "p59f": "1.0",
        "p59g": "4.0",
        "x": 0,
        "y": 0
      },
      "geometry": { "type": "Point", "coordinates": [0.0, 0.0] }
    },
    {
      "type": "Feature",
      "properties": {
        "p1": 40824000869,
        "p59a": "2.0",
        "p59b": "3.0",
        "p59c": "1.0",
        "p59d": "59",
        "p59e": "10.0",
        "p59f": "1.0",
        "p59g": "4.0",
        "x": 0,
        "y": 0
      },
      "geometry": { "type": "Point", "coordinates": [0.0, 0.0] }
    },
    {
      "type": "Feature",
      "properties": {
        "p1": 40824000881,
        "p59a": "1.0",
        "p59b": "3.0",
        "p59c": "1.0",
        "p59d": "59",
        "p59e": "10.0",
        "p59f": "1.0",
        "p59g": "4.0",
        "x": 0,
        "y": 0
      },
      "geometry": { "type": "Point", "coordinates": [0.0, 0.0] }
    },
    {
      "type": "Feature",
      "properties": {
        "p1": 40824000881,
        "p59a": "2.0",
        "p59b": "3.0",
        "p59c": "1.0",
        "p59d": "46",
        "p59e": "104.0",
        "p59f": "1.0",
        "p59g": "4.0",
        "x": 0,
        "y": 0
      },
      "geometry": { "type": "Point", "coordinates": [0.0, 0.0] }
    },
    {
      "type": "Feature",
      "properties": {
        "p1": 40824000882,
        "p59a": "1.0",
        "p59b": "3.0",
        "p59c": "1.0",
        "p59d": "60",
        "p59e": "10.0",
        "p59f": "1.0",
        "p59g": "4.0",
        "x": 0,
        "y": 0
      },
      "geometry": { "type": "Point", "coordinates": [0.0, 0.0] }
    },
    {
      "type": "Feature",
      "properties": {
        "p1": 40824000882,
        "p59a": "1.0",
        "p59b": "3.0",
        "p59c": "2.0",
        "p59d": "35",
        "p59e": "10.0",
        "p59f": "1.0",
        "p59g": "4.0",
        "x": 0,
        "y": 0
      },
      "geometry": { "type": "Point", "coordinates": [0.0, 0.0] }
    },
    {
      "type": "Feature",
      "properties": {
        "p1": 40824000884,
        "p59a": "1.0",
        "p59b": "3.0",
        "p59c": "1.0",
        "p59d": "43",
        "p59e": "10.0",
        "p59f": "1.0",
        "p59g": "4.0",
        "x": 0,
        "y": 0
      },
      "geometry": { "type": "Point", "coordinates": [0.0, 0.0] }
    },
    {
      "type": "Feature",
      "properties": {
        "p1": 40824000884,
        "p59a": "4.0",
        "p59b": "4.0",
        "p59c": "2.0",
        "p59d": "95",
        "p59e": "10.0",
        "p59f": "5.0",
        "p59g": "3.0",
        "x": 0,
        "y": 0
      },
      "geometry": { "type": "Point", "coordinates": [0.0, 0.0] }
    },
    {
      "type": "Feature",
      "properties": {
        "p1": 40824000888,
        "p59a": "1.0",
        "p59b": "3.0",
        "p59c": "1.0",
        "p59d": "29",
        "p59e": "10.0",
        "p59f": "1.0",
        "p59g": "4.0",
        "x": 0,
        "y": 0
      },
      "geometry": { "type": "Point", "coordinates": [0.0, 0.0] }
    },
    {
      "type": "Feature",
      "properties": {
        "p1": 40824000888,
        "p59a": "1.0",
        "p59b": "3.0",
        "p59c": "1.0",
        "p59d": "46",
        "p59e": "10.0",
        "p59f": "1.0",
        "p59g": "4.0",
        "x": 0,
        "y": 0
      },
      "geometry": { "type": "Point", "coordinates": [0.0, 0.0] }
    },
    {
      "type": "Feature",
      "properties": {
        "p1": 40824000893,
        "p59a": "1.0",
        "p59b": "3.0",
        "p59c": "2.0",
        "p59d": "52",
        "p59e": "10.0",
        "p59f": "1.0",
        "p59g": "4.0",
        "x": 0,
        "y": 0
      },
      "geometry": { "type": "Point", "coordinates": [0.0, 0.0] }
    },
    {
      "type": "Feature",
      "properties": {
        "p1": 40824000893,
        "p59a": "2.0",
        "p59b": "3.0",
        "p59c": "2.0",
        "p59d": "43",
        "p59e": "10.0",
        "p59f": "1.0",
        "p59g": "4.0",
        "x": 0,
        "y": 0
      },
      "geometry": { "type": "Point", "coordinates": [0.0, 0.0] }
    },
    {
      "type": "Feature",
      "properties": {
        "p1": 40824000893,
        "p59a": "3.0",
        "p59b": "3.0",
        "p59c": "1.0",
        "p59d": "30",
        "p59e": "10.0",
        "p59f": "1.0",
        "p59g": "4.0",
        "x": 0,
        "y": 0
      },
      "geometry": { "type": "Point", "coordinates": [0.0, 0.0] }
    },
    {
      "type": "Feature",
      "properties": {
        "p1": 40824000898,
        "p59a": "1.0",
        "p59b": "3.0",
        "p59c": "1.0",
        "p59d": "25",
        "p59e": "10.0",
        "p59f": "1.0",
        "p59g": "4.0",
        "x": 0,
        "y": 0
      },
      "geometry": { "type": "Point", "coordinates": [0.0, 0.0] }
    },
    {
      "type": "Feature",
      "properties": {
        "p1": 40824000898,
        "p59a": "1.0",
        "p59b": "3.0",
        "p59c": "1.0",
        "p59d": "38",
        "p59e": "10.0",
        "p59f": "1.0",
        "p59g": "4.0",
        "x": 0,
        "y": 0
      },
      "geometry": { "type": "Point", "coordinates": [0.0, 0.0] }
    },
    {
      "type": "Feature",
      "properties": {
        "p1": 40824000903,
        "p59a": "1.0",
        "p59b": "3.0",
        "p59c": "1.0",
        "p59d": "42",
        "p59e": "10.0",
        "p59f": "1.0",
        "p59g": "4.0",
        "x": 0,
        "y": 0
      },
      "geometry": { "type": "Point", "coordinates": [0.0, 0.0] }
    },
    {
      "type": "Feature",
      "properties": {
        "p1": 40824000903,
        "p59a": "2.0",
        "p59b": "3.0",
        "p59c": "4.0",
        "p59d": "10",
        "p59e": "10.0",
        "p59f": "1.0",
        "p59g": "4.0",
        "x": 0,
        "y": 0
      },
      "geometry": { "type": "Point", "coordinates": [0.0, 0.0] }
    },
    {
      "type": "Feature",
      "properties": {
        "p1": 40824000910,
        "p59a": "1.0",
        "p59b": "3.0",
        "p59c": "1.0",
        "p59d": "60",
        "p59e": "10.0",
        "p59f": "3.0",
        "p59g": "3.0",
        "x": 0,
        "y": 0
      },
      "geometry": { "type": "Point", "coordinates": [0.0, 0.0] }
    },
    {
      "type": "Feature",
      "properties": {
        "p1": 40824000910,
        "p59a": "1.0",
        "p59b": "8.0",
        "p59c": "2.0",
        "p59d": "21",
        "p59e": "10.0",
        "p59f": "5.0",
        "p59g": "3.0",
        "x": 0,
        "y": 0
      },
      "geometry": { "type": "Point", "coordinates": [0.0, 0.0] }
    },
    {
      "type": "Feature",
      "properties": {
        "p1": 40824000916,
        "p59a": "1.0",
        "p59b": "3.0",
        "p59c": "1.0",
        "p59d": "43",
        "p59e": "104.0",
        "p59f": "1.0",
        "p59g": "4.0",
        "x": 0,
        "y": 0
      },
      "geometry": { "type": "Point", "coordinates": [0.0, 0.0] }
    },
    {
      "type": "Feature",
      "properties": {
        "p1": 40824000916,
        "p59a": "2.0",
        "p59b": "3.0",
        "p59c": "2.0",
        "p59d": "40",
        "p59e": "104.0",
        "p59f": "1.0",
        "p59g": "4.0",
        "x": 0,
        "y": 0
      },
      "geometry": { "type": "Point", "coordinates": [0.0, 0.0] }
    },
    {
      "type": "Feature",
      "properties": {
        "p1": 40824000920,
        "p59a": "1.0",
        "p59b": "3.0",
        "p59c": "1.0",
        "p59d": "21",
        "p59e": "10.0",
        "p59f": "1.0",
        "p59g": "4.0",
        "x": 0,
        "y": 0
      },
      "geometry": { "type": "Point", "coordinates": [0.0, 0.0] }
    },
    {
      "type": "Feature",
      "properties": {
        "p1": 40824000920,
        "p59a": "3.0",
        "p59b": "3.0",
        "p59c": "2.0",
        "p59d": "22",
        "p59e": "10.0",
        "p59f": "1.0",
        "p59g": "4.0",
        "x": 0,
        "y": 0
      },
      "geometry": { "type": "Point", "coordinates": [0.0, 0.0] }
    },
    {
      "type": "Feature",
      "properties": {
        "p1": 40824000920,
        "p59a": "1.0",
        "p59b": "3.0",
        "p59c": "1.0",
        "p59d": "63",
        "p59e": "10.0",
        "p59f": "1.0",
        "p59g": "4.0",
        "x": 0,
        "y": 0
      },
      "geometry": { "type": "Point", "coordinates": [0.0, 0.0] }
    },
    {
      "type": "Feature",
      "properties": {
        "p1": 40824000946,
        "p59a": "1.0",
        "p59b": "3.0",
        "p59c": "1.0",
        "p59d": "25",
        "p59e": "10.0",
        "p59f": "1.0",
        "p59g": "4.0",
        "x": 0,
        "y": 0
      },
      "geometry": { "type": "Point", "coordinates": [0.0, 0.0] }
    },
    {
      "type": "Feature",
      "properties": {
        "p1": 40824000946,
        "p59a": "1.0",
        "p59b": "3.0",
        "p59c": "1.0",
        "p59d": "30",
        "p59e": "10.0",
        "p59f": "1.0",
        "p59g": "4.0",
        "x": 0,
        "y": 0
      },
      "geometry": { "type": "Point", "coordinates": [0.0, 0.0] }
    },
    {
      "type": "Feature",
      "properties": {
        "p1": 40824000955,
        "p59a": "1.0",
        "p59b": "3.0",
        "p59c": "2.0",
        "p59d": "72",
        "p59e": "10.0",
        "p59f": "1.0",
        "p59g": "4.0",
        "x": 0,
        "y": 0
      },
      "geometry": { "type": "Point", "coordinates": [0.0, 0.0] }
    },
    {
      "type": "Feature",
      "properties": {
        "p1": 40824000955,
        "p59a": "1.0",
        "p59b": "3.0",
        "p59c": "2.0",
        "p59d": "40",
        "p59e": "10.0",
        "p59f": "1.0",
        "p59g": "4.0",
        "x": 0,
        "y": 0
      },
      "geometry": { "type": "Point", "coordinates": [0.0, 0.0] }
    },
    {
      "type": "Feature",
      "properties": {
        "p1": 40824000956,
        "p59a": null,
        "p59b": null,
        "p59c": null,
        "p59d": "XX",
        "p59e": null,
        "p59f": null,
        "p59g": null,
        "x": 0,
        "y": 0
      },
      "geometry": { "type": "Point", "coordinates": [0.0, 0.0] }
    },
    {
      "type": "Feature",
      "properties": {
        "p1": 40824000956,
        "p59a": "1.0",
        "p59b": "3.0",
        "p59c": "1.0",
        "p59d": "57",
        "p59e": "10.0",
        "p59f": "1.0",
        "p59g": "4.0",
        "x": 0,
        "y": 0
      },
      "geometry": { "type": "Point", "coordinates": [0.0, 0.0] }
    },
    {
      "type": "Feature",
      "properties": {
        "p1": 40824000958,
        "p59a": null,
        "p59b": null,
        "p59c": null,
        "p59d": "XX",
        "p59e": null,
        "p59f": null,
        "p59g": null,
        "x": 0,
        "y": 0
      },
      "geometry": { "type": "Point", "coordinates": [0.0, 0.0] }
    },
    {
      "type": "Feature",
      "properties": {
        "p1": 40824000958,
        "p59a": "1.0",
        "p59b": "3.0",
        "p59c": "2.0",
        "p59d": "19",
        "p59e": "10.0",
        "p59f": "1.0",
        "p59g": "4.0",
        "x": 0,
        "y": 0
      },
      "geometry": { "type": "Point", "coordinates": [0.0, 0.0] }
    },
    {
      "type": "Feature",
      "properties": {
        "p1": 40824000960,
        "p59a": "1.0",
        "p59b": "7.0",
        "p59c": "1.0",
        "p59d": "18",
        "p59e": "10.0",
        "p59f": "3.0",
        "p59g": "3.0",
        "x": 0,
        "y": 0
      },
      "geometry": { "type": "Point", "coordinates": [0.0, 0.0] }
    },
    {
      "type": "Feature",
      "properties": {
        "p1": 40824000960,
        "p59a": "3.0",
        "p59b": "3.0",
        "p59c": "1.0",
        "p59d": "18",
        "p59e": "10.0",
        "p59f": "1.0",
        "p59g": "4.0",
        "x": 0,
        "y": 0
      },
      "geometry": { "type": "Point", "coordinates": [0.0, 0.0] }
    },
    {
      "type": "Feature",
      "properties": {
        "p1": 40824000960,
        "p59a": "2.0",
        "p59b": "3.0",
        "p59c": "1.0",
        "p59d": "17",
        "p59e": "10.0",
        "p59f": "1.0",
        "p59g": "4.0",
        "x": 0,
        "y": 0
      },
      "geometry": { "type": "Point", "coordinates": [0.0, 0.0] }
    },
    {
      "type": "Feature",
      "properties": {
        "p1": 40824000960,
        "p59a": "3.0",
        "p59b": "7.0",
        "p59c": "2.0",
        "p59d": "16",
        "p59e": "10.0",
        "p59f": "3.0",
        "p59g": "3.0",
        "x": 0,
        "y": 0
      },
      "geometry": { "type": "Point", "coordinates": [0.0, 0.0] }
    },
    {
      "type": "Feature",
      "properties": {
        "p1": 40824000961,
        "p59a": "1.0",
        "p59b": "3.0",
        "p59c": "1.0",
        "p59d": "58",
        "p59e": "10.0",
        "p59f": "1.0",
        "p59g": "4.0",
        "x": 0,
        "y": 0
      },
      "geometry": { "type": "Point", "coordinates": [0.0, 0.0] }
    },
    {
      "type": "Feature",
      "properties": {
        "p1": 40824000961,
        "p59a": "1.0",
        "p59b": "3.0",
        "p59c": "2.0",
        "p59d": "31",
        "p59e": "10.0",
        "p59f": "1.0",
        "p59g": "4.0",
        "x": 0,
        "y": 0
      },
      "geometry": { "type": "Point", "coordinates": [0.0, 0.0] }
    },
    {
      "type": "Feature",
      "properties": {
        "p1": 40824000961,
        "p59a": "1.0",
        "p59b": "3.0",
        "p59c": "2.0",
        "p59d": "41",
        "p59e": "10.0",
        "p59f": "1.0",
        "p59g": "4.0",
        "x": 0,
        "y": 0
      },
      "geometry": { "type": "Point", "coordinates": [0.0, 0.0] }
    },
    {
      "type": "Feature",
      "properties": {
        "p1": 40824000971,
        "p59a": "1.0",
        "p59b": "3.0",
        "p59c": "2.0",
        "p59d": "46",
        "p59e": "10.0",
        "p59f": "1.0",
        "p59g": "4.0",
        "x": 0,
        "y": 0
      },
      "geometry": { "type": "Point", "coordinates": [0.0, 0.0] }
    },
    {
      "type": "Feature",
      "properties": {
        "p1": 40824000971,
        "p59a": "1.0",
        "p59b": "3.0",
        "p59c": "1.0",
        "p59d": "34",
        "p59e": "10.0",
        "p59f": "1.0",
        "p59g": "4.0",
        "x": 0,
        "y": 0
      },
      "geometry": { "type": "Point", "coordinates": [0.0, 0.0] }
    },
    {
      "type": "Feature",
      "properties": {
        "p1": 40824000976,
        "p59a": "1.0",
        "p59b": "3.0",
        "p59c": "1.0",
        "p59d": "20",
        "p59e": "10.0",
        "p59f": "1.0",
        "p59g": "4.0",
        "x": 0,
        "y": 0
      },
      "geometry": { "type": "Point", "coordinates": [0.0, 0.0] }
    },
    {
      "type": "Feature",
      "properties": {
        "p1": 40824000976,
        "p59a": "2.0",
        "p59b": "3.0",
        "p59c": "1.0",
        "p59d": "37",
        "p59e": "10.0",
        "p59f": "1.0",
        "p59g": "4.0",
        "x": 0,
        "y": 0
      },
      "geometry": { "type": "Point", "coordinates": [0.0, 0.0] }
    },
    {
      "type": "Feature",
      "properties": {
        "p1": 40824000979,
        "p59a": "1.0",
        "p59b": "3.0",
        "p59c": "2.0",
        "p59d": "60",
        "p59e": "10.0",
        "p59f": "1.0",
        "p59g": "4.0",
        "x": 0,
        "y": 0
      },
      "geometry": { "type": "Point", "coordinates": [0.0, 0.0] }
    },
    {
      "type": "Feature",
      "properties": {
        "p1": 40824000979,
        "p59a": "3.0",
        "p59b": "3.0",
        "p59c": "2.0",
        "p59d": "55",
        "p59e": "10.0",
        "p59f": "3.0",
        "p59g": "3.0",
        "x": 0,
        "y": 0
      },
      "geometry": { "type": "Point", "coordinates": [0.0, 0.0] }
    },
    {
      "type": "Feature",
      "properties": {
        "p1": 40824000979,
        "p59a": "1.0",
        "p59b": "3.0",
        "p59c": "2.0",
        "p59d": "56",
        "p59e": "10.0",
        "p59f": "3.0",
        "p59g": "3.0",
        "x": 0,
        "y": 0
      },
      "geometry": { "type": "Point", "coordinates": [0.0, 0.0] }
    },
    {
      "type": "Feature",
      "properties": {
        "p1": 40824000980,
        "p59a": "1.0",
        "p59b": "3.0",
        "p59c": "1.0",
        "p59d": "30",
        "p59e": "10.0",
        "p59f": "1.0",
        "p59g": "4.0",
        "x": 0,
        "y": 0
      },
      "geometry": { "type": "Point", "coordinates": [0.0, 0.0] }
    },
    {
      "type": "Feature",
      "properties": {
        "p1": 40824000980,
        "p59a": "1.0",
        "p59b": "3.0",
        "p59c": "1.0",
        "p59d": "37",
        "p59e": "10.0",
        "p59f": "1.0",
        "p59g": "4.0",
        "x": 0,
        "y": 0
      },
      "geometry": { "type": "Point", "coordinates": [0.0, 0.0] }
    },
    {
      "type": "Feature",
      "properties": {
        "p1": 40824000981,
        "p59a": "1.0",
        "p59b": "3.0",
        "p59c": "1.0",
        "p59d": "63",
        "p59e": "104.0",
        "p59f": "1.0",
        "p59g": "4.0",
        "x": 0,
        "y": 0
      },
      "geometry": { "type": "Point", "coordinates": [0.0, 0.0] }
    },
    {
      "type": "Feature",
      "properties": {
        "p1": 40824000981,
        "p59a": "2.0",
        "p59b": "3.0",
        "p59c": "1.0",
        "p59d": "37",
        "p59e": "104.0",
        "p59f": "5.0",
        "p59g": "3.0",
        "x": 0,
        "y": 0
      },
      "geometry": { "type": "Point", "coordinates": [0.0, 0.0] }
    },
    {
      "type": "Feature",
      "properties": {
        "p1": 40824000981,
        "p59a": "1.0",
        "p59b": "4.0",
        "p59c": "1.0",
        "p59d": "37",
        "p59e": "10.0",
        "p59f": "1.0",
        "p59g": "4.0",
        "x": 0,
        "y": 0
      },
      "geometry": { "type": "Point", "coordinates": [0.0, 0.0] }
    },
    {
      "type": "Feature",
      "properties": {
        "p1": 40824000986,
        "p59a": "1.0",
        "p59b": "3.0",
        "p59c": "2.0",
        "p59d": "40",
        "p59e": "10.0",
        "p59f": "1.0",
        "p59g": "4.0",
        "x": 0,
        "y": 0
      },
      "geometry": { "type": "Point", "coordinates": [0.0, 0.0] }
    },
    {
      "type": "Feature",
      "properties": {
        "p1": 40824000986,
        "p59a": "1.0",
        "p59b": "3.0",
        "p59c": "1.0",
        "p59d": "46",
        "p59e": "10.0",
        "p59f": "5.0",
        "p59g": "3.0",
        "x": 0,
        "y": 0
      },
      "geometry": { "type": "Point", "coordinates": [0.0, 0.0] }
    },
    {
      "type": "Feature",
      "properties": {
        "p1": 40824000992,
        "p59a": "1.0",
        "p59b": "3.0",
        "p59c": "2.0",
        "p59d": "47",
        "p59e": "10.0",
        "p59f": "1.0",
        "p59g": "4.0",
        "x": 0,
        "y": 0
      },
      "geometry": { "type": "Point", "coordinates": [0.0, 0.0] }
    },
    {
      "type": "Feature",
      "properties": {
        "p1": 40824000992,
        "p59a": "1.0",
        "p59b": "3.0",
        "p59c": "2.0",
        "p59d": "45",
        "p59e": "10.0",
        "p59f": "5.0",
        "p59g": "3.0",
        "x": 0,
        "y": 0
      },
      "geometry": { "type": "Point", "coordinates": [0.0, 0.0] }
    },
    {
      "type": "Feature",
      "properties": {
        "p1": 40824000992,
        "p59a": "3.0",
        "p59b": "3.0",
        "p59c": "3.0",
        "p59d": "9",
        "p59e": "10.0",
        "p59f": "1.0",
        "p59g": "4.0",
        "x": 0,
        "y": 0
      },
      "geometry": { "type": "Point", "coordinates": [0.0, 0.0] }
    },
    {
      "type": "Feature",
      "properties": {
        "p1": 40824000992,
        "p59a": "3.0",
        "p59b": "3.0",
        "p59c": "4.0",
        "p59d": "13",
        "p59e": "10.0",
        "p59f": "1.0",
        "p59g": "4.0",
        "x": 0,
        "y": 0
      },
      "geometry": { "type": "Point", "coordinates": [0.0, 0.0] }
    },
    {
      "type": "Feature",
      "properties": {
        "p1": 40824000992,
        "p59a": "1.0",
        "p59b": "3.0",
        "p59c": "1.0",
        "p59d": "40",
        "p59e": "10.0",
        "p59f": "1.0",
        "p59g": "4.0",
        "x": 0,
        "y": 0
      },
      "geometry": { "type": "Point", "coordinates": [0.0, 0.0] }
    },
    {
      "type": "Feature",
      "properties": {
        "p1": 40824001001,
        "p59a": null,
        "p59b": null,
        "p59c": null,
        "p59d": "XX",
        "p59e": null,
        "p59f": null,
        "p59g": null,
        "x": 0,
        "y": 0
      },
      "geometry": { "type": "Point", "coordinates": [0.0, 0.0] }
    },
    {
      "type": "Feature",
      "properties": {
        "p1": 40824001001,
        "p59a": "1.0",
        "p59b": "3.0",
        "p59c": "1.0",
        "p59d": "75",
        "p59e": "10.0",
        "p59f": "1.0",
        "p59g": "4.0",
        "x": 0,
        "y": 0
      },
      "geometry": { "type": "Point", "coordinates": [0.0, 0.0] }
    },
    {
      "type": "Feature",
      "properties": {
        "p1": 40824001001,
        "p59a": "2.0",
        "p59b": "3.0",
        "p59c": "2.0",
        "p59d": "71",
        "p59e": "150.0",
        "p59f": "1.0",
        "p59g": "4.0",
        "x": 0,
        "y": 0
      },
      "geometry": { "type": "Point", "coordinates": [0.0, 0.0] }
    },
    {
      "type": "Feature",
      "properties": {
        "p1": 40824001009,
        "p59a": "1.0",
        "p59b": "4.0",
        "p59c": "1.0",
        "p59d": "35",
        "p59e": "10.0",
        "p59f": "1.0",
        "p59g": "4.0",
        "x": 0,
        "y": 0
      },
      "geometry": { "type": "Point", "coordinates": [0.0, 0.0] }
    },
    {
      "type": "Feature",
      "properties": {
        "p1": 40824001009,
        "p59a": "2.0",
        "p59b": "3.0",
        "p59c": "1.0",
        "p59d": "47",
        "p59e": "10.0",
        "p59f": "1.0",
        "p59g": "4.0",
        "x": 0,
        "y": 0
      },
      "geometry": { "type": "Point", "coordinates": [0.0, 0.0] }
    },
    {
      "type": "Feature",
      "properties": {
        "p1": 40824001009,
        "p59a": "1.0",
        "p59b": "3.0",
        "p59c": "1.0",
        "p59d": "43",
        "p59e": "10.0",
        "p59f": "1.0",
        "p59g": "4.0",
        "x": 0,
        "y": 0
      },
      "geometry": { "type": "Point", "coordinates": [0.0, 0.0] }
    },
    {
      "type": "Feature",
      "properties": {
        "p1": 40824001026,
        "p59a": "1.0",
        "p59b": "3.0",
        "p59c": "2.0",
        "p59d": "39",
        "p59e": "10.0",
        "p59f": "1.0",
        "p59g": "4.0",
        "x": 0,
        "y": 0
      },
      "geometry": { "type": "Point", "coordinates": [0.0, 0.0] }
    },
    {
      "type": "Feature",
      "properties": {
        "p1": 40824001026,
        "p59a": "1.0",
        "p59b": "3.0",
        "p59c": "2.0",
        "p59d": "22",
        "p59e": "10.0",
        "p59f": "1.0",
        "p59g": "4.0",
        "x": 0,
        "y": 0
      },
      "geometry": { "type": "Point", "coordinates": [0.0, 0.0] }
    },
    {
      "type": "Feature",
      "properties": {
        "p1": 40824001030,
        "p59a": null,
        "p59b": null,
        "p59c": null,
        "p59d": null,
        "p59e": null,
        "p59f": null,
        "p59g": null,
        "x": 0,
        "y": 0
      },
      "geometry": { "type": "Point", "coordinates": [0.0, 0.0] }
    },
    {
      "type": "Feature",
      "properties": {
        "p1": 40824001030,
        "p59a": "1.0",
        "p59b": "3.0",
        "p59c": "1.0",
        "p59d": "38",
        "p59e": "10.0",
        "p59f": "1.0",
        "p59g": "4.0",
        "x": 0,
        "y": 0
      },
      "geometry": { "type": "Point", "coordinates": [0.0, 0.0] }
    },
    {
      "type": "Feature",
      "properties": {
        "p1": 40824001032,
        "p59a": "1.0",
        "p59b": "3.0",
        "p59c": "1.0",
        "p59d": "36",
        "p59e": "160.0",
        "p59f": "1.0",
        "p59g": "4.0",
        "x": 0,
        "y": 0
      },
      "geometry": { "type": "Point", "coordinates": [0.0, 0.0] }
    },
    {
      "type": "Feature",
      "properties": {
        "p1": 40824001032,
        "p59a": "1.0",
        "p59b": "3.0",
        "p59c": "1.0",
        "p59d": "58",
        "p59e": "10.0",
        "p59f": "1.0",
        "p59g": "4.0",
        "x": 0,
        "y": 0
      },
      "geometry": { "type": "Point", "coordinates": [0.0, 0.0] }
    },
    {
      "type": "Feature",
      "properties": {
        "p1": 40824001036,
        "p59a": "1.0",
        "p59b": "7.0",
        "p59c": "1.0",
        "p59d": "61",
        "p59e": "10.0",
        "p59f": "1.0",
        "p59g": "4.0",
        "x": 0,
        "y": 0
      },
      "geometry": { "type": "Point", "coordinates": [0.0, 0.0] }
    },
    {
      "type": "Feature",
      "properties": {
        "p1": 40824001036,
        "p59a": "1.0",
        "p59b": "3.0",
        "p59c": "1.0",
        "p59d": "79",
        "p59e": "10.0",
        "p59f": "5.0",
        "p59g": "3.0",
        "x": 0,
        "y": 0
      },
      "geometry": { "type": "Point", "coordinates": [0.0, 0.0] }
    },
    {
      "type": "Feature",
      "properties": {
        "p1": 40824001044,
        "p59a": "1.0",
        "p59b": "3.0",
        "p59c": "1.0",
        "p59d": "35",
        "p59e": "10.0",
        "p59f": "1.0",
        "p59g": "4.0",
        "x": 0,
        "y": 0
      },
      "geometry": { "type": "Point", "coordinates": [0.0, 0.0] }
    },
    {
      "type": "Feature",
      "properties": {
        "p1": 40824001044,
        "p59a": "2.0",
        "p59b": "3.0",
        "p59c": "1.0",
        "p59d": "76",
        "p59e": "10.0",
        "p59f": "1.0",
        "p59g": "4.0",
        "x": 0,
        "y": 0
      },
      "geometry": { "type": "Point", "coordinates": [0.0, 0.0] }
    },
    {
      "type": "Feature",
      "properties": {
        "p1": 40824001044,
        "p59a": "1.0",
        "p59b": "4.0",
        "p59c": "1.0",
        "p59d": "60",
        "p59e": "10.0",
        "p59f": "5.0",
        "p59g": "3.0",
        "x": 0,
        "y": 0
      },
      "geometry": { "type": "Point", "coordinates": [0.0, 0.0] }
    },
    {
      "type": "Feature",
      "properties": {
        "p1": 40824001045,
        "p59a": "1.0",
        "p59b": "3.0",
        "p59c": "1.0",
        "p59d": "67",
        "p59e": "50.0",
        "p59f": "1.0",
        "p59g": "4.0",
        "x": 0,
        "y": 0
      },
      "geometry": { "type": "Point", "coordinates": [0.0, 0.0] }
    },
    {
      "type": "Feature",
      "properties": {
        "p1": 40824001045,
        "p59a": "1.0",
        "p59b": "3.0",
        "p59c": "1.0",
        "p59d": "25",
        "p59e": "10.0",
        "p59f": "1.0",
        "p59g": "4.0",
        "x": 0,
        "y": 0
      },
      "geometry": { "type": "Point", "coordinates": [0.0, 0.0] }
    },
    {
      "type": "Feature",
      "properties": {
        "p1": 40824001045,
        "p59a": "2.0",
        "p59b": "3.0",
        "p59c": "1.0",
        "p59d": "26",
        "p59e": "10.0",
        "p59f": "1.0",
        "p59g": "4.0",
        "x": 0,
        "y": 0
      },
      "geometry": { "type": "Point", "coordinates": [0.0, 0.0] }
    },
    {
      "type": "Feature",
      "properties": {
        "p1": 40824001050,
        "p59a": "1.0",
        "p59b": "3.0",
        "p59c": "1.0",
        "p59d": "41",
        "p59e": "10.0",
        "p59f": "1.0",
        "p59g": "4.0",
        "x": 0,
        "y": 0
      },
      "geometry": { "type": "Point", "coordinates": [0.0, 0.0] }
    },
    {
      "type": "Feature",
      "properties": {
        "p1": 40824001050,
        "p59a": "3.0",
        "p59b": "3.0",
        "p59c": "2.0",
        "p59d": "76",
        "p59e": "150.0",
        "p59f": "5.0",
        "p59g": "3.0",
        "x": 0,
        "y": 0
      },
      "geometry": { "type": "Point", "coordinates": [0.0, 0.0] }
    },
    {
      "type": "Feature",
      "properties": {
        "p1": 40824001051,
        "p59a": "1.0",
        "p59b": "3.0",
        "p59c": "2.0",
        "p59d": "40",
        "p59e": "10.0",
        "p59f": "1.0",
        "p59g": "4.0",
        "x": 0,
        "y": 0
      },
      "geometry": { "type": "Point", "coordinates": [0.0, 0.0] }
    },
    {
      "type": "Feature",
      "properties": {
        "p1": 40824001051,
        "p59a": "1.0",
        "p59b": "3.0",
        "p59c": "2.0",
        "p59d": "19",
        "p59e": "10.0",
        "p59f": "1.0",
        "p59g": "4.0",
        "x": 0,
        "y": 0
      },
      "geometry": { "type": "Point", "coordinates": [0.0, 0.0] }
    },
    {
      "type": "Feature",
      "properties": {
        "p1": 40824001053,
        "p59a": "1.0",
        "p59b": "3.0",
        "p59c": "2.0",
        "p59d": "25",
        "p59e": "10.0",
        "p59f": "1.0",
        "p59g": "4.0",
        "x": 0,
        "y": 0
      },
      "geometry": { "type": "Point", "coordinates": [0.0, 0.0] }
    },
    {
      "type": "Feature",
      "properties": {
        "p1": 40824001053,
        "p59a": "1.0",
        "p59b": "3.0",
        "p59c": "1.0",
        "p59d": "18",
        "p59e": "10.0",
        "p59f": "1.0",
        "p59g": "4.0",
        "x": 0,
        "y": 0
      },
      "geometry": { "type": "Point", "coordinates": [0.0, 0.0] }
    },
    {
      "type": "Feature",
      "properties": {
        "p1": 40824001053,
        "p59a": "2.0",
        "p59b": "3.0",
        "p59c": "2.0",
        "p59d": "18",
        "p59e": "10.0",
        "p59f": "1.0",
        "p59g": "4.0",
        "x": 0,
        "y": 0
      },
      "geometry": { "type": "Point", "coordinates": [0.0, 0.0] }
    },
    {
      "type": "Feature",
      "properties": {
        "p1": 40824001056,
        "p59a": null,
        "p59b": null,
        "p59c": null,
        "p59d": "XX",
        "p59e": null,
        "p59f": null,
        "p59g": null,
        "x": 0,
        "y": 0
      },
      "geometry": { "type": "Point", "coordinates": [0.0, 0.0] }
    },
    {
      "type": "Feature",
      "properties": {
        "p1": 40824001056,
        "p59a": "1.0",
        "p59b": "3.0",
        "p59c": "1.0",
        "p59d": "24",
        "p59e": "10.0",
        "p59f": "1.0",
        "p59g": "4.0",
        "x": 0,
        "y": 0
      },
      "geometry": { "type": "Point", "coordinates": [0.0, 0.0] }
    },
    {
      "type": "Feature",
      "properties": {
        "p1": 40823000017,
        "p59a": "1",
        "p59b": "3",
        "p59c": "1",
        "p59d": "45",
        "p59e": "10",
        "p59f": "1",
        "p59g": "4",
        "x": 0,
        "y": 0
      },
      "geometry": { "type": "Point", "coordinates": [0.0, 0.0] }
    },
    {
      "type": "Feature",
      "properties": {
        "p1": 40823000024,
        "p59a": null,
        "p59b": null,
        "p59c": null,
        "p59d": null,
        "p59e": null,
        "p59f": null,
        "p59g": null,
        "x": 0,
        "y": 0
      },
      "geometry": { "type": "Point", "coordinates": [0.0, 0.0] }
    },
    {
      "type": "Feature",
      "properties": {
        "p1": 40823000041,
        "p59a": null,
        "p59b": null,
        "p59c": null,
        "p59d": null,
        "p59e": null,
        "p59f": null,
        "p59g": null,
        "x": 0,
        "y": 0
      },
      "geometry": { "type": "Point", "coordinates": [0.0, 0.0] }
    },
    {
      "type": "Feature",
      "properties": {
        "p1": 40823000053,
        "p59a": "1",
        "p59b": "3",
        "p59c": "1",
        "p59d": "59",
        "p59e": "10",
        "p59f": "1",
        "p59g": "4",
        "x": 0,
        "y": 0
      },
      "geometry": { "type": "Point", "coordinates": [0.0, 0.0] }
    },
    {
      "type": "Feature",
      "properties": {
        "p1": 40823000055,
        "p59a": null,
        "p59b": null,
        "p59c": null,
        "p59d": null,
        "p59e": null,
        "p59f": null,
        "p59g": null,
        "x": 0,
        "y": 0
      },
      "geometry": { "type": "Point", "coordinates": [0.0, 0.0] }
    },
    {
      "type": "Feature",
      "properties": {
        "p1": 40823000070,
        "p59a": "1",
        "p59b": "3",
        "p59c": "1",
        "p59d": "29",
        "p59e": "104",
        "p59f": "1",
        "p59g": "4",
        "x": 0,
        "y": 0
      },
      "geometry": { "type": "Point", "coordinates": [0.0, 0.0] }
    },
    {
      "type": "Feature",
      "properties": {
        "p1": 40823000083,
        "p59a": "1",
        "p59b": "3",
        "p59c": "1",
        "p59d": "72",
        "p59e": "50",
        "p59f": "1",
        "p59g": "4",
        "x": 0,
        "y": 0
      },
      "geometry": { "type": "Point", "coordinates": [0.0, 0.0] }
    },
    {
      "type": "Feature",
      "properties": {
        "p1": 40823000091,
        "p59a": "1",
        "p59b": "3",
        "p59c": "2",
        "p59d": "45",
        "p59e": "10",
        "p59f": "1",
        "p59g": "4",
        "x": 0,
        "y": 0
      },
      "geometry": { "type": "Point", "coordinates": [0.0, 0.0] }
    },
    {
      "type": "Feature",
      "properties": {
        "p1": 40823000107,
        "p59a": "1",
        "p59b": "3",
        "p59c": "1",
        "p59d": "21",
        "p59e": "10",
        "p59f": "1",
        "p59g": "4",
        "x": 0,
        "y": 0
      },
      "geometry": { "type": "Point", "coordinates": [0.0, 0.0] }
    },
    {
      "type": "Feature",
      "properties": {
        "p1": 40823000109,
        "p59a": "1",
        "p59b": "3",
        "p59c": "1",
        "p59d": "31",
        "p59e": "10",
        "p59f": "1",
        "p59g": "4",
        "x": 0,
        "y": 0
      },
      "geometry": { "type": "Point", "coordinates": [0.0, 0.0] }
    },
    {
      "type": "Feature",
      "properties": {
        "p1": 40823000141,
        "p59a": null,
        "p59b": null,
        "p59c": null,
        "p59d": null,
        "p59e": null,
        "p59f": null,
        "p59g": null,
        "x": 0,
        "y": 0
      },
      "geometry": { "type": "Point", "coordinates": [0.0, 0.0] }
    },
    {
      "type": "Feature",
      "properties": {
        "p1": 40823000196,
        "p59a": "1",
        "p59b": "3",
        "p59c": "1",
        "p59d": "63",
        "p59e": "10",
        "p59f": "1",
        "p59g": "4",
        "x": 0,
        "y": 0
      },
      "geometry": { "type": "Point", "coordinates": [0.0, 0.0] }
    },
    {
      "type": "Feature",
      "properties": {
        "p1": 40823000206,
        "p59a": null,
        "p59b": null,
        "p59c": null,
        "p59d": null,
        "p59e": null,
        "p59f": null,
        "p59g": null,
        "x": 0,
        "y": 0
      },
      "geometry": { "type": "Point", "coordinates": [0.0, 0.0] }
    },
    {
      "type": "Feature",
      "properties": {
        "p1": 40823000211,
        "p59a": "1",
        "p59b": "4",
        "p59c": "3",
        "p59d": "14",
        "p59e": "10",
        "p59f": "1",
        "p59g": "4",
        "x": 0,
        "y": 0
      },
      "geometry": { "type": "Point", "coordinates": [0.0, 0.0] }
    },
    {
      "type": "Feature",
      "properties": {
        "p1": 40823000230,
        "p59a": "1",
        "p59b": "3",
        "p59c": "1",
        "p59d": "19",
        "p59e": "10",
        "p59f": "1",
        "p59g": "4",
        "x": 0,
        "y": 0
      },
      "geometry": { "type": "Point", "coordinates": [0.0, 0.0] }
    },
    {
      "type": "Feature",
      "properties": {
        "p1": 40823000346,
        "p59a": "1",
        "p59b": "3",
        "p59c": "2",
        "p59d": "75",
        "p59e": "10",
        "p59f": "5",
        "p59g": "3",
        "x": 0,
        "y": 0
      },
      "geometry": { "type": "Point", "coordinates": [0.0, 0.0] }
    },
    {
      "type": "Feature",
      "properties": {
        "p1": 40823000386,
        "p59a": "1",
        "p59b": "4",
        "p59c": "1",
        "p59d": "23",
        "p59e": "10",
        "p59f": "1",
        "p59g": "4",
        "x": 0,
        "y": 0
      },
      "geometry": { "type": "Point", "coordinates": [0.0, 0.0] }
    },
    {
      "type": "Feature",
      "properties": {
        "p1": 40823000397,
        "p59a": "1",
        "p59b": "3",
        "p59c": "2",
        "p59d": "74",
        "p59e": "10",
        "p59f": "5",
        "p59g": "3",
        "x": 0,
        "y": 0
      },
      "geometry": { "type": "Point", "coordinates": [0.0, 0.0] }
    },
    {
      "type": "Feature",
      "properties": {
        "p1": 40823000417,
        "p59a": null,
        "p59b": null,
        "p59c": null,
        "p59d": null,
        "p59e": null,
        "p59f": null,
        "p59g": "4",
        "x": 0,
        "y": 0
      },
      "geometry": { "type": "Point", "coordinates": [0.0, 0.0] }
    },
    {
      "type": "Feature",
      "properties": {
        "p1": 40823000428,
        "p59a": "1",
        "p59b": "3",
        "p59c": "1",
        "p59d": "21",
        "p59e": "10",
        "p59f": "1",
        "p59g": "4",
        "x": 0,
        "y": 0
      },
      "geometry": { "type": "Point", "coordinates": [0.0, 0.0] }
    },
    {
      "type": "Feature",
      "properties": {
        "p1": 40823000441,
        "p59a": "1",
        "p59b": "3",
        "p59c": "2",
        "p59d": "19",
        "p59e": "10",
        "p59f": "1",
        "p59g": "4",
        "x": 0,
        "y": 0
      },
      "geometry": { "type": "Point", "coordinates": [0.0, 0.0] }
    },
    {
      "type": "Feature",
      "properties": {
        "p1": 40823000452,
        "p59a": "1",
        "p59b": "7",
        "p59c": "2",
        "p59d": "41",
        "p59e": "10",
        "p59f": "1",
        "p59g": "4",
        "x": 0,
        "y": 0
      },
      "geometry": { "type": "Point", "coordinates": [0.0, 0.0] }
    },
    {
      "type": "Feature",
      "properties": {
        "p1": 40823000517,
        "p59a": "1",
        "p59b": "1",
        "p59c": "1",
        "p59d": "58",
        "p59e": "10",
        "p59f": "4",
        "p59g": "3",
        "x": 0,
        "y": 0
      },
      "geometry": { "type": "Point", "coordinates": [0.0, 0.0] }
    },
    {
      "type": "Feature",
      "properties": {
        "p1": 40823000519,
        "p59a": null,
        "p59b": null,
        "p59c": null,
        "p59d": null,
        "p59e": null,
        "p59f": null,
        "p59g": null,
        "x": 0,
        "y": 0
      },
      "geometry": { "type": "Point", "coordinates": [0.0, 0.0] }
    },
    {
      "type": "Feature",
      "properties": {
        "p1": 40823000526,
        "p59a": "1",
        "p59b": "3",
        "p59c": "1",
        "p59d": "20",
        "p59e": "10",
        "p59f": "1",
        "p59g": "4",
        "x": 0,
        "y": 0
      },
      "geometry": { "type": "Point", "coordinates": [0.0, 0.0] }
    },
    {
      "type": "Feature",
      "properties": {
        "p1": 40823000565,
        "p59a": "1",
        "p59b": "3",
        "p59c": "2",
        "p59d": "70",
        "p59e": "10",
        "p59f": "1",
        "p59g": "4",
        "x": 0,
        "y": 0
      },
      "geometry": { "type": "Point", "coordinates": [0.0, 0.0] }
    },
    {
      "type": "Feature",
      "properties": {
        "p1": 40823000568,
        "p59a": "1",
        "p59b": "1",
        "p59c": "1",
        "p59d": "46",
        "p59e": "412",
        "p59f": "5",
        "p59g": "3",
        "x": 0,
        "y": 0
      },
      "geometry": { "type": "Point", "coordinates": [0.0, 0.0] }
    },
    {
      "type": "Feature",
      "properties": {
        "p1": 40823000641,
        "p59a": "1",
        "p59b": "3",
        "p59c": "1",
        "p59d": "48",
        "p59e": "104",
        "p59f": "1",
        "p59g": "4",
        "x": 0,
        "y": 0
      },
      "geometry": { "type": "Point", "coordinates": [0.0, 0.0] }
    },
    {
      "type": "Feature",
      "properties": {
        "p1": 40823000642,
        "p59a": "1",
        "p59b": "3",
        "p59c": "1",
        "p59d": "62",
        "p59e": "10",
        "p59f": "1",
        "p59g": "4",
        "x": 0,
        "y": 0
      },
      "geometry": { "type": "Point", "coordinates": [0.0, 0.0] }
    },
    {
      "type": "Feature",
      "properties": {
        "p1": 40823000692,
        "p59a": "1",
        "p59b": "3",
        "p59c": "1",
        "p59d": "40",
        "p59e": "10",
        "p59f": "1",
        "p59g": "4",
        "x": 0,
        "y": 0
      },
      "geometry": { "type": "Point", "coordinates": [0.0, 0.0] }
    },
    {
      "type": "Feature",
      "properties": {
        "p1": 40823000718,
        "p59a": "1",
        "p59b": "3",
        "p59c": "1",
        "p59d": "37",
        "p59e": "10",
        "p59f": "1",
        "p59g": "4",
        "x": 0,
        "y": 0
      },
      "geometry": { "type": "Point", "coordinates": [0.0, 0.0] }
    },
    {
      "type": "Feature",
      "properties": {
        "p1": 40823000730,
        "p59a": "1",
        "p59b": "3",
        "p59c": "1",
        "p59d": "62",
        "p59e": "10",
        "p59f": "1",
        "p59g": "4",
        "x": 0,
        "y": 0
      },
      "geometry": { "type": "Point", "coordinates": [0.0, 0.0] }
    },
    {
      "type": "Feature",
      "properties": {
        "p1": 40823000743,
        "p59a": "1",
        "p59b": "3",
        "p59c": "1",
        "p59d": "80",
        "p59e": "10",
        "p59f": "5",
        "p59g": "3",
        "x": 0,
        "y": 0
      },
      "geometry": { "type": "Point", "coordinates": [0.0, 0.0] }
    },
    {
      "type": "Feature",
      "properties": {
        "p1": 40823000754,
        "p59a": "1",
        "p59b": "3",
        "p59c": "1",
        "p59d": "24",
        "p59e": "10",
        "p59f": "1",
        "p59g": "4",
        "x": 0,
        "y": 0
      },
      "geometry": { "type": "Point", "coordinates": [0.0, 0.0] }
    },
    {
      "type": "Feature",
      "properties": {
        "p1": 40823000770,
        "p59a": "1",
        "p59b": "3",
        "p59c": "1",
        "p59d": "43",
        "p59e": "10",
        "p59f": "1",
        "p59g": "4",
        "x": 0,
        "y": 0
      },
      "geometry": { "type": "Point", "coordinates": [0.0, 0.0] }
    },
    {
      "type": "Feature",
      "properties": {
        "p1": 40823000795,
        "p59a": "1",
        "p59b": "3",
        "p59c": "1",
        "p59d": "30",
        "p59e": "10",
        "p59f": "1",
        "p59g": "4",
        "x": 0,
        "y": 0
      },
      "geometry": { "type": "Point", "coordinates": [0.0, 0.0] }
    },
    {
      "type": "Feature",
      "properties": {
        "p1": 40823000832,
        "p59a": "1",
        "p59b": "3",
        "p59c": "1",
        "p59d": "43",
        "p59e": "10",
        "p59f": "1",
        "p59g": "4",
        "x": 0,
        "y": 0
      },
      "geometry": { "type": "Point", "coordinates": [0.0, 0.0] }
    },
    {
      "type": "Feature",
      "properties": {
        "p1": 40823000845,
        "p59a": null,
        "p59b": null,
        "p59c": null,
        "p59d": null,
        "p59e": null,
        "p59f": null,
        "p59g": null,
        "x": 0,
        "y": 0
      },
      "geometry": { "type": "Point", "coordinates": [0.0, 0.0] }
    },
    {
      "type": "Feature",
      "properties": {
        "p1": 40324000357,
        "p59a": "1.0",
        "p59b": "3.0",
        "p59c": "1.0",
        "p59d": "34",
        "p59e": "10.0",
        "p59f": "1.0",
        "p59g": "4.0",
        "x": 0,
        "y": 0
      },
      "geometry": { "type": "Point", "coordinates": [0.0, 0.0] }
    },
    {
      "type": "Feature",
      "properties": {
        "p1": 40324001308,
        "p59a": "1.0",
        "p59b": "3.0",
        "p59c": "1.0",
        "p59d": "24",
        "p59e": "10.0",
        "p59f": "1.0",
        "p59g": "4.0",
        "x": 0,
        "y": 0
      },
      "geometry": { "type": "Point", "coordinates": [0.0, 0.0] }
    },
    {
      "type": "Feature",
      "properties": {
        "p1": 40824000001,
        "p59a": "1.0",
        "p59b": "3.0",
        "p59c": "1.0",
        "p59d": "21",
        "p59e": "10.0",
        "p59f": "1.0",
        "p59g": "4.0",
        "x": 0,
        "y": 0
      },
      "geometry": { "type": "Point", "coordinates": [0.0, 0.0] }
    },
    {
      "type": "Feature",
      "properties": {
        "p1": 40824000005,
        "p59a": null,
        "p59b": null,
        "p59c": null,
        "p59d": null,
        "p59e": null,
        "p59f": null,
        "p59g": null,
        "x": 0,
        "y": 0
      },
      "geometry": { "type": "Point", "coordinates": [0.0, 0.0] }
    },
    {
      "type": "Feature",
      "properties": {
        "p1": 40824000043,
        "p59a": null,
        "p59b": null,
        "p59c": null,
        "p59d": null,
        "p59e": null,
        "p59f": null,
        "p59g": "4.0",
        "x": 0,
        "y": 0
      },
      "geometry": { "type": "Point", "coordinates": [0.0, 0.0] }
    },
    {
      "type": "Feature",
      "properties": {
        "p1": 40824000061,
        "p59a": "1.0",
        "p59b": "3.0",
        "p59c": "1.0",
        "p59d": "19",
        "p59e": "10.0",
        "p59f": "1.0",
        "p59g": "4.0",
        "x": 0,
        "y": 0
      },
      "geometry": { "type": "Point", "coordinates": [0.0, 0.0] }
    },
    {
      "type": "Feature",
      "properties": {
        "p1": 40824000115,
        "p59a": "1.0",
        "p59b": "3.0",
        "p59c": "1.0",
        "p59d": "77",
        "p59e": "10.0",
        "p59f": "1.0",
        "p59g": "4.0",
        "x": 0,
        "y": 0
      },
      "geometry": { "type": "Point", "coordinates": [0.0, 0.0] }
    },
    {
      "type": "Feature",
      "properties": {
        "p1": 40824000142,
        "p59a": "1.0",
        "p59b": "3.0",
        "p59c": "1.0",
        "p59d": "58",
        "p59e": "10.0",
        "p59f": "1.0",
        "p59g": "4.0",
        "x": 0,
        "y": 0
      },
      "geometry": { "type": "Point", "coordinates": [0.0, 0.0] }
    },
    {
      "type": "Feature",
      "properties": {
        "p1": 40824000146,
        "p59a": "1.0",
        "p59b": "2.0",
        "p59c": "1.0",
        "p59d": "35",
        "p59e": "10.0",
        "p59f": "5.0",
        "p59g": "3.0",
        "x": 0,
        "y": 0
      },
      "geometry": { "type": "Point", "coordinates": [0.0, 0.0] }
    },
    {
      "type": "Feature",
      "properties": {
        "p1": 40824000168,
        "p59a": null,
        "p59b": null,
        "p59c": null,
        "p59d": null,
        "p59e": null,
        "p59f": null,
        "p59g": null,
        "x": 0,
        "y": 0
      },
      "geometry": { "type": "Point", "coordinates": [0.0, 0.0] }
    },
    {
      "type": "Feature",
      "properties": {
        "p1": 40824000188,
        "p59a": "1.0",
        "p59b": "7.0",
        "p59c": "2.0",
        "p59d": "56",
        "p59e": "10.0",
        "p59f": "5.0",
        "p59g": "3.0",
        "x": 0,
        "y": 0
      },
      "geometry": { "type": "Point", "coordinates": [0.0, 0.0] }
    },
    {
      "type": "Feature",
      "properties": {
        "p1": 40824000216,
        "p59a": "1.0",
        "p59b": "3.0",
        "p59c": "1.0",
        "p59d": "58",
        "p59e": "10.0",
        "p59f": "1.0",
        "p59g": "4.0",
        "x": 0,
        "y": 0
      },
      "geometry": { "type": "Point", "coordinates": [0.0, 0.0] }
    },
    {
      "type": "Feature",
      "properties": {
        "p1": 40824000264,
        "p59a": "1.0",
        "p59b": "3.0",
        "p59c": "1.0",
        "p59d": "18",
        "p59e": "10.0",
        "p59f": "1.0",
        "p59g": "4.0",
        "x": 0,
        "y": 0
      },
      "geometry": { "type": "Point", "coordinates": [0.0, 0.0] }
    },
    {
      "type": "Feature",
      "properties": {
        "p1": 40824000305,
        "p59a": null,
        "p59b": null,
        "p59c": null,
        "p59d": null,
        "p59e": null,
        "p59f": null,
        "p59g": null,
        "x": 0,
        "y": 0
      },
      "geometry": { "type": "Point", "coordinates": [0.0, 0.0] }
    },
    {
      "type": "Feature",
      "properties": {
        "p1": 40824000336,
        "p59a": null,
        "p59b": null,
        "p59c": null,
        "p59d": "XX",
        "p59e": null,
        "p59f": null,
        "p59g": null,
        "x": 0,
        "y": 0
      },
      "geometry": { "type": "Point", "coordinates": [0.0, 0.0] }
    },
    {
      "type": "Feature",
      "properties": {
        "p1": 40824000391,
        "p59a": "1.0",
        "p59b": "3.0",
        "p59c": "1.0",
        "p59d": "34",
        "p59e": "10.0",
        "p59f": "1.0",
        "p59g": "4.0",
        "x": 0,
        "y": 0
      },
      "geometry": { "type": "Point", "coordinates": [0.0, 0.0] }
    },
    {
      "type": "Feature",
      "properties": {
        "p1": 40824000429,
        "p59a": "1.0",
        "p59b": "1.0",
        "p59c": "3.0",
        "p59d": "10",
        "p59e": "10.0",
        "p59f": "1.0",
        "p59g": "4.0",
        "x": 0,
        "y": 0
      },
      "geometry": { "type": "Point", "coordinates": [0.0, 0.0] }
    },
    {
      "type": "Feature",
      "properties": {
        "p1": 40824000437,
        "p59a": "1.0",
        "p59b": "3.0",
        "p59c": "1.0",
        "p59d": "21",
        "p59e": "10.0",
        "p59f": "5.0",
        "p59g": "3.0",
        "x": 0,
        "y": 0
      },
      "geometry": { "type": "Point", "coordinates": [0.0, 0.0] }
    },
    {
      "type": "Feature",
      "properties": {
        "p1": 40824000446,
        "p59a": "1.0",
        "p59b": "1.0",
        "p59c": "1.0",
        "p59d": "17",
        "p59e": "10.0",
        "p59f": "1.0",
        "p59g": "4.0",
        "x": 0,
        "y": 0
      },
      "geometry": { "type": "Point", "coordinates": [0.0, 0.0] }
    },
    {
      "type": "Feature",
      "properties": {
        "p1": 40824000457,
        "p59a": "1.0",
        "p59b": "3.0",
        "p59c": "2.0",
        "p59d": "25",
        "p59e": "10.0",
        "p59f": "1.0",
        "p59g": "4.0",
        "x": 0,
        "y": 0
      },
      "geometry": { "type": "Point", "coordinates": [0.0, 0.0] }
    },
    {
      "type": "Feature",
      "properties": {
        "p1": 40824000458,
        "p59a": "1.0",
        "p59b": "3.0",
        "p59c": "1.0",
        "p59d": "22",
        "p59e": "10.0",
        "p59f": "1.0",
        "p59g": "4.0",
        "x": 0,
        "y": 0
      },
      "geometry": { "type": "Point", "coordinates": [0.0, 0.0] }
    },
    {
      "type": "Feature",
      "properties": {
        "p1": 40824000465,
        "p59a": "1.0",
        "p59b": "3.0",
        "p59c": "1.0",
        "p59d": "51",
        "p59e": "10.0",
        "p59f": "1.0",
        "p59g": "4.0",
        "x": 0,
        "y": 0
      },
      "geometry": { "type": "Point", "coordinates": [0.0, 0.0] }
    },
    {
      "type": "Feature",
      "properties": {
        "p1": 40824000497,
        "p59a": "1.0",
        "p59b": "3.0",
        "p59c": "2.0",
        "p59d": "48",
        "p59e": "10.0",
        "p59f": "1.0",
        "p59g": "4.0",
        "x": 0,
        "y": 0
      },
      "geometry": { "type": "Point", "coordinates": [0.0, 0.0] }
    },
    {
      "type": "Feature",
      "properties": {
        "p1": 40824000645,
        "p59a": "1.0",
        "p59b": "3.0",
        "p59c": "1.0",
        "p59d": "30",
        "p59e": "10.0",
        "p59f": "5.0",
        "p59g": "3.0",
        "x": 0,
        "y": 0
      },
      "geometry": { "type": "Point", "coordinates": [0.0, 0.0] }
    },
    {
      "type": "Feature",
      "properties": {
        "p1": 40824000648,
        "p59a": "1.0",
        "p59b": "4.0",
        "p59c": "1.0",
        "p59d": "43",
        "p59e": "10.0",
        "p59f": "1.0",
        "p59g": "4.0",
        "x": 0,
        "y": 0
      },
      "geometry": { "type": "Point", "coordinates": [0.0, 0.0] }
    },
    {
      "type": "Feature",
      "properties": {
        "p1": 40824000651,
        "p59a": "1.0",
        "p59b": "2.0",
        "p59c": "1.0",
        "p59d": "40",
        "p59e": "10.0",
        "p59f": "1.0",
        "p59g": "4.0",
        "x": 0,
        "y": 0
      },
      "geometry": { "type": "Point", "coordinates": [0.0, 0.0] }
    },
    {
      "type": "Feature",
      "properties": {
        "p1": 40824000654,
        "p59a": "1.0",
        "p59b": "3.0",
        "p59c": "1.0",
        "p59d": "41",
        "p59e": "10.0",
        "p59f": "5.0",
        "p59g": "3.0",
        "x": 0,
        "y": 0
      },
      "geometry": { "type": "Point", "coordinates": [0.0, 0.0] }
    },
    {
      "type": "Feature",
      "properties": {
        "p1": 40824000669,
        "p59a": "1.0",
        "p59b": "7.0",
        "p59c": "1.0",
        "p59d": "18",
        "p59e": "10.0",
        "p59f": "1.0",
        "p59g": "4.0",
        "x": 0,
        "y": 0
      },
      "geometry": { "type": "Point", "coordinates": [0.0, 0.0] }
    },
    {
      "type": "Feature",
      "properties": {
        "p1": 40824000690,
        "p59a": "1.0",
        "p59b": "3.0",
        "p59c": "1.0",
        "p59d": "45",
        "p59e": "10.0",
        "p59f": "1.0",
        "p59g": "4.0",
        "x": 0,
        "y": 0
      },
      "geometry": { "type": "Point", "coordinates": [0.0, 0.0] }
    },
    {
      "type": "Feature",
      "properties": {
        "p1": 40824000727,
        "p59a": "1.0",
        "p59b": "3.0",
        "p59c": "1.0",
        "p59d": "29",
        "p59e": "10.0",
        "p59f": "1.0",
        "p59g": "4.0",
        "x": 0,
        "y": 0
      },
      "geometry": { "type": "Point", "coordinates": [0.0, 0.0] }
    },
    {
      "type": "Feature",
      "properties": {
        "p1": 40824000751,
        "p59a": "1.0",
        "p59b": "3.0",
        "p59c": "1.0",
        "p59d": "66",
        "p59e": "10.0",
        "p59f": "1.0",
        "p59g": "4.0",
        "x": 0,
        "y": 0
      },
      "geometry": { "type": "Point", "coordinates": [0.0, 0.0] }
    },
    {
      "type": "Feature",
      "properties": {
        "p1": 40824000756,
        "p59a": "1.0",
        "p59b": "3.0",
        "p59c": "2.0",
        "p59d": "33",
        "p59e": "104.0",
        "p59f": "1.0",
        "p59g": "4.0",
        "x": 0,
        "y": 0
      },
      "geometry": { "type": "Point", "coordinates": [0.0, 0.0] }
    },
    {
      "type": "Feature",
      "properties": {
        "p1": 40824000832,
        "p59a": "1.0",
        "p59b": "3.0",
        "p59c": "2.0",
        "p59d": "33",
        "p59e": "10.0",
        "p59f": "1.0",
        "p59g": "4.0",
        "x": 0,
        "y": 0
      },
      "geometry": { "type": "Point", "coordinates": [0.0, 0.0] }
    },
    {
      "type": "Feature",
      "properties": {
        "p1": 40824000845,
        "p59a": "1.0",
        "p59b": "3.0",
        "p59c": "1.0",
        "p59d": "63",
        "p59e": "10.0",
        "p59f": "1.0",
        "p59g": "4.0",
        "x": 0,
        "y": 0
      },
      "geometry": { "type": "Point", "coordinates": [0.0, 0.0] }
    },
    {
      "type": "Feature",
      "properties": {
        "p1": 40824000874,
        "p59a": "1.0",
        "p59b": "3.0",
        "p59c": "2.0",
        "p59d": "51",
        "p59e": "10.0",
        "p59f": "1.0",
        "p59g": "4.0",
        "x": 0,
        "y": 0
      },
      "geometry": { "type": "Point", "coordinates": [0.0, 0.0] }
    },
    {
      "type": "Feature",
      "properties": {
        "p1": 40824000912,
        "p59a": "1.0",
        "p59b": "3.0",
        "p59c": "1.0",
        "p59d": "21",
        "p59e": "10.0",
        "p59f": "1.0",
        "p59g": "4.0",
        "x": 0,
        "y": 0
      },
      "geometry": { "type": "Point", "coordinates": [0.0, 0.0] }
    },
    {
      "type": "Feature",
      "properties": {
        "p1": 40824000921,
        "p59a": "1.0",
        "p59b": "3.0",
        "p59c": "1.0",
        "p59d": "40",
        "p59e": "10.0",
        "p59f": "1.0",
        "p59g": "4.0",
        "x": 0,
        "y": 0
      },
      "geometry": { "type": "Point", "coordinates": [0.0, 0.0] }
    },
    {
      "type": "Feature",
      "properties": {
        "p1": 40824000969,
        "p59a": "1.0",
        "p59b": "3.0",
        "p59c": "1.0",
        "p59d": "53",
        "p59e": "10.0",
        "p59f": "1.0",
        "p59g": "4.0",
        "x": 0,
        "y": 0
      },
      "geometry": { "type": "Point", "coordinates": [0.0, 0.0] }
    },
    {
      "type": "Feature",
      "properties": {
        "p1": 40824000973,
        "p59a": "1.0",
        "p59b": "1.0",
        "p59c": "2.0",
        "p59d": "26",
        "p59e": "10.0",
        "p59f": "5.0",
        "p59g": "3.0",
        "x": 0,
        "y": 0
      },
      "geometry": { "type": "Point", "coordinates": [0.0, 0.0] }
    },
    {
      "type": "Feature",
      "properties": {
        "p1": 40824000974,
        "p59a": "1.0",
        "p59b": "2.0",
        "p59c": "1.0",
        "p59d": "51",
        "p59e": "10.0",
        "p59f": "5.0",
        "p59g": "3.0",
        "x": 0,
        "y": 0
      },
      "geometry": { "type": "Point", "coordinates": [0.0, 0.0] }
    },
    {
      "type": "Feature",
      "properties": {
        "p1": 40824000983,
        "p59a": "1.0",
        "p59b": "3.0",
        "p59c": "1.0",
        "p59d": "28",
        "p59e": "10.0",
        "p59f": "1.0",
        "p59g": "4.0",
        "x": 0,
        "y": 0
      },
      "geometry": { "type": "Point", "coordinates": [0.0, 0.0] }
    },
    {
      "type": "Feature",
      "properties": {
        "p1": 40824000999,
        "p59a": "1.0",
        "p59b": "3.0",
        "p59c": "2.0",
        "p59d": "33",
        "p59e": "10.0",
        "p59f": "1.0",
        "p59g": "4.0",
        "x": 0,
        "y": 0
      },
      "geometry": { "type": "Point", "coordinates": [0.0, 0.0] }
    },
    {
      "type": "Feature",
      "properties": {
        "p1": 40824001002,
        "p59a": "1.0",
        "p59b": "3.0",
        "p59c": "1.0",
        "p59d": "37",
        "p59e": "10.0",
        "p59f": "1.0",
        "p59g": "4.0",
        "x": 0,
        "y": 0
      },
      "geometry": { "type": "Point", "coordinates": [0.0, 0.0] }
    },
    {
      "type": "Feature",
      "properties": {
        "p1": 40824001031,
        "p59a": "1.0",
        "p59b": "3.0",
        "p59c": "1.0",
        "p59d": "69",
        "p59e": "10.0",
        "p59f": "1.0",
        "p59g": "4.0",
        "x": 0,
        "y": 0
      },
      "geometry": { "type": "Point", "coordinates": [0.0, 0.0] }
    },
    {
      "type": "Feature",
      "properties": {
        "p1": 190324000949,
        "p59a": "1.0",
        "p59b": "3.0",
        "p59c": "1.0",
        "p59d": "47",
        "p59e": "10.0",
        "p59f": "1.0",
        "p59g": "4.0",
        "x": 0,
        "y": 0
      },
      "geometry": { "type": "Point", "coordinates": [0.0, 0.0] }
    },
    {
      "type": "Feature",
      "properties": {
        "p1": 40825000002,
        "p59a": null,
        "p59b": null,
        "p59c": null,
        "p59d": "XX",
        "p59e": null,
        "p59f": null,
        "p59g": "4.0",
        "x": 0,
        "y": 0
      },
      "geometry": { "type": "Point", "coordinates": [0.0, 0.0] }
    },
    {
      "type": "Feature",
      "properties": {
        "p1": 40825000003,
        "p59a": "1.0",
        "p59b": "3.0",
        "p59c": "2.0",
        "p59d": "76",
        "p59e": "10.0",
        "p59f": "5.0",
        "p59g": "4.0",
        "x": 0,
        "y": 0
      },
      "geometry": { "type": "Point", "coordinates": [0.0, 0.0] }
    },
    {
      "type": "Feature",
      "properties": {
        "p1": 40825000009,
        "p59a": null,
        "p59b": null,
        "p59c": null,
        "p59d": "XX",
        "p59e": null,
        "p59f": null,
        "p59g": "4.0",
        "x": 0,
        "y": 0
      },
      "geometry": { "type": "Point", "coordinates": [0.0, 0.0] }
    },
    {
      "type": "Feature",
      "properties": {
        "p1": 40825000013,
        "p59a": "1.0",
        "p59b": "3.0",
        "p59c": "1.0",
        "p59d": "20",
        "p59e": "10.0",
        "p59f": "1.0",
        "p59g": "4.0",
        "x": 0,
        "y": 0
      },
      "geometry": { "type": "Point", "coordinates": [0.0, 0.0] }
    },
    {
      "type": "Feature",
      "properties": {
        "p1": 40825000014,
        "p59a": "1.0",
        "p59b": "3.0",
        "p59c": "2.0",
        "p59d": "45",
        "p59e": "10.0",
        "p59f": "1.0",
        "p59g": "4.0",
        "x": 0,
        "y": 0
      },
      "geometry": { "type": "Point", "coordinates": [0.0, 0.0] }
    },
    {
      "type": "Feature",
      "properties": {
        "p1": 40825000018,
        "p59a": null,
        "p59b": null,
        "p59c": null,
        "p59d": "XX",
        "p59e": null,
        "p59f": null,
        "p59g": "4.0",
        "x": 0,
        "y": 0
      },
      "geometry": { "type": "Point", "coordinates": [0.0, 0.0] }
    },
    {
      "type": "Feature",
      "properties": {
        "p1": 40825000020,
        "p59a": "1.0",
        "p59b": "3.0",
        "p59c": "1.0",
        "p59d": "50",
        "p59e": "10.0",
        "p59f": "1.0",
        "p59g": "4.0",
        "x": 0,
        "y": 0
      },
      "geometry": { "type": "Point", "coordinates": [0.0, 0.0] }
    },
    {
      "type": "Feature",
      "properties": {
        "p1": 40825000025,
        "p59a": "1.0",
        "p59b": "3.0",
        "p59c": "2.0",
        "p59d": "20",
        "p59e": "10.0",
        "p59f": "1.0",
        "p59g": "4.0",
        "x": 0,
        "y": 0
      },
      "geometry": { "type": "Point", "coordinates": [0.0, 0.0] }
    },
    {
      "type": "Feature",
      "properties": {
        "p1": 40825000028,
        "p59a": null,
        "p59b": null,
        "p59c": null,
        "p59d": "XX",
        "p59e": null,
        "p59f": null,
        "p59g": "4.0",
        "x": 0,
        "y": 0
      },
      "geometry": { "type": "Point", "coordinates": [0.0, 0.0] }
    },
    {
      "type": "Feature",
      "properties": {
        "p1": 40825000032,
        "p59a": null,
        "p59b": null,
        "p59c": null,
        "p59d": "XX",
        "p59e": null,
        "p59f": null,
        "p59g": "4.0",
        "x": 0,
        "y": 0
      },
      "geometry": { "type": "Point", "coordinates": [0.0, 0.0] }
    },
    {
      "type": "Feature",
      "properties": {
        "p1": 40825000040,
        "p59a": null,
        "p59b": null,
        "p59c": null,
        "p59d": "XX",
        "p59e": null,
        "p59f": null,
        "p59g": "4.0",
        "x": 0,
        "y": 0
      },
      "geometry": { "type": "Point", "coordinates": [0.0, 0.0] }
    },
    {
      "type": "Feature",
      "properties": {
        "p1": 40825000046,
        "p59a": "1.0",
        "p59b": "3.0",
        "p59c": "2.0",
        "p59d": "40",
        "p59e": "10.0",
        "p59f": "1.0",
        "p59g": "4.0",
        "x": 0,
        "y": 0
      },
      "geometry": { "type": "Point", "coordinates": [0.0, 0.0] }
    },
    {
      "type": "Feature",
      "properties": {
        "p1": 40825000049,
        "p59a": "1.0",
        "p59b": "3.0",
        "p59c": "1.0",
        "p59d": "50",
        "p59e": "10.0",
        "p59f": "1.0",
        "p59g": "4.0",
        "x": 0,
        "y": 0
      },
      "geometry": { "type": "Point", "coordinates": [0.0, 0.0] }
    },
    {
      "type": "Feature",
      "properties": {
        "p1": 40825000051,
        "p59a": "1.0",
        "p59b": "3.0",
        "p59c": "1.0",
        "p59d": "49",
        "p59e": "10.0",
        "p59f": "1.0",
        "p59g": "4.0",
        "x": 0,
        "y": 0
      },
      "geometry": { "type": "Point", "coordinates": [0.0, 0.0] }
    },
    {
      "type": "Feature",
      "properties": {
        "p1": 40825000056,
        "p59a": "1.0",
        "p59b": "3.0",
        "p59c": "1.0",
        "p59d": "49",
        "p59e": "10.0",
        "p59f": "1.0",
        "p59g": "4.0",
        "x": 0,
        "y": 0
      },
      "geometry": { "type": "Point", "coordinates": [0.0, 0.0] }
    },
    {
      "type": "Feature",
      "properties": {
        "p1": 40825000057,
        "p59a": "1.0",
        "p59b": "3.0",
        "p59c": "1.0",
        "p59d": "27",
        "p59e": "10.0",
        "p59f": "1.0",
        "p59g": "4.0",
        "x": 0,
        "y": 0
      },
      "geometry": { "type": "Point", "coordinates": [0.0, 0.0] }
    },
    {
      "type": "Feature",
      "properties": {
        "p1": 40825000061,
        "p59a": null,
        "p59b": null,
        "p59c": null,
        "p59d": "XX",
        "p59e": null,
        "p59f": null,
        "p59g": "4.0",
        "x": 0,
        "y": 0
      },
      "geometry": { "type": "Point", "coordinates": [0.0, 0.0] }
    },
    {
      "type": "Feature",
      "properties": {
        "p1": 40825000062,
        "p59a": "1.0",
        "p59b": "7.0",
        "p59c": "1.0",
        "p59d": "31",
        "p59e": "10.0",
        "p59f": "5.0",
        "p59g": "3.0",
        "x": 0,
        "y": 0
      },
      "geometry": { "type": "Point", "coordinates": [0.0, 0.0] }
    },
    {
      "type": "Feature",
      "properties": {
        "p1": 40825000063,
        "p59a": "1.0",
        "p59b": "3.0",
        "p59c": "1.0",
        "p59d": "59",
        "p59e": "10.0",
        "p59f": "1.0",
        "p59g": "4.0",
        "x": 0,
        "y": 0
      },
      "geometry": { "type": "Point", "coordinates": [0.0, 0.0] }
    },
    {
      "type": "Feature",
      "properties": {
        "p1": 40825000066,
        "p59a": "1.0",
        "p59b": "3.0",
        "p59c": "1.0",
        "p59d": "30",
        "p59e": "10.0",
        "p59f": "1.0",
        "p59g": "4.0",
        "x": 0,
        "y": 0
      },
      "geometry": { "type": "Point", "coordinates": [0.0, 0.0] }
    },
    {
      "type": "Feature",
      "properties": {
        "p1": 40825000069,
        "p59a": "1.0",
        "p59b": "3.0",
        "p59c": "1.0",
        "p59d": "25",
        "p59e": "10.0",
        "p59f": "1.0",
        "p59g": "4.0",
        "x": 0,
        "y": 0
      },
      "geometry": { "type": "Point", "coordinates": [0.0, 0.0] }
    },
    {
      "type": "Feature",
      "properties": {
        "p1": 40825000070,
        "p59a": "1.0",
        "p59b": "8.0",
        "p59c": "1.0",
        "p59d": "29",
        "p59e": "160.0",
        "p59f": "5.0",
        "p59g": "3.0",
        "x": 0,
        "y": 0
      },
      "geometry": { "type": "Point", "coordinates": [0.0, 0.0] }
    },
    {
      "type": "Feature",
      "properties": {
        "p1": 40825000071,
        "p59a": "1.0",
        "p59b": "3.0",
        "p59c": "1.0",
        "p59d": "20",
        "p59e": "10.0",
        "p59f": "1.0",
        "p59g": "4.0",
        "x": 0,
        "y": 0
      },
      "geometry": { "type": "Point", "coordinates": [0.0, 0.0] }
    },
    {
      "type": "Feature",
      "properties": {
        "p1": 40825000072,
        "p59a": null,
        "p59b": null,
        "p59c": null,
        "p59d": "XX",
        "p59e": null,
        "p59f": null,
        "p59g": "4.0",
        "x": 0,
        "y": 0
      },
      "geometry": { "type": "Point", "coordinates": [0.0, 0.0] }
    },
    {
      "type": "Feature",
      "properties": {
        "p1": 40825000076,
        "p59a": "1.0",
        "p59b": "3.0",
        "p59c": "1.0",
        "p59d": "50",
        "p59e": "10.0",
        "p59f": "1.0",
        "p59g": "4.0",
        "x": 0,
        "y": 0
      },
      "geometry": { "type": "Point", "coordinates": [0.0, 0.0] }
    },
    {
      "type": "Feature",
      "properties": {
        "p1": 40825000077,
        "p59a": null,
        "p59b": null,
        "p59c": null,
        "p59d": null,
        "p59e": null,
        "p59f": null,
        "p59g": "4.0",
        "x": 0,
        "y": 0
      },
      "geometry": { "type": "Point", "coordinates": [0.0, 0.0] }
    },
    {
      "type": "Feature",
      "properties": {
        "p1": 40825000079,
        "p59a": null,
        "p59b": null,
        "p59c": null,
        "p59d": "XX",
        "p59e": null,
        "p59f": null,
        "p59g": "4.0",
        "x": 0,
        "y": 0
      },
      "geometry": { "type": "Point", "coordinates": [0.0, 0.0] }
    },
    {
      "type": "Feature",
      "properties": {
        "p1": 40825000080,
        "p59a": "1.0",
        "p59b": "3.0",
        "p59c": "1.0",
        "p59d": "19",
        "p59e": "10.0",
        "p59f": "1.0",
        "p59g": "4.0",
        "x": 0,
        "y": 0
      },
      "geometry": { "type": "Point", "coordinates": [0.0, 0.0] }
    },
    {
      "type": "Feature",
      "properties": {
        "p1": 40825000086,
        "p59a": null,
        "p59b": null,
        "p59c": null,
        "p59d": "XX",
        "p59e": null,
        "p59f": null,
        "p59g": "4.0",
        "x": 0,
        "y": 0
      },
      "geometry": { "type": "Point", "coordinates": [0.0, 0.0] }
    },
    {
      "type": "Feature",
      "properties": {
        "p1": 40823000001,
        "p59a": "1.0",
        "p59b": "2.0",
        "p59c": "2.0",
        "p59d": "16",
        "p59e": "10.0",
        "p59f": "5.0",
        "p59g": "3.0",
        "x": 0,
        "y": 0
      },
      "geometry": { "type": "Point", "coordinates": [0.0, 0.0] }
    },
    {
      "type": "Feature",
      "properties": {
        "p1": 40823000002,
        "p59a": "1.0",
        "p59b": "3.0",
        "p59c": "1.0",
        "p59d": "30",
        "p59e": "10.0",
        "p59f": "1.0",
        "p59g": "4.0",
        "x": 0,
        "y": 0
      },
      "geometry": { "type": "Point", "coordinates": [0.0, 0.0] }
    },
    {
      "type": "Feature",
      "properties": {
        "p1": 40823000003,
        "p59a": null,
        "p59b": null,
        "p59c": null,
        "p59d": null,
        "p59e": null,
        "p59f": null,
        "p59g": null,
        "x": 0,
        "y": 0
      },
      "geometry": { "type": "Point", "coordinates": [0.0, 0.0] }
    },
    {
      "type": "Feature",
      "properties": {
        "p1": 40823000004,
        "p59a": null,
        "p59b": null,
        "p59c": null,
        "p59d": null,
        "p59e": null,
        "p59f": null,
        "p59g": null,
        "x": 0,
        "y": 0
      },
      "geometry": { "type": "Point", "coordinates": [0.0, 0.0] }
    },
    {
      "type": "Feature",
      "properties": {
        "p1": 40823000007,
        "p59a": null,
        "p59b": null,
        "p59c": null,
        "p59d": null,
        "p59e": null,
        "p59f": null,
        "p59g": null,
        "x": 0,
        "y": 0
      },
      "geometry": { "type": "Point", "coordinates": [0.0, 0.0] }
    },
    {
      "type": "Feature",
      "properties": {
        "p1": 40823000008,
        "p59a": null,
        "p59b": null,
        "p59c": null,
        "p59d": null,
        "p59e": null,
        "p59f": null,
        "p59g": null,
        "x": 0,
        "y": 0
      },
      "geometry": { "type": "Point", "coordinates": [0.0, 0.0] }
    },
    {
      "type": "Feature",
      "properties": {
        "p1": 40823000009,
        "p59a": null,
        "p59b": null,
        "p59c": null,
        "p59d": null,
        "p59e": null,
        "p59f": null,
        "p59g": null,
        "x": 0,
        "y": 0
      },
      "geometry": { "type": "Point", "coordinates": [0.0, 0.0] }
    },
    {
      "type": "Feature",
      "properties": {
        "p1": 40823000011,
        "p59a": null,
        "p59b": null,
        "p59c": null,
        "p59d": null,
        "p59e": null,
        "p59f": null,
        "p59g": null,
        "x": 0,
        "y": 0
      },
      "geometry": { "type": "Point", "coordinates": [0.0, 0.0] }
    },
    {
      "type": "Feature",
      "properties": {
        "p1": 40823000014,
        "p59a": "1.0",
        "p59b": "3.0",
        "p59c": "1.0",
        "p59d": "66",
        "p59e": "10.0",
        "p59f": "1.0",
        "p59g": "4.0",
        "x": 0,
        "y": 0
      },
      "geometry": { "type": "Point", "coordinates": [0.0, 0.0] }
    },
    {
      "type": "Feature",
      "properties": {
        "p1": 40823000020,
        "p59a": null,
        "p59b": null,
        "p59c": null,
        "p59d": null,
        "p59e": null,
        "p59f": null,
        "p59g": null,
        "x": 0,
        "y": 0
      },
      "geometry": { "type": "Point", "coordinates": [0.0, 0.0] }
    },
    {
      "type": "Feature",
      "properties": {
        "p1": 40823000023,
        "p59a": "1.0",
        "p59b": "3.0",
        "p59c": "2.0",
        "p59d": "26",
        "p59e": "10.0",
        "p59f": "1.0",
        "p59g": "4.0",
        "x": 0,
        "y": 0
      },
      "geometry": { "type": "Point", "coordinates": [0.0, 0.0] }
    },
    {
      "type": "Feature",
      "properties": {
        "p1": 40823000025,
        "p59a": null,
        "p59b": null,
        "p59c": null,
        "p59d": null,
        "p59e": null,
        "p59f": null,
        "p59g": null,
        "x": 0,
        "y": 0
      },
      "geometry": { "type": "Point", "coordinates": [0.0, 0.0] }
    },
    {
      "type": "Feature",
      "properties": {
        "p1": 40823000026,
        "p59a": "1.0",
        "p59b": "3.0",
        "p59c": "2.0",
        "p59d": "57",
        "p59e": "10.0",
        "p59f": "1.0",
        "p59g": "4.0",
        "x": 0,
        "y": 0
      },
      "geometry": { "type": "Point", "coordinates": [0.0, 0.0] }
    },
    {
      "type": "Feature",
      "properties": {
        "p1": 40823000028,
        "p59a": null,
        "p59b": null,
        "p59c": null,
        "p59d": null,
        "p59e": null,
        "p59f": null,
        "p59g": null,
        "x": 0,
        "y": 0
      },
      "geometry": { "type": "Point", "coordinates": [0.0, 0.0] }
    },
    {
      "type": "Feature",
      "properties": {
        "p1": 40823000034,
        "p59a": null,
        "p59b": null,
        "p59c": null,
        "p59d": null,
        "p59e": null,
        "p59f": null,
        "p59g": null,
        "x": 0,
        "y": 0
      },
      "geometry": { "type": "Point", "coordinates": [0.0, 0.0] }
    },
    {
      "type": "Feature",
      "properties": {
        "p1": 40823000035,
        "p59a": null,
        "p59b": null,
        "p59c": null,
        "p59d": null,
        "p59e": null,
        "p59f": null,
        "p59g": null,
        "x": 0,
        "y": 0
      },
      "geometry": { "type": "Point", "coordinates": [0.0, 0.0] }
    },
    {
      "type": "Feature",
      "properties": {
        "p1": 40823000036,
        "p59a": null,
        "p59b": null,
        "p59c": null,
        "p59d": null,
        "p59e": null,
        "p59f": null,
        "p59g": null,
        "x": 0,
        "y": 0
      },
      "geometry": { "type": "Point", "coordinates": [0.0, 0.0] }
    },
    {
      "type": "Feature",
      "properties": {
        "p1": 40823000039,
        "p59a": null,
        "p59b": null,
        "p59c": null,
        "p59d": null,
        "p59e": null,
        "p59f": null,
        "p59g": null,
        "x": 0,
        "y": 0
      },
      "geometry": { "type": "Point", "coordinates": [0.0, 0.0] }
    },
    {
      "type": "Feature",
      "properties": {
        "p1": 40823000040,
        "p59a": null,
        "p59b": null,
        "p59c": null,
        "p59d": null,
        "p59e": null,
        "p59f": null,
        "p59g": null,
        "x": 0,
        "y": 0
      },
      "geometry": { "type": "Point", "coordinates": [0.0, 0.0] }
    },
    {
      "type": "Feature",
      "properties": {
        "p1": 40823000046,
        "p59a": null,
        "p59b": null,
        "p59c": null,
        "p59d": null,
        "p59e": null,
        "p59f": null,
        "p59g": null,
        "x": 0,
        "y": 0
      },
      "geometry": { "type": "Point", "coordinates": [0.0, 0.0] }
    },
    {
      "type": "Feature",
      "properties": {
        "p1": 40823000054,
        "p59a": "1.0",
        "p59b": "3.0",
        "p59c": "1.0",
        "p59d": "22",
        "p59e": "180.0",
        "p59f": "1.0",
        "p59g": "4.0",
        "x": 0,
        "y": 0
      },
      "geometry": { "type": "Point", "coordinates": [0.0, 0.0] }
    },
    {
      "type": "Feature",
      "properties": {
        "p1": 40823000061,
        "p59a": null,
        "p59b": null,
        "p59c": null,
        "p59d": null,
        "p59e": null,
        "p59f": null,
        "p59g": null,
        "x": 0,
        "y": 0
      },
      "geometry": { "type": "Point", "coordinates": [0.0, 0.0] }
    },
    {
      "type": "Feature",
      "properties": {
        "p1": 40823000063,
        "p59a": null,
        "p59b": null,
        "p59c": null,
        "p59d": null,
        "p59e": null,
        "p59f": null,
        "p59g": null,
        "x": 0,
        "y": 0
      },
      "geometry": { "type": "Point", "coordinates": [0.0, 0.0] }
    },
    {
      "type": "Feature",
      "properties": {
        "p1": 40823000064,
        "p59a": null,
        "p59b": null,
        "p59c": null,
        "p59d": null,
        "p59e": null,
        "p59f": null,
        "p59g": null,
        "x": 0,
        "y": 0
      },
      "geometry": { "type": "Point", "coordinates": [0.0, 0.0] }
    },
    {
      "type": "Feature",
      "properties": {
        "p1": 40823000065,
        "p59a": "1.0",
        "p59b": "3.0",
        "p59c": "2.0",
        "p59d": "41",
        "p59e": "10.0",
        "p59f": "1.0",
        "p59g": "4.0",
        "x": 0,
        "y": 0
      },
      "geometry": { "type": "Point", "coordinates": [0.0, 0.0] }
    },
    {
      "type": "Feature",
      "properties": {
        "p1": 40823000066,
        "p59a": "1.0",
        "p59b": "3.0",
        "p59c": "1.0",
        "p59d": "59",
        "p59e": "10.0",
        "p59f": "1.0",
        "p59g": "4.0",
        "x": 0,
        "y": 0
      },
      "geometry": { "type": "Point", "coordinates": [0.0, 0.0] }
    },
    {
      "type": "Feature",
      "properties": {
        "p1": 40823000072,
        "p59a": null,
        "p59b": null,
        "p59c": null,
        "p59d": null,
        "p59e": null,
        "p59f": null,
        "p59g": null,
        "x": 0,
        "y": 0
      },
      "geometry": { "type": "Point", "coordinates": [0.0, 0.0] }
    },
    {
      "type": "Feature",
      "properties": {
        "p1": 40823000073,
        "p59a": null,
        "p59b": null,
        "p59c": null,
        "p59d": null,
        "p59e": null,
        "p59f": null,
        "p59g": null,
        "x": 0,
        "y": 0
      },
      "geometry": { "type": "Point", "coordinates": [0.0, 0.0] }
    },
    {
      "type": "Feature",
      "properties": {
        "p1": 40823000075,
        "p59a": null,
        "p59b": null,
        "p59c": null,
        "p59d": null,
        "p59e": null,
        "p59f": null,
        "p59g": null,
        "x": 0,
        "y": 0
      },
      "geometry": { "type": "Point", "coordinates": [0.0, 0.0] }
    },
    {
      "type": "Feature",
      "properties": {
        "p1": 40823000076,
        "p59a": "1.0",
        "p59b": "3.0",
        "p59c": "1.0",
        "p59d": "56",
        "p59e": "10.0",
        "p59f": "1.0",
        "p59g": "4.0",
        "x": 0,
        "y": 0
      },
      "geometry": { "type": "Point", "coordinates": [0.0, 0.0] }
    },
    {
      "type": "Feature",
      "properties": {
        "p1": 40823000077,
        "p59a": "1.0",
        "p59b": "3.0",
        "p59c": "2.0",
        "p59d": "22",
        "p59e": "10.0",
        "p59f": "1.0",
        "p59g": "4.0",
        "x": 0,
        "y": 0
      },
      "geometry": { "type": "Point", "coordinates": [0.0, 0.0] }
    },
    {
      "type": "Feature",
      "properties": {
        "p1": 40823000079,
        "p59a": null,
        "p59b": null,
        "p59c": null,
        "p59d": null,
        "p59e": null,
        "p59f": null,
        "p59g": null,
        "x": 0,
        "y": 0
      },
      "geometry": { "type": "Point", "coordinates": [0.0, 0.0] }
    },
    {
      "type": "Feature",
      "properties": {
        "p1": 40823000081,
        "p59a": null,
        "p59b": null,
        "p59c": null,
        "p59d": null,
        "p59e": null,
        "p59f": null,
        "p59g": null,
        "x": 0,
        "y": 0
      },
      "geometry": { "type": "Point", "coordinates": [0.0, 0.0] }
    },
    {
      "type": "Feature",
      "properties": {
        "p1": 40823000088,
        "p59a": "1.0",
        "p59b": "1.0",
        "p59c": "1.0",
        "p59d": "45",
        "p59e": "10.0",
        "p59f": "5.0",
        "p59g": "3.0",
        "x": 0,
        "y": 0
      },
      "geometry": { "type": "Point", "coordinates": [0.0, 0.0] }
    },
    {
      "type": "Feature",
      "properties": {
        "p1": 40823000098,
        "p59a": null,
        "p59b": null,
        "p59c": null,
        "p59d": null,
        "p59e": null,
        "p59f": null,
        "p59g": null,
        "x": 0,
        "y": 0
      },
      "geometry": { "type": "Point", "coordinates": [0.0, 0.0] }
    },
    {
      "type": "Feature",
      "properties": {
        "p1": 40823000099,
        "p59a": "1.0",
        "p59b": "7.0",
        "p59c": "2.0",
        "p59d": "47",
        "p59e": "10.0",
        "p59f": "5.0",
        "p59g": "3.0",
        "x": 0,
        "y": 0
      },
      "geometry": { "type": "Point", "coordinates": [0.0, 0.0] }
    },
    {
      "type": "Feature",
      "properties": {
        "p1": 40823000103,
        "p59a": "1.0",
        "p59b": "3.0",
        "p59c": "1.0",
        "p59d": "43",
        "p59e": "10.0",
        "p59f": "1.0",
        "p59g": "4.0",
        "x": 0,
        "y": 0
      },
      "geometry": { "type": "Point", "coordinates": [0.0, 0.0] }
    },
    {
      "type": "Feature",
      "properties": {
        "p1": 40823000104,
        "p59a": null,
        "p59b": null,
        "p59c": null,
        "p59d": null,
        "p59e": null,
        "p59f": null,
        "p59g": null,
        "x": 0,
        "y": 0
      },
      "geometry": { "type": "Point", "coordinates": [0.0, 0.0] }
    },
    {
      "type": "Feature",
      "properties": {
        "p1": 40823000106,
        "p59a": null,
        "p59b": null,
        "p59c": null,
        "p59d": null,
        "p59e": null,
        "p59f": null,
        "p59g": null,
        "x": 0,
        "y": 0
      },
      "geometry": { "type": "Point", "coordinates": [0.0, 0.0] }
    },
    {
      "type": "Feature",
      "properties": {
        "p1": 40823000111,
        "p59a": null,
        "p59b": null,
        "p59c": null,
        "p59d": null,
        "p59e": null,
        "p59f": null,
        "p59g": "4.0",
        "x": 0,
        "y": 0
      },
      "geometry": { "type": "Point", "coordinates": [0.0, 0.0] }
    },
    {
      "type": "Feature",
      "properties": {
        "p1": 40823000115,
        "p59a": null,
        "p59b": null,
        "p59c": null,
        "p59d": null,
        "p59e": null,
        "p59f": null,
        "p59g": "4.0",
        "x": 0,
        "y": 0
      },
      "geometry": { "type": "Point", "coordinates": [0.0, 0.0] }
    },
    {
      "type": "Feature",
      "properties": {
        "p1": 40823000117,
        "p59a": null,
        "p59b": null,
        "p59c": null,
        "p59d": null,
        "p59e": null,
        "p59f": null,
        "p59g": null,
        "x": 0,
        "y": 0
      },
      "geometry": { "type": "Point", "coordinates": [0.0, 0.0] }
    },
    {
      "type": "Feature",
      "properties": {
        "p1": 40823000118,
        "p59a": "1.0",
        "p59b": "3.0",
        "p59c": "2.0",
        "p59d": "91",
        "p59e": "10.0",
        "p59f": "1.0",
        "p59g": "4.0",
        "x": 0,
        "y": 0
      },
      "geometry": { "type": "Point", "coordinates": [0.0, 0.0] }
    },
    {
      "type": "Feature",
      "properties": {
        "p1": 40823000119,
        "p59a": "1.0",
        "p59b": "3.0",
        "p59c": "1.0",
        "p59d": "56",
        "p59e": "10.0",
        "p59f": "1.0",
        "p59g": "4.0",
        "x": 0,
        "y": 0
      },
      "geometry": { "type": "Point", "coordinates": [0.0, 0.0] }
    },
    {
      "type": "Feature",
      "properties": {
        "p1": 40823000123,
        "p59a": null,
        "p59b": null,
        "p59c": null,
        "p59d": null,
        "p59e": null,
        "p59f": null,
        "p59g": null,
        "x": 0,
        "y": 0
      },
      "geometry": { "type": "Point", "coordinates": [0.0, 0.0] }
    },
    {
      "type": "Feature",
      "properties": {
        "p1": 40823000129,
        "p59a": null,
        "p59b": null,
        "p59c": null,
        "p59d": null,
        "p59e": null,
        "p59f": null,
        "p59g": null,
        "x": 0,
        "y": 0
      },
      "geometry": { "type": "Point", "coordinates": [0.0, 0.0] }
    },
    {
      "type": "Feature",
      "properties": {
        "p1": 40823000130,
        "p59a": "1.0",
        "p59b": "3.0",
        "p59c": "1.0",
        "p59d": "29",
        "p59e": "10.0",
        "p59f": "1.0",
        "p59g": "4.0",
        "x": 0,
        "y": 0
      },
      "geometry": { "type": "Point", "coordinates": [0.0, 0.0] }
    },
    {
      "type": "Feature",
      "properties": {
        "p1": 40823000132,
        "p59a": null,
        "p59b": null,
        "p59c": null,
        "p59d": null,
        "p59e": null,
        "p59f": null,
        "p59g": null,
        "x": 0,
        "y": 0
      },
      "geometry": { "type": "Point", "coordinates": [0.0, 0.0] }
    },
    {
      "type": "Feature",
      "properties": {
        "p1": 40823000137,
        "p59a": null,
        "p59b": null,
        "p59c": null,
        "p59d": null,
        "p59e": null,
        "p59f": null,
        "p59g": null,
        "x": 0,
        "y": 0
      },
      "geometry": { "type": "Point", "coordinates": [0.0, 0.0] }
    },
    {
      "type": "Feature",
      "properties": {
        "p1": 40823000139,
        "p59a": "1.0",
        "p59b": "3.0",
        "p59c": "1.0",
        "p59d": "30",
        "p59e": "10.0",
        "p59f": "1.0",
        "p59g": "4.0",
        "x": 0,
        "y": 0
      },
      "geometry": { "type": "Point", "coordinates": [0.0, 0.0] }
    },
    {
      "type": "Feature",
      "properties": {
        "p1": 40823000140,
        "p59a": "1.0",
        "p59b": "3.0",
        "p59c": "2.0",
        "p59d": "37",
        "p59e": "10.0",
        "p59f": "1.0",
        "p59g": "4.0",
        "x": 0,
        "y": 0
      },
      "geometry": { "type": "Point", "coordinates": [0.0, 0.0] }
    },
    {
      "type": "Feature",
      "properties": {
        "p1": 40823000142,
        "p59a": null,
        "p59b": null,
        "p59c": null,
        "p59d": null,
        "p59e": null,
        "p59f": null,
        "p59g": "4.0",
        "x": 0,
        "y": 0
      },
      "geometry": { "type": "Point", "coordinates": [0.0, 0.0] }
    },
    {
      "type": "Feature",
      "properties": {
        "p1": 40823000145,
        "p59a": null,
        "p59b": null,
        "p59c": null,
        "p59d": null,
        "p59e": null,
        "p59f": null,
        "p59g": null,
        "x": 0,
        "y": 0
      },
      "geometry": { "type": "Point", "coordinates": [0.0, 0.0] }
    },
    {
      "type": "Feature",
      "properties": {
        "p1": 40823000146,
        "p59a": "1.0",
        "p59b": "3.0",
        "p59c": "1.0",
        "p59d": "67",
        "p59e": "10.0",
        "p59f": "1.0",
        "p59g": "4.0",
        "x": 0,
        "y": 0
      },
      "geometry": { "type": "Point", "coordinates": [0.0, 0.0] }
    },
    {
      "type": "Feature",
      "properties": {
        "p1": 40823000155,
        "p59a": "1.0",
        "p59b": "3.0",
        "p59c": "1.0",
        "p59d": "24",
        "p59e": "10.0",
        "p59f": "1.0",
        "p59g": "4.0",
        "x": 0,
        "y": 0
      },
      "geometry": { "type": "Point", "coordinates": [0.0, 0.0] }
    },
    {
      "type": "Feature",
      "properties": {
        "p1": 40823000157,
        "p59a": null,
        "p59b": null,
        "p59c": null,
        "p59d": null,
        "p59e": null,
        "p59f": null,
        "p59g": null,
        "x": 0,
        "y": 0
      },
      "geometry": { "type": "Point", "coordinates": [0.0, 0.0] }
    },
    {
      "type": "Feature",
      "properties": {
        "p1": 40823000158,
        "p59a": null,
        "p59b": null,
        "p59c": null,
        "p59d": null,
        "p59e": null,
        "p59f": null,
        "p59g": null,
        "x": 0,
        "y": 0
      },
      "geometry": { "type": "Point", "coordinates": [0.0, 0.0] }
    },
    {
      "type": "Feature",
      "properties": {
        "p1": 40823000160,
        "p59a": "1.0",
        "p59b": "3.0",
        "p59c": "1.0",
        "p59d": "51",
        "p59e": "10.0",
        "p59f": "1.0",
        "p59g": "4.0",
        "x": 0,
        "y": 0
      },
      "geometry": { "type": "Point", "coordinates": [0.0, 0.0] }
    },
    {
      "type": "Feature",
      "properties": {
        "p1": 40823000164,
        "p59a": "1.0",
        "p59b": "3.0",
        "p59c": "1.0",
        "p59d": "67",
        "p59e": "10.0",
        "p59f": "1.0",
        "p59g": "4.0",
        "x": 0,
        "y": 0
      },
      "geometry": { "type": "Point", "coordinates": [0.0, 0.0] }
    },
    {
      "type": "Feature",
      "properties": {
        "p1": 40823000165,
        "p59a": null,
        "p59b": null,
        "p59c": null,
        "p59d": null,
        "p59e": null,
        "p59f": null,
        "p59g": null,
        "x": 0,
        "y": 0
      },
      "geometry": { "type": "Point", "coordinates": [0.0, 0.0] }
    },
    {
      "type": "Feature",
      "properties": {
        "p1": 40823000171,
        "p59a": null,
        "p59b": null,
        "p59c": null,
        "p59d": null,
        "p59e": null,
        "p59f": null,
        "p59g": "4.0",
        "x": 0,
        "y": 0
      },
      "geometry": { "type": "Point", "coordinates": [0.0, 0.0] }
    },
    {
      "type": "Feature",
      "properties": {
        "p1": 40823000177,
        "p59a": null,
        "p59b": null,
        "p59c": null,
        "p59d": null,
        "p59e": null,
        "p59f": null,
        "p59g": "4.0",
        "x": 0,
        "y": 0
      },
      "geometry": { "type": "Point", "coordinates": [0.0, 0.0] }
    },
    {
      "type": "Feature",
      "properties": {
        "p1": 40823000182,
        "p59a": "1.0",
        "p59b": "3.0",
        "p59c": "1.0",
        "p59d": "19",
        "p59e": "10.0",
        "p59f": "1.0",
        "p59g": "4.0",
        "x": 0,
        "y": 0
      },
      "geometry": { "type": "Point", "coordinates": [0.0, 0.0] }
    },
    {
      "type": "Feature",
      "properties": {
        "p1": 40823000190,
        "p59a": "1.0",
        "p59b": "3.0",
        "p59c": "1.0",
        "p59d": "35",
        "p59e": "10.0",
        "p59f": "1.0",
        "p59g": "4.0",
        "x": 0,
        "y": 0
      },
      "geometry": { "type": "Point", "coordinates": [0.0, 0.0] }
    },
    {
      "type": "Feature",
      "properties": {
        "p1": 40823000197,
        "p59a": "1.0",
        "p59b": "3.0",
        "p59c": "1.0",
        "p59d": "32",
        "p59e": "10.0",
        "p59f": "1.0",
        "p59g": "4.0",
        "x": 0,
        "y": 0
      },
      "geometry": { "type": "Point", "coordinates": [0.0, 0.0] }
    },
    {
      "type": "Feature",
      "properties": {
        "p1": 40823000209,
        "p59a": "1.0",
        "p59b": "3.0",
        "p59c": "1.0",
        "p59d": "38",
        "p59e": "10.0",
        "p59f": "1.0",
        "p59g": "4.0",
        "x": 0,
        "y": 0
      },
      "geometry": { "type": "Point", "coordinates": [0.0, 0.0] }
    },
    {
      "type": "Feature",
      "properties": {
        "p1": 40823000216,
        "p59a": "1.0",
        "p59b": "3.0",
        "p59c": "2.0",
        "p59d": "78",
        "p59e": "10.0",
        "p59f": "1.0",
        "p59g": "4.0",
        "x": 0,
        "y": 0
      },
      "geometry": { "type": "Point", "coordinates": [0.0, 0.0] }
    },
    {
      "type": "Feature",
      "properties": {
        "p1": 40823000217,
        "p59a": null,
        "p59b": null,
        "p59c": null,
        "p59d": null,
        "p59e": null,
        "p59f": null,
        "p59g": null,
        "x": 0,
        "y": 0
      },
      "geometry": { "type": "Point", "coordinates": [0.0, 0.0] }
    },
    {
      "type": "Feature",
      "properties": {
        "p1": 40823000218,
        "p59a": "1.0",
        "p59b": "3.0",
        "p59c": "1.0",
        "p59d": "32",
        "p59e": "10.0",
        "p59f": "1.0",
        "p59g": "4.0",
        "x": 0,
        "y": 0
      },
      "geometry": { "type": "Point", "coordinates": [0.0, 0.0] }
    },
    {
      "type": "Feature",
      "properties": {
        "p1": 40823000219,
        "p59a": "1.0",
        "p59b": "3.0",
        "p59c": "1.0",
        "p59d": "18",
        "p59e": "10.0",
        "p59f": "1.0",
        "p59g": "4.0",
        "x": 0,
        "y": 0
      },
      "geometry": { "type": "Point", "coordinates": [0.0, 0.0] }
    },
    {
      "type": "Feature",
      "properties": {
        "p1": 40823000227,
        "p59a": "1.0",
        "p59b": "7.0",
        "p59c": "1.0",
        "p59d": "23",
        "p59e": "10.0",
        "p59f": "1.0",
        "p59g": "4.0",
        "x": 0,
        "y": 0
      },
      "geometry": { "type": "Point", "coordinates": [0.0, 0.0] }
    },
    {
      "type": "Feature",
      "properties": {
        "p1": 40823000233,
        "p59a": null,
        "p59b": null,
        "p59c": null,
        "p59d": null,
        "p59e": null,
        "p59f": null,
        "p59g": null,
        "x": 0,
        "y": 0
      },
      "geometry": { "type": "Point", "coordinates": [0.0, 0.0] }
    },
    {
      "type": "Feature",
      "properties": {
        "p1": 40823000236,
        "p59a": null,
        "p59b": null,
        "p59c": null,
        "p59d": null,
        "p59e": null,
        "p59f": null,
        "p59g": null,
        "x": 0,
        "y": 0
      },
      "geometry": { "type": "Point", "coordinates": [0.0, 0.0] }
    },
    {
      "type": "Feature",
      "properties": {
        "p1": 40823000240,
        "p59a": null,
        "p59b": null,
        "p59c": null,
        "p59d": null,
        "p59e": null,
        "p59f": null,
        "p59g": null,
        "x": 0,
        "y": 0
      },
      "geometry": { "type": "Point", "coordinates": [0.0, 0.0] }
    },
    {
      "type": "Feature",
      "properties": {
        "p1": 40823000242,
        "p59a": null,
        "p59b": null,
        "p59c": null,
        "p59d": null,
        "p59e": null,
        "p59f": null,
        "p59g": null,
        "x": 0,
        "y": 0
      },
      "geometry": { "type": "Point", "coordinates": [0.0, 0.0] }
    },
    {
      "type": "Feature",
      "properties": {
        "p1": 40823000243,
        "p59a": null,
        "p59b": null,
        "p59c": null,
        "p59d": null,
        "p59e": null,
        "p59f": null,
        "p59g": null,
        "x": 0,
        "y": 0
      },
      "geometry": { "type": "Point", "coordinates": [0.0, 0.0] }
    },
    {
      "type": "Feature",
      "properties": {
        "p1": 40823000245,
        "p59a": null,
        "p59b": null,
        "p59c": null,
        "p59d": null,
        "p59e": null,
        "p59f": null,
        "p59g": null,
        "x": 0,
        "y": 0
      },
      "geometry": { "type": "Point", "coordinates": [0.0, 0.0] }
    },
    {
      "type": "Feature",
      "properties": {
        "p1": 40823000248,
        "p59a": "1.0",
        "p59b": "3.0",
        "p59c": "2.0",
        "p59d": "18",
        "p59e": "10.0",
        "p59f": "1.0",
        "p59g": "4.0",
        "x": 0,
        "y": 0
      },
      "geometry": { "type": "Point", "coordinates": [0.0, 0.0] }
    },
    {
      "type": "Feature",
      "properties": {
        "p1": 40823000252,
        "p59a": null,
        "p59b": null,
        "p59c": null,
        "p59d": null,
        "p59e": null,
        "p59f": null,
        "p59g": null,
        "x": 0,
        "y": 0
      },
      "geometry": { "type": "Point", "coordinates": [0.0, 0.0] }
    },
    {
      "type": "Feature",
      "properties": {
        "p1": 40823000256,
        "p59a": "1.0",
        "p59b": "3.0",
        "p59c": "1.0",
        "p59d": "36",
        "p59e": "10.0",
        "p59f": "1.0",
        "p59g": "4.0",
        "x": 0,
        "y": 0
      },
      "geometry": { "type": "Point", "coordinates": [0.0, 0.0] }
    },
    {
      "type": "Feature",
      "properties": {
        "p1": 40823000257,
        "p59a": "1.0",
        "p59b": "3.0",
        "p59c": "1.0",
        "p59d": "40",
        "p59e": "10.0",
        "p59f": "1.0",
        "p59g": "4.0",
        "x": 0,
        "y": 0
      },
      "geometry": { "type": "Point", "coordinates": [0.0, 0.0] }
    },
    {
      "type": "Feature",
      "properties": {
        "p1": 40823000259,
        "p59a": null,
        "p59b": null,
        "p59c": null,
        "p59d": null,
        "p59e": null,
        "p59f": null,
        "p59g": null,
        "x": 0,
        "y": 0
      },
      "geometry": { "type": "Point", "coordinates": [0.0, 0.0] }
    },
    {
      "type": "Feature",
      "properties": {
        "p1": 40823000262,
        "p59a": null,
        "p59b": null,
        "p59c": null,
        "p59d": null,
        "p59e": null,
        "p59f": null,
        "p59g": null,
        "x": 0,
        "y": 0
      },
      "geometry": { "type": "Point", "coordinates": [0.0, 0.0] }
    },
    {
      "type": "Feature",
      "properties": {
        "p1": 40823000271,
        "p59a": null,
        "p59b": null,
        "p59c": null,
        "p59d": null,
        "p59e": null,
        "p59f": null,
        "p59g": null,
        "x": 0,
        "y": 0
      },
      "geometry": { "type": "Point", "coordinates": [0.0, 0.0] }
    },
    {
      "type": "Feature",
      "properties": {
        "p1": 40823000272,
        "p59a": "1.0",
        "p59b": "3.0",
        "p59c": "1.0",
        "p59d": "31",
        "p59e": "10.0",
        "p59f": "1.0",
        "p59g": "4.0",
        "x": 0,
        "y": 0
      },
      "geometry": { "type": "Point", "coordinates": [0.0, 0.0] }
    },
    {
      "type": "Feature",
      "properties": {
        "p1": 40823000273,
        "p59a": "1.0",
        "p59b": "3.0",
        "p59c": "1.0",
        "p59d": "32",
        "p59e": "10.0",
        "p59f": "1.0",
        "p59g": "4.0",
        "x": 0,
        "y": 0
      },
      "geometry": { "type": "Point", "coordinates": [0.0, 0.0] }
    },
    {
      "type": "Feature",
      "properties": {
        "p1": 40823000275,
        "p59a": "1.0",
        "p59b": "3.0",
        "p59c": "1.0",
        "p59d": "47",
        "p59e": "10.0",
        "p59f": "1.0",
        "p59g": "4.0",
        "x": 0,
        "y": 0
      },
      "geometry": { "type": "Point", "coordinates": [0.0, 0.0] }
    },
    {
      "type": "Feature",
      "properties": {
        "p1": 40823000277,
        "p59a": null,
        "p59b": null,
        "p59c": null,
        "p59d": null,
        "p59e": null,
        "p59f": null,
        "p59g": null,
        "x": 0,
        "y": 0
      },
      "geometry": { "type": "Point", "coordinates": [0.0, 0.0] }
    },
    {
      "type": "Feature",
      "properties": {
        "p1": 40823000278,
        "p59a": "1.0",
        "p59b": "2.0",
        "p59c": "1.0",
        "p59d": "42",
        "p59e": "10.0",
        "p59f": "5.0",
        "p59g": "3.0",
        "x": 0,
        "y": 0
      },
      "geometry": { "type": "Point", "coordinates": [0.0, 0.0] }
    },
    {
      "type": "Feature",
      "properties": {
        "p1": 40823000280,
        "p59a": null,
        "p59b": null,
        "p59c": null,
        "p59d": null,
        "p59e": null,
        "p59f": null,
        "p59g": null,
        "x": 0,
        "y": 0
      },
      "geometry": { "type": "Point", "coordinates": [0.0, 0.0] }
    },
    {
      "type": "Feature",
      "properties": {
        "p1": 40823000282,
        "p59a": "1.0",
        "p59b": "3.0",
        "p59c": "1.0",
        "p59d": "52",
        "p59e": "413.0",
        "p59f": "1.0",
        "p59g": "4.0",
        "x": 0,
        "y": 0
      },
      "geometry": { "type": "Point", "coordinates": [0.0, 0.0] }
    },
    {
      "type": "Feature",
      "properties": {
        "p1": 40823000284,
        "p59a": "1.0",
        "p59b": "3.0",
        "p59c": "2.0",
        "p59d": "47",
        "p59e": "10.0",
        "p59f": "1.0",
        "p59g": "4.0",
        "x": 0,
        "y": 0
      },
      "geometry": { "type": "Point", "coordinates": [0.0, 0.0] }
    },
    {
      "type": "Feature",
      "properties": {
        "p1": 40823000285,
        "p59a": null,
        "p59b": null,
        "p59c": null,
        "p59d": null,
        "p59e": null,
        "p59f": null,
        "p59g": null,
        "x": 0,
        "y": 0
      },
      "geometry": { "type": "Point", "coordinates": [0.0, 0.0] }
    },
    {
      "type": "Feature",
      "properties": {
        "p1": 40823000286,
        "p59a": "1.0",
        "p59b": "3.0",
        "p59c": "1.0",
        "p59d": "55",
        "p59e": "104.0",
        "p59f": "1.0",
        "p59g": "4.0",
        "x": 0,
        "y": 0
      },
      "geometry": { "type": "Point", "coordinates": [0.0, 0.0] }
    },
    {
      "type": "Feature",
      "properties": {
        "p1": 40823000287,
        "p59a": "1.0",
        "p59b": "3.0",
        "p59c": "1.0",
        "p59d": "66",
        "p59e": "10.0",
        "p59f": "1.0",
        "p59g": "4.0",
        "x": 0,
        "y": 0
      },
      "geometry": { "type": "Point", "coordinates": [0.0, 0.0] }
    },
    {
      "type": "Feature",
      "properties": {
        "p1": 40823000288,
        "p59a": "1.0",
        "p59b": "3.0",
        "p59c": "1.0",
        "p59d": "72",
        "p59e": "10.0",
        "p59f": "1.0",
        "p59g": "4.0",
        "x": 0,
        "y": 0
      },
      "geometry": { "type": "Point", "coordinates": [0.0, 0.0] }
    },
    {
      "type": "Feature",
      "properties": {
        "p1": 40823000298,
        "p59a": null,
        "p59b": null,
        "p59c": null,
        "p59d": null,
        "p59e": null,
        "p59f": null,
        "p59g": null,
        "x": 0,
        "y": 0
      },
      "geometry": { "type": "Point", "coordinates": [0.0, 0.0] }
    },
    {
      "type": "Feature",
      "properties": {
        "p1": 40823000305,
        "p59a": "1.0",
        "p59b": "3.0",
        "p59c": "2.0",
        "p59d": "42",
        "p59e": "10.0",
        "p59f": "1.0",
        "p59g": "4.0",
        "x": 0,
        "y": 0
      },
      "geometry": { "type": "Point", "coordinates": [0.0, 0.0] }
    },
    {
      "type": "Feature",
      "properties": {
        "p1": 40823000309,
        "p59a": null,
        "p59b": null,
        "p59c": null,
        "p59d": null,
        "p59e": null,
        "p59f": null,
        "p59g": null,
        "x": 0,
        "y": 0
      },
      "geometry": { "type": "Point", "coordinates": [0.0, 0.0] }
    },
    {
      "type": "Feature",
      "properties": {
        "p1": 40823000312,
        "p59a": "1.0",
        "p59b": "7.0",
        "p59c": "2.0",
        "p59d": "45",
        "p59e": "10.0",
        "p59f": "1.0",
        "p59g": "4.0",
        "x": 0,
        "y": 0
      },
      "geometry": { "type": "Point", "coordinates": [0.0, 0.0] }
    },
    {
      "type": "Feature",
      "properties": {
        "p1": 40823000313,
        "p59a": null,
        "p59b": null,
        "p59c": null,
        "p59d": null,
        "p59e": null,
        "p59f": null,
        "p59g": null,
        "x": 0,
        "y": 0
      },
      "geometry": { "type": "Point", "coordinates": [0.0, 0.0] }
    },
    {
      "type": "Feature",
      "properties": {
        "p1": 40823000316,
        "p59a": null,
        "p59b": null,
        "p59c": null,
        "p59d": null,
        "p59e": null,
        "p59f": null,
        "p59g": null,
        "x": 0,
        "y": 0
      },
      "geometry": { "type": "Point", "coordinates": [0.0, 0.0] }
    },
    {
      "type": "Feature",
      "properties": {
        "p1": 40823000322,
        "p59a": "1.0",
        "p59b": "3.0",
        "p59c": "1.0",
        "p59d": "23",
        "p59e": "10.0",
        "p59f": "1.0",
        "p59g": "4.0",
        "x": 0,
        "y": 0
      },
      "geometry": { "type": "Point", "coordinates": [0.0, 0.0] }
    },
    {
      "type": "Feature",
      "properties": {
        "p1": 40823000328,
        "p59a": "1.0",
        "p59b": "3.0",
        "p59c": "1.0",
        "p59d": "63",
        "p59e": "10.0",
        "p59f": "1.0",
        "p59g": "4.0",
        "x": 0,
        "y": 0
      },
      "geometry": { "type": "Point", "coordinates": [0.0, 0.0] }
    },
    {
      "type": "Feature",
      "properties": {
        "p1": 40823000331,
        "p59a": "1.0",
        "p59b": "3.0",
        "p59c": "1.0",
        "p59d": "59",
        "p59e": "10.0",
        "p59f": "1.0",
        "p59g": "4.0",
        "x": 0,
        "y": 0
      },
      "geometry": { "type": "Point", "coordinates": [0.0, 0.0] }
    },
    {
      "type": "Feature",
      "properties": {
        "p1": 40823000339,
        "p59a": null,
        "p59b": null,
        "p59c": null,
        "p59d": null,
        "p59e": null,
        "p59f": null,
        "p59g": null,
        "x": 0,
        "y": 0
      },
      "geometry": { "type": "Point", "coordinates": [0.0, 0.0] }
    },
    {
      "type": "Feature",
      "properties": {
        "p1": 40823000340,
        "p59a": "1.0",
        "p59b": "3.0",
        "p59c": "1.0",
        "p59d": "44",
        "p59e": "50.0",
        "p59f": "1.0",
        "p59g": "4.0",
        "x": 0,
        "y": 0
      },
      "geometry": { "type": "Point", "coordinates": [0.0, 0.0] }
    },
    {
      "type": "Feature",
      "properties": {
        "p1": 40823000344,
        "p59a": "1.0",
        "p59b": "3.0",
        "p59c": "2.0",
        "p59d": "41",
        "p59e": "10.0",
        "p59f": "1.0",
        "p59g": "4.0",
        "x": 0,
        "y": 0
      },
      "geometry": { "type": "Point", "coordinates": [0.0, 0.0] }
    },
    {
      "type": "Feature",
      "properties": {
        "p1": 40823000345,
        "p59a": "1.0",
        "p59b": "3.0",
        "p59c": "2.0",
        "p59d": "24",
        "p59e": "10.0",
        "p59f": "1.0",
        "p59g": "4.0",
        "x": 0,
        "y": 0
      },
      "geometry": { "type": "Point", "coordinates": [0.0, 0.0] }
    },
    {
      "type": "Feature",
      "properties": {
        "p1": 40823000348,
        "p59a": null,
        "p59b": null,
        "p59c": null,
        "p59d": null,
        "p59e": null,
        "p59f": null,
        "p59g": null,
        "x": 0,
        "y": 0
      },
      "geometry": { "type": "Point", "coordinates": [0.0, 0.0] }
    },
    {
      "type": "Feature",
      "properties": {
        "p1": 40823000350,
        "p59a": null,
        "p59b": null,
        "p59c": null,
        "p59d": null,
        "p59e": null,
        "p59f": null,
        "p59g": "4.0",
        "x": 0,
        "y": 0
      },
      "geometry": { "type": "Point", "coordinates": [0.0, 0.0] }
    },
    {
      "type": "Feature",
      "properties": {
        "p1": 40823000351,
        "p59a": null,
        "p59b": null,
        "p59c": null,
        "p59d": null,
        "p59e": null,
        "p59f": null,
        "p59g": null,
        "x": 0,
        "y": 0
      },
      "geometry": { "type": "Point", "coordinates": [0.0, 0.0] }
    },
    {
      "type": "Feature",
      "properties": {
        "p1": 40823000359,
        "p59a": "1.0",
        "p59b": "3.0",
        "p59c": "1.0",
        "p59d": "41",
        "p59e": "10.0",
        "p59f": "1.0",
        "p59g": "4.0",
        "x": 0,
        "y": 0
      },
      "geometry": { "type": "Point", "coordinates": [0.0, 0.0] }
    },
    {
      "type": "Feature",
      "properties": {
        "p1": 40823000360,
        "p59a": "1.0",
        "p59b": "3.0",
        "p59c": "1.0",
        "p59d": "22",
        "p59e": "10.0",
        "p59f": "1.0",
        "p59g": "4.0",
        "x": 0,
        "y": 0
      },
      "geometry": { "type": "Point", "coordinates": [0.0, 0.0] }
    },
    {
      "type": "Feature",
      "properties": {
        "p1": 40823000363,
        "p59a": "1.0",
        "p59b": "3.0",
        "p59c": "1.0",
        "p59d": "23",
        "p59e": "10.0",
        "p59f": "1.0",
        "p59g": "4.0",
        "x": 0,
        "y": 0
      },
      "geometry": { "type": "Point", "coordinates": [0.0, 0.0] }
    },
    {
      "type": "Feature",
      "properties": {
        "p1": 40823000365,
        "p59a": "1.0",
        "p59b": "7.0",
        "p59c": "1.0",
        "p59d": "60",
        "p59e": "10.0",
        "p59f": "6.0",
        "p59g": "3.0",
        "x": 0,
        "y": 0
      },
      "geometry": { "type": "Point", "coordinates": [0.0, 0.0] }
    },
    {
      "type": "Feature",
      "properties": {
        "p1": 40823000366,
        "p59a": null,
        "p59b": null,
        "p59c": null,
        "p59d": null,
        "p59e": null,
        "p59f": null,
        "p59g": null,
        "x": 0,
        "y": 0
      },
      "geometry": { "type": "Point", "coordinates": [0.0, 0.0] }
    },
    {
      "type": "Feature",
      "properties": {
        "p1": 40823000369,
        "p59a": null,
        "p59b": null,
        "p59c": null,
        "p59d": null,
        "p59e": null,
        "p59f": null,
        "p59g": null,
        "x": 0,
        "y": 0
      },
      "geometry": { "type": "Point", "coordinates": [0.0, 0.0] }
    },
    {
      "type": "Feature",
      "properties": {
        "p1": 40823000371,
        "p59a": "1.0",
        "p59b": "3.0",
        "p59c": "2.0",
        "p59d": "60",
        "p59e": "10.0",
        "p59f": "1.0",
        "p59g": "4.0",
        "x": 0,
        "y": 0
      },
      "geometry": { "type": "Point", "coordinates": [0.0, 0.0] }
    },
    {
      "type": "Feature",
      "properties": {
        "p1": 40823000373,
        "p59a": "1.0",
        "p59b": "3.0",
        "p59c": "2.0",
        "p59d": "41",
        "p59e": "10.0",
        "p59f": "1.0",
        "p59g": "4.0",
        "x": 0,
        "y": 0
      },
      "geometry": { "type": "Point", "coordinates": [0.0, 0.0] }
    },
    {
      "type": "Feature",
      "properties": {
        "p1": 40823000378,
        "p59a": null,
        "p59b": null,
        "p59c": null,
        "p59d": null,
        "p59e": null,
        "p59f": null,
        "p59g": null,
        "x": 0,
        "y": 0
      },
      "geometry": { "type": "Point", "coordinates": [0.0, 0.0] }
    },
    {
      "type": "Feature",
      "properties": {
        "p1": 40823000379,
        "p59a": null,
        "p59b": null,
        "p59c": null,
        "p59d": null,
        "p59e": null,
        "p59f": null,
        "p59g": null,
        "x": 0,
        "y": 0
      },
      "geometry": { "type": "Point", "coordinates": [0.0, 0.0] }
    },
    {
      "type": "Feature",
      "properties": {
        "p1": 40823000382,
        "p59a": null,
        "p59b": null,
        "p59c": null,
        "p59d": null,
        "p59e": null,
        "p59f": null,
        "p59g": null,
        "x": 0,
        "y": 0
      },
      "geometry": { "type": "Point", "coordinates": [0.0, 0.0] }
    },
    {
      "type": "Feature",
      "properties": {
        "p1": 40823000390,
        "p59a": "1.0",
        "p59b": "3.0",
        "p59c": "2.0",
        "p59d": "24",
        "p59e": "10.0",
        "p59f": "1.0",
        "p59g": "4.0",
        "x": 0,
        "y": 0
      },
      "geometry": { "type": "Point", "coordinates": [0.0, 0.0] }
    },
    {
      "type": "Feature",
      "properties": {
        "p1": 40823000391,
        "p59a": "1.0",
        "p59b": "7.0",
        "p59c": "2.0",
        "p59d": "19",
        "p59e": "10.0",
        "p59f": "5.0",
        "p59g": "3.0",
        "x": 0,
        "y": 0
      },
      "geometry": { "type": "Point", "coordinates": [0.0, 0.0] }
    },
    {
      "type": "Feature",
      "properties": {
        "p1": 40823000396,
        "p59a": "1.0",
        "p59b": "3.0",
        "p59c": "1.0",
        "p59d": "68",
        "p59e": "10.0",
        "p59f": "1.0",
        "p59g": "4.0",
        "x": 0,
        "y": 0
      },
      "geometry": { "type": "Point", "coordinates": [0.0, 0.0] }
    },
    {
      "type": "Feature",
      "properties": {
        "p1": 40823000399,
        "p59a": "1.0",
        "p59b": "3.0",
        "p59c": "1.0",
        "p59d": "50",
        "p59e": "10.0",
        "p59f": "1.0",
        "p59g": "4.0",
        "x": 0,
        "y": 0
      },
      "geometry": { "type": "Point", "coordinates": [0.0, 0.0] }
    },
    {
      "type": "Feature",
      "properties": {
        "p1": 40823000400,
        "p59a": null,
        "p59b": null,
        "p59c": null,
        "p59d": null,
        "p59e": null,
        "p59f": null,
        "p59g": null,
        "x": 0,
        "y": 0
      },
      "geometry": { "type": "Point", "coordinates": [0.0, 0.0] }
    },
    {
      "type": "Feature",
      "properties": {
        "p1": 40823000406,
        "p59a": "1.0",
        "p59b": "3.0",
        "p59c": "1.0",
        "p59d": "61",
        "p59e": "10.0",
        "p59f": "1.0",
        "p59g": "4.0",
        "x": 0,
        "y": 0
      },
      "geometry": { "type": "Point", "coordinates": [0.0, 0.0] }
    },
    {
      "type": "Feature",
      "properties": {
        "p1": 40823000407,
        "p59a": "1.0",
        "p59b": "3.0",
        "p59c": "1.0",
        "p59d": "43",
        "p59e": "10.0",
        "p59f": "1.0",
        "p59g": "4.0",
        "x": 0,
        "y": 0
      },
      "geometry": { "type": "Point", "coordinates": [0.0, 0.0] }
    },
    {
      "type": "Feature",
      "properties": {
        "p1": 40823000408,
        "p59a": "1.0",
        "p59b": "3.0",
        "p59c": "1.0",
        "p59d": "64",
        "p59e": "10.0",
        "p59f": "1.0",
        "p59g": "4.0",
        "x": 0,
        "y": 0
      },
      "geometry": { "type": "Point", "coordinates": [0.0, 0.0] }
    },
    {
      "type": "Feature",
      "properties": {
        "p1": 40823000412,
        "p59a": "1.0",
        "p59b": "2.0",
        "p59c": "1.0",
        "p59d": "16",
        "p59e": "10.0",
        "p59f": "1.0",
        "p59g": "4.0",
        "x": 0,
        "y": 0
      },
      "geometry": { "type": "Point", "coordinates": [0.0, 0.0] }
    },
    {
      "type": "Feature",
      "properties": {
        "p1": 40823000416,
        "p59a": "1.0",
        "p59b": "3.0",
        "p59c": "1.0",
        "p59d": "17",
        "p59e": "10.0",
        "p59f": "1.0",
        "p59g": "4.0",
        "x": 0,
        "y": 0
      },
      "geometry": { "type": "Point", "coordinates": [0.0, 0.0] }
    },
    {
      "type": "Feature",
      "properties": {
        "p1": 40823000418,
        "p59a": "1.0",
        "p59b": "1.0",
        "p59c": "1.0",
        "p59d": "21",
        "p59e": "10.0",
        "p59f": "1.0",
        "p59g": "4.0",
        "x": 0,
        "y": 0
      },
      "geometry": { "type": "Point", "coordinates": [0.0, 0.0] }
    },
    {
      "type": "Feature",
      "properties": {
        "p1": 40823000419,
        "p59a": null,
        "p59b": null,
        "p59c": null,
        "p59d": null,
        "p59e": null,
        "p59f": null,
        "p59g": null,
        "x": 0,
        "y": 0
      },
      "geometry": { "type": "Point", "coordinates": [0.0, 0.0] }
    },
    {
      "type": "Feature",
      "properties": {
        "p1": 40823000422,
        "p59a": null,
        "p59b": null,
        "p59c": null,
        "p59d": null,
        "p59e": null,
        "p59f": null,
        "p59g": null,
        "x": 0,
        "y": 0
      },
      "geometry": { "type": "Point", "coordinates": [0.0, 0.0] }
    },
    {
      "type": "Feature",
      "properties": {
        "p1": 40823000423,
        "p59a": "1.0",
        "p59b": "3.0",
        "p59c": "1.0",
        "p59d": "72",
        "p59e": "10.0",
        "p59f": "1.0",
        "p59g": "4.0",
        "x": 0,
        "y": 0
      },
      "geometry": { "type": "Point", "coordinates": [0.0, 0.0] }
    },
    {
      "type": "Feature",
      "properties": {
        "p1": 40823000425,
        "p59a": null,
        "p59b": null,
        "p59c": null,
        "p59d": null,
        "p59e": null,
        "p59f": null,
        "p59g": null,
        "x": 0,
        "y": 0
      },
      "geometry": { "type": "Point", "coordinates": [0.0, 0.0] }
    },
    {
      "type": "Feature",
      "properties": {
        "p1": 40823000427,
        "p59a": "1.0",
        "p59b": "3.0",
        "p59c": "1.0",
        "p59d": "27",
        "p59e": "10.0",
        "p59f": "5.0",
        "p59g": "3.0",
        "x": 0,
        "y": 0
      },
      "geometry": { "type": "Point", "coordinates": [0.0, 0.0] }
    },
    {
      "type": "Feature",
      "properties": {
        "p1": 40823000431,
        "p59a": null,
        "p59b": null,
        "p59c": null,
        "p59d": null,
        "p59e": null,
        "p59f": null,
        "p59g": null,
        "x": 0,
        "y": 0
      },
      "geometry": { "type": "Point", "coordinates": [0.0, 0.0] }
    },
    {
      "type": "Feature",
      "properties": {
        "p1": 40823000434,
        "p59a": "1.0",
        "p59b": "3.0",
        "p59c": "1.0",
        "p59d": "78",
        "p59e": "412.0",
        "p59f": "5.0",
        "p59g": "4.0",
        "x": 0,
        "y": 0
      },
      "geometry": { "type": "Point", "coordinates": [0.0, 0.0] }
    },
    {
      "type": "Feature",
      "properties": {
        "p1": 40823000435,
        "p59a": "1.0",
        "p59b": "3.0",
        "p59c": "1.0",
        "p59d": "53",
        "p59e": "10.0",
        "p59f": "1.0",
        "p59g": "4.0",
        "x": 0,
        "y": 0
      },
      "geometry": { "type": "Point", "coordinates": [0.0, 0.0] }
    },
    {
      "type": "Feature",
      "properties": {
        "p1": 40823000437,
        "p59a": "1.0",
        "p59b": "3.0",
        "p59c": "1.0",
        "p59d": "23",
        "p59e": "10.0",
        "p59f": "1.0",
        "p59g": "4.0",
        "x": 0,
        "y": 0
      },
      "geometry": { "type": "Point", "coordinates": [0.0, 0.0] }
    },
    {
      "type": "Feature",
      "properties": {
        "p1": 40823000438,
        "p59a": "1.0",
        "p59b": "3.0",
        "p59c": "1.0",
        "p59d": "19",
        "p59e": "10.0",
        "p59f": "1.0",
        "p59g": "4.0",
        "x": 0,
        "y": 0
      },
      "geometry": { "type": "Point", "coordinates": [0.0, 0.0] }
    },
    {
      "type": "Feature",
      "properties": {
        "p1": 40823000445,
        "p59a": "1.0",
        "p59b": "3.0",
        "p59c": "1.0",
        "p59d": "27",
        "p59e": "10.0",
        "p59f": "1.0",
        "p59g": "4.0",
        "x": 0,
        "y": 0
      },
      "geometry": { "type": "Point", "coordinates": [0.0, 0.0] }
    },
    {
      "type": "Feature",
      "properties": {
        "p1": 40823000450,
        "p59a": null,
        "p59b": null,
        "p59c": null,
        "p59d": null,
        "p59e": null,
        "p59f": null,
        "p59g": null,
        "x": 0,
        "y": 0
      },
      "geometry": { "type": "Point", "coordinates": [0.0, 0.0] }
    },
    {
      "type": "Feature",
      "properties": {
        "p1": 40823000451,
        "p59a": "1.0",
        "p59b": "3.0",
        "p59c": "1.0",
        "p59d": "23",
        "p59e": "10.0",
        "p59f": "1.0",
        "p59g": "4.0",
        "x": 0,
        "y": 0
      },
      "geometry": { "type": "Point", "coordinates": [0.0, 0.0] }
    },
    {
      "type": "Feature",
      "properties": {
        "p1": 40823000453,
        "p59a": null,
        "p59b": null,
        "p59c": null,
        "p59d": "XX",
        "p59e": null,
        "p59f": null,
        "p59g": null,
        "x": 0,
        "y": 0
      },
      "geometry": { "type": "Point", "coordinates": [0.0, 0.0] }
    },
    {
      "type": "Feature",
      "properties": {
        "p1": 40823000457,
        "p59a": null,
        "p59b": null,
        "p59c": null,
        "p59d": null,
        "p59e": null,
        "p59f": null,
        "p59g": null,
        "x": 0,
        "y": 0
      },
      "geometry": { "type": "Point", "coordinates": [0.0, 0.0] }
    },
    {
      "type": "Feature",
      "properties": {
        "p1": 40823000461,
        "p59a": null,
        "p59b": null,
        "p59c": null,
        "p59d": null,
        "p59e": null,
        "p59f": null,
        "p59g": "4.0",
        "x": 0,
        "y": 0
      },
      "geometry": { "type": "Point", "coordinates": [0.0, 0.0] }
    },
    {
      "type": "Feature",
      "properties": {
        "p1": 40823000466,
        "p59a": null,
        "p59b": null,
        "p59c": null,
        "p59d": null,
        "p59e": null,
        "p59f": null,
        "p59g": null,
        "x": 0,
        "y": 0
      },
      "geometry": { "type": "Point", "coordinates": [0.0, 0.0] }
    },
    {
      "type": "Feature",
      "properties": {
        "p1": 40823000476,
        "p59a": null,
        "p59b": null,
        "p59c": null,
        "p59d": null,
        "p59e": null,
        "p59f": null,
        "p59g": null,
        "x": 0,
        "y": 0
      },
      "geometry": { "type": "Point", "coordinates": [0.0, 0.0] }
    },
    {
      "type": "Feature",
      "properties": {
        "p1": 40823000482,
        "p59a": "1.0",
        "p59b": "3.0",
        "p59c": "2.0",
        "p59d": "26",
        "p59e": "10.0",
        "p59f": "1.0",
        "p59g": "4.0",
        "x": 0,
        "y": 0
      },
      "geometry": { "type": "Point", "coordinates": [0.0, 0.0] }
    },
    {
      "type": "Feature",
      "properties": {
        "p1": 40823000483,
        "p59a": null,
        "p59b": null,
        "p59c": null,
        "p59d": null,
        "p59e": null,
        "p59f": null,
        "p59g": null,
        "x": 0,
        "y": 0
      },
      "geometry": { "type": "Point", "coordinates": [0.0, 0.0] }
    },
    {
      "type": "Feature",
      "properties": {
        "p1": 40823000485,
        "p59a": null,
        "p59b": null,
        "p59c": null,
        "p59d": null,
        "p59e": null,
        "p59f": null,
        "p59g": null,
        "x": 0,
        "y": 0
      },
      "geometry": { "type": "Point", "coordinates": [0.0, 0.0] }
    },
    {
      "type": "Feature",
      "properties": {
        "p1": 40823000486,
        "p59a": null,
        "p59b": null,
        "p59c": null,
        "p59d": null,
        "p59e": null,
        "p59f": null,
        "p59g": null,
        "x": 0,
        "y": 0
      },
      "geometry": { "type": "Point", "coordinates": [0.0, 0.0] }
    },
    {
      "type": "Feature",
      "properties": {
        "p1": 40823000487,
        "p59a": null,
        "p59b": null,
        "p59c": null,
        "p59d": null,
        "p59e": null,
        "p59f": null,
        "p59g": null,
        "x": 0,
        "y": 0
      },
      "geometry": { "type": "Point", "coordinates": [0.0, 0.0] }
    },
    {
      "type": "Feature",
      "properties": {
        "p1": 40823000488,
        "p59a": null,
        "p59b": null,
        "p59c": null,
        "p59d": null,
        "p59e": null,
        "p59f": null,
        "p59g": null,
        "x": 0,
        "y": 0
      },
      "geometry": { "type": "Point", "coordinates": [0.0, 0.0] }
    },
    {
      "type": "Feature",
      "properties": {
        "p1": 40823000490,
        "p59a": null,
        "p59b": null,
        "p59c": null,
        "p59d": null,
        "p59e": null,
        "p59f": null,
        "p59g": null,
        "x": 0,
        "y": 0
      },
      "geometry": { "type": "Point", "coordinates": [0.0, 0.0] }
    },
    {
      "type": "Feature",
      "properties": {
        "p1": 40823000493,
        "p59a": "1.0",
        "p59b": "1.0",
        "p59c": "1.0",
        "p59d": "49",
        "p59e": "10.0",
        "p59f": "5.0",
        "p59g": "3.0",
        "x": 0,
        "y": 0
      },
      "geometry": { "type": "Point", "coordinates": [0.0, 0.0] }
    },
    {
      "type": "Feature",
      "properties": {
        "p1": 40823000496,
        "p59a": null,
        "p59b": null,
        "p59c": null,
        "p59d": null,
        "p59e": null,
        "p59f": null,
        "p59g": null,
        "x": 0,
        "y": 0
      },
      "geometry": { "type": "Point", "coordinates": [0.0, 0.0] }
    },
    {
      "type": "Feature",
      "properties": {
        "p1": 40823000498,
        "p59a": "1.0",
        "p59b": "3.0",
        "p59c": "2.0",
        "p59d": "54",
        "p59e": "10.0",
        "p59f": "1.0",
        "p59g": "4.0",
        "x": 0,
        "y": 0
      },
      "geometry": { "type": "Point", "coordinates": [0.0, 0.0] }
    },
    {
      "type": "Feature",
      "properties": {
        "p1": 40823000499,
        "p59a": null,
        "p59b": null,
        "p59c": null,
        "p59d": null,
        "p59e": null,
        "p59f": null,
        "p59g": null,
        "x": 0,
        "y": 0
      },
      "geometry": { "type": "Point", "coordinates": [0.0, 0.0] }
    },
    {
      "type": "Feature",
      "properties": {
        "p1": 40823000500,
        "p59a": null,
        "p59b": null,
        "p59c": null,
        "p59d": null,
        "p59e": null,
        "p59f": null,
        "p59g": null,
        "x": 0,
        "y": 0
      },
      "geometry": { "type": "Point", "coordinates": [0.0, 0.0] }
    },
    {
      "type": "Feature",
      "properties": {
        "p1": 40823000501,
        "p59a": "1.0",
        "p59b": "3.0",
        "p59c": "2.0",
        "p59d": "37",
        "p59e": "10.0",
        "p59f": "1.0",
        "p59g": "4.0",
        "x": 0,
        "y": 0
      },
      "geometry": { "type": "Point", "coordinates": [0.0, 0.0] }
    },
    {
      "type": "Feature",
      "properties": {
        "p1": 40823000502,
        "p59a": "1.0",
        "p59b": "3.0",
        "p59c": "1.0",
        "p59d": "66",
        "p59e": "50.0",
        "p59f": "1.0",
        "p59g": "4.0",
        "x": 0,
        "y": 0
      },
      "geometry": { "type": "Point", "coordinates": [0.0, 0.0] }
    },
    {
      "type": "Feature",
      "properties": {
        "p1": 40823000505,
        "p59a": null,
        "p59b": null,
        "p59c": null,
        "p59d": null,
        "p59e": null,
        "p59f": null,
        "p59g": null,
        "x": 0,
        "y": 0
      },
      "geometry": { "type": "Point", "coordinates": [0.0, 0.0] }
    },
    {
      "type": "Feature",
      "properties": {
        "p1": 40823000507,
        "p59a": null,
        "p59b": null,
        "p59c": null,
        "p59d": null,
        "p59e": null,
        "p59f": null,
        "p59g": "4.0",
        "x": 0,
        "y": 0
      },
      "geometry": { "type": "Point", "coordinates": [0.0, 0.0] }
    },
    {
      "type": "Feature",
      "properties": {
        "p1": 40823000509,
        "p59a": "1.0",
        "p59b": "3.0",
        "p59c": "1.0",
        "p59d": "27",
        "p59e": "10.0",
        "p59f": "1.0",
        "p59g": "4.0",
        "x": 0,
        "y": 0
      },
      "geometry": { "type": "Point", "coordinates": [0.0, 0.0] }
    },
    {
      "type": "Feature",
      "properties": {
        "p1": 40823000511,
        "p59a": null,
        "p59b": null,
        "p59c": null,
        "p59d": "XX",
        "p59e": null,
        "p59f": null,
        "p59g": null,
        "x": 0,
        "y": 0
      },
      "geometry": { "type": "Point", "coordinates": [0.0, 0.0] }
    },
    {
      "type": "Feature",
      "properties": {
        "p1": 40823000525,
        "p59a": null,
        "p59b": null,
        "p59c": null,
        "p59d": "XX",
        "p59e": null,
        "p59f": null,
        "p59g": null,
        "x": 0,
        "y": 0
      },
      "geometry": { "type": "Point", "coordinates": [0.0, 0.0] }
    },
    {
      "type": "Feature",
      "properties": {
        "p1": 40823000527,
        "p59a": "1.0",
        "p59b": "3.0",
        "p59c": "1.0",
        "p59d": "20",
        "p59e": "10.0",
        "p59f": "1.0",
        "p59g": "4.0",
        "x": 0,
        "y": 0
      },
      "geometry": { "type": "Point", "coordinates": [0.0, 0.0] }
    },
    {
      "type": "Feature",
      "properties": {
        "p1": 40823000532,
        "p59a": "1.0",
        "p59b": "3.0",
        "p59c": "1.0",
        "p59d": "35",
        "p59e": "160.0",
        "p59f": "1.0",
        "p59g": "4.0",
        "x": 0,
        "y": 0
      },
      "geometry": { "type": "Point", "coordinates": [0.0, 0.0] }
    },
    {
      "type": "Feature",
      "properties": {
        "p1": 40823000539,
        "p59a": "1.0",
        "p59b": "3.0",
        "p59c": "1.0",
        "p59d": "44",
        "p59e": "10.0",
        "p59f": "1.0",
        "p59g": "4.0",
        "x": 0,
        "y": 0
      },
      "geometry": { "type": "Point", "coordinates": [0.0, 0.0] }
    },
    {
      "type": "Feature",
      "properties": {
        "p1": 40823000540,
        "p59a": null,
        "p59b": null,
        "p59c": null,
        "p59d": null,
        "p59e": null,
        "p59f": null,
        "p59g": null,
        "x": 0,
        "y": 0
      },
      "geometry": { "type": "Point", "coordinates": [0.0, 0.0] }
    },
    {
      "type": "Feature",
      "properties": {
        "p1": 40823000541,
        "p59a": null,
        "p59b": null,
        "p59c": null,
        "p59d": null,
        "p59e": null,
        "p59f": null,
        "p59g": null,
        "x": 0,
        "y": 0
      },
      "geometry": { "type": "Point", "coordinates": [0.0, 0.0] }
    },
    {
      "type": "Feature",
      "properties": {
        "p1": 40823000543,
        "p59a": "1.0",
        "p59b": "1.0",
        "p59c": "2.0",
        "p59d": "16",
        "p59e": "10.0",
        "p59f": "5.0",
        "p59g": "3.0",
        "x": 0,
        "y": 0
      },
      "geometry": { "type": "Point", "coordinates": [0.0, 0.0] }
    },
    {
      "type": "Feature",
      "properties": {
        "p1": 40823000544,
        "p59a": "1.0",
        "p59b": "3.0",
        "p59c": "2.0",
        "p59d": "44",
        "p59e": "10.0",
        "p59f": "1.0",
        "p59g": "4.0",
        "x": 0,
        "y": 0
      },
      "geometry": { "type": "Point", "coordinates": [0.0, 0.0] }
    },
    {
      "type": "Feature",
      "properties": {
        "p1": 40823000546,
        "p59a": "1.0",
        "p59b": "3.0",
        "p59c": "1.0",
        "p59d": "48",
        "p59e": "10.0",
        "p59f": "1.0",
        "p59g": "4.0",
        "x": 0,
        "y": 0
      },
      "geometry": { "type": "Point", "coordinates": [0.0, 0.0] }
    },
    {
      "type": "Feature",
      "properties": {
        "p1": 40823000550,
        "p59a": null,
        "p59b": null,
        "p59c": null,
        "p59d": null,
        "p59e": null,
        "p59f": null,
        "p59g": null,
        "x": 0,
        "y": 0
      },
      "geometry": { "type": "Point", "coordinates": [0.0, 0.0] }
    },
    {
      "type": "Feature",
      "properties": {
        "p1": 40823000553,
        "p59a": "1.0",
        "p59b": "3.0",
        "p59c": "1.0",
        "p59d": "38",
        "p59e": "10.0",
        "p59f": "1.0",
        "p59g": "4.0",
        "x": 0,
        "y": 0
      },
      "geometry": { "type": "Point", "coordinates": [0.0, 0.0] }
    },
    {
      "type": "Feature",
      "properties": {
        "p1": 40823000555,
        "p59a": "1.0",
        "p59b": "4.0",
        "p59c": "2.0",
        "p59d": "49",
        "p59e": "10.0",
        "p59f": "1.0",
        "p59g": "4.0",
        "x": 0,
        "y": 0
      },
      "geometry": { "type": "Point", "coordinates": [0.0, 0.0] }
    },
    {
      "type": "Feature",
      "properties": {
        "p1": 40823000556,
        "p59a": null,
        "p59b": null,
        "p59c": null,
        "p59d": null,
        "p59e": null,
        "p59f": null,
        "p59g": null,
        "x": 0,
        "y": 0
      },
      "geometry": { "type": "Point", "coordinates": [0.0, 0.0] }
    },
    {
      "type": "Feature",
      "properties": {
        "p1": 40823000561,
        "p59a": null,
        "p59b": null,
        "p59c": null,
        "p59d": null,
        "p59e": null,
        "p59f": null,
        "p59g": "4.0",
        "x": 0,
        "y": 0
      },
      "geometry": { "type": "Point", "coordinates": [0.0, 0.0] }
    },
    {
      "type": "Feature",
      "properties": {
        "p1": 40823000564,
        "p59a": "1.0",
        "p59b": "3.0",
        "p59c": "1.0",
        "p59d": "18",
        "p59e": "10.0",
        "p59f": "5.0",
        "p59g": "3.0",
        "x": 0,
        "y": 0
      },
      "geometry": { "type": "Point", "coordinates": [0.0, 0.0] }
    },
    {
      "type": "Feature",
      "properties": {
        "p1": 40823000566,
        "p59a": "1.0",
        "p59b": "7.0",
        "p59c": "1.0",
        "p59d": "20",
        "p59e": "10.0",
        "p59f": "5.0",
        "p59g": "3.0",
        "x": 0,
        "y": 0
      },
      "geometry": { "type": "Point", "coordinates": [0.0, 0.0] }
    },
    {
      "type": "Feature",
      "properties": {
        "p1": 40823000567,
        "p59a": "1.0",
        "p59b": "3.0",
        "p59c": "1.0",
        "p59d": "33",
        "p59e": "10.0",
        "p59f": "1.0",
        "p59g": "4.0",
        "x": 0,
        "y": 0
      },
      "geometry": { "type": "Point", "coordinates": [0.0, 0.0] }
    },
    {
      "type": "Feature",
      "properties": {
        "p1": 40823000572,
        "p59a": "1.0",
        "p59b": "2.0",
        "p59c": "1.0",
        "p59d": "37",
        "p59e": "50.0",
        "p59f": "5.0",
        "p59g": "3.0",
        "x": 0,
        "y": 0
      },
      "geometry": { "type": "Point", "coordinates": [0.0, 0.0] }
    },
    {
      "type": "Feature",
      "properties": {
        "p1": 40823000577,
        "p59a": null,
        "p59b": null,
        "p59c": null,
        "p59d": null,
        "p59e": null,
        "p59f": null,
        "p59g": null,
        "x": 0,
        "y": 0
      },
      "geometry": { "type": "Point", "coordinates": [0.0, 0.0] }
    },
    {
      "type": "Feature",
      "properties": {
        "p1": 40823000586,
        "p59a": null,
        "p59b": null,
        "p59c": null,
        "p59d": null,
        "p59e": null,
        "p59f": null,
        "p59g": null,
        "x": 0,
        "y": 0
      },
      "geometry": { "type": "Point", "coordinates": [0.0, 0.0] }
    },
    {
      "type": "Feature",
      "properties": {
        "p1": 40823000587,
        "p59a": "1.0",
        "p59b": "3.0",
        "p59c": "1.0",
        "p59d": "26",
        "p59e": "10.0",
        "p59f": "1.0",
        "p59g": "4.0",
        "x": 0,
        "y": 0
      },
      "geometry": { "type": "Point", "coordinates": [0.0, 0.0] }
    },
    {
      "type": "Feature",
      "properties": {
        "p1": 40823000589,
        "p59a": null,
        "p59b": null,
        "p59c": null,
        "p59d": null,
        "p59e": null,
        "p59f": null,
        "p59g": null,
        "x": 0,
        "y": 0
      },
      "geometry": { "type": "Point", "coordinates": [0.0, 0.0] }
    },
    {
      "type": "Feature",
      "properties": {
        "p1": 40823000590,
        "p59a": "1.0",
        "p59b": "3.0",
        "p59c": "1.0",
        "p59d": "59",
        "p59e": "50.0",
        "p59f": "1.0",
        "p59g": "4.0",
        "x": 0,
        "y": 0
      },
      "geometry": { "type": "Point", "coordinates": [0.0, 0.0] }
    },
    {
      "type": "Feature",
      "properties": {
        "p1": 40823000600,
        "p59a": null,
        "p59b": null,
        "p59c": null,
        "p59d": null,
        "p59e": null,
        "p59f": null,
        "p59g": "4.0",
        "x": 0,
        "y": 0
      },
      "geometry": { "type": "Point", "coordinates": [0.0, 0.0] }
    },
    {
      "type": "Feature",
      "properties": {
        "p1": 40823000603,
        "p59a": "1.0",
        "p59b": "1.0",
        "p59c": "1.0",
        "p59d": "56",
        "p59e": "10.0",
        "p59f": "5.0",
        "p59g": "3.0",
        "x": 0,
        "y": 0
      },
      "geometry": { "type": "Point", "coordinates": [0.0, 0.0] }
    },
    {
      "type": "Feature",
      "properties": {
        "p1": 40823000616,
        "p59a": "1.0",
        "p59b": "3.0",
        "p59c": "1.0",
        "p59d": "52",
        "p59e": "10.0",
        "p59f": "1.0",
        "p59g": "4.0",
        "x": 0,
        "y": 0
      },
      "geometry": { "type": "Point", "coordinates": [0.0, 0.0] }
    },
    {
      "type": "Feature",
      "properties": {
        "p1": 40823000618,
        "p59a": "1.0",
        "p59b": "3.0",
        "p59c": "2.0",
        "p59d": "58",
        "p59e": "10.0",
        "p59f": "1.0",
        "p59g": "4.0",
        "x": 0,
        "y": 0
      },
      "geometry": { "type": "Point", "coordinates": [0.0, 0.0] }
    },
    {
      "type": "Feature",
      "properties": {
        "p1": 40823000619,
        "p59a": null,
        "p59b": null,
        "p59c": null,
        "p59d": null,
        "p59e": null,
        "p59f": null,
        "p59g": null,
        "x": 0,
        "y": 0
      },
      "geometry": { "type": "Point", "coordinates": [0.0, 0.0] }
    },
    {
      "type": "Feature",
      "properties": {
        "p1": 40823000628,
        "p59a": null,
        "p59b": null,
        "p59c": null,
        "p59d": null,
        "p59e": null,
        "p59f": null,
        "p59g": null,
        "x": 0,
        "y": 0
      },
      "geometry": { "type": "Point", "coordinates": [0.0, 0.0] }
    },
    {
      "type": "Feature",
      "properties": {
        "p1": 40823000632,
        "p59a": null,
        "p59b": null,
        "p59c": null,
        "p59d": null,
        "p59e": null,
        "p59f": null,
        "p59g": null,
        "x": 0,
        "y": 0
      },
      "geometry": { "type": "Point", "coordinates": [0.0, 0.0] }
    },
    {
      "type": "Feature",
      "properties": {
        "p1": 40823000633,
        "p59a": "1.0",
        "p59b": "3.0",
        "p59c": "1.0",
        "p59d": "61",
        "p59e": "10.0",
        "p59f": "1.0",
        "p59g": "4.0",
        "x": 0,
        "y": 0
      },
      "geometry": { "type": "Point", "coordinates": [0.0, 0.0] }
    },
    {
      "type": "Feature",
      "properties": {
        "p1": 40823000634,
        "p59a": null,
        "p59b": null,
        "p59c": null,
        "p59d": null,
        "p59e": null,
        "p59f": null,
        "p59g": null,
        "x": 0,
        "y": 0
      },
      "geometry": { "type": "Point", "coordinates": [0.0, 0.0] }
    },
    {
      "type": "Feature",
      "properties": {
        "p1": 40823000635,
        "p59a": "1.0",
        "p59b": "3.0",
        "p59c": "2.0",
        "p59d": "53",
        "p59e": "10.0",
        "p59f": "1.0",
        "p59g": "4.0",
        "x": 0,
        "y": 0
      },
      "geometry": { "type": "Point", "coordinates": [0.0, 0.0] }
    },
    {
      "type": "Feature",
      "properties": {
        "p1": 40823000637,
        "p59a": "1.0",
        "p59b": "3.0",
        "p59c": "2.0",
        "p59d": "35",
        "p59e": "340.0",
        "p59f": "1.0",
        "p59g": "4.0",
        "x": 0,
        "y": 0
      },
      "geometry": { "type": "Point", "coordinates": [0.0, 0.0] }
    },
    {
      "type": "Feature",
      "properties": {
        "p1": 40823000638,
        "p59a": null,
        "p59b": null,
        "p59c": null,
        "p59d": null,
        "p59e": null,
        "p59f": null,
        "p59g": "4.0",
        "x": 0,
        "y": 0
      },
      "geometry": { "type": "Point", "coordinates": [0.0, 0.0] }
    },
    {
      "type": "Feature",
      "properties": {
        "p1": 40823000639,
        "p59a": "1.0",
        "p59b": "3.0",
        "p59c": "1.0",
        "p59d": "39",
        "p59e": "10.0",
        "p59f": "1.0",
        "p59g": "4.0",
        "x": 0,
        "y": 0
      },
      "geometry": { "type": "Point", "coordinates": [0.0, 0.0] }
    },
    {
      "type": "Feature",
      "properties": {
        "p1": 40823000644,
        "p59a": null,
        "p59b": null,
        "p59c": null,
        "p59d": "XX",
        "p59e": null,
        "p59f": null,
        "p59g": null,
        "x": 0,
        "y": 0
      },
      "geometry": { "type": "Point", "coordinates": [0.0, 0.0] }
    },
    {
      "type": "Feature",
      "properties": {
        "p1": 40823000649,
        "p59a": null,
        "p59b": null,
        "p59c": null,
        "p59d": null,
        "p59e": null,
        "p59f": null,
        "p59g": null,
        "x": 0,
        "y": 0
      },
      "geometry": { "type": "Point", "coordinates": [0.0, 0.0] }
    },
    {
      "type": "Feature",
      "properties": {
        "p1": 40823000651,
        "p59a": "1.0",
        "p59b": "3.0",
        "p59c": "1.0",
        "p59d": "48",
        "p59e": "10.0",
        "p59f": "1.0",
        "p59g": "4.0",
        "x": 0,
        "y": 0
      },
      "geometry": { "type": "Point", "coordinates": [0.0, 0.0] }
    },
    {
      "type": "Feature",
      "properties": {
        "p1": 40823000652,
        "p59a": null,
        "p59b": null,
        "p59c": null,
        "p59d": null,
        "p59e": null,
        "p59f": null,
        "p59g": null,
        "x": 0,
        "y": 0
      },
      "geometry": { "type": "Point", "coordinates": [0.0, 0.0] }
    },
    {
      "type": "Feature",
      "properties": {
        "p1": 40823000654,
        "p59a": "1.0",
        "p59b": "3.0",
        "p59c": "1.0",
        "p59d": "54",
        "p59e": "10.0",
        "p59f": "1.0",
        "p59g": "4.0",
        "x": 0,
        "y": 0
      },
      "geometry": { "type": "Point", "coordinates": [0.0, 0.0] }
    },
    {
      "type": "Feature",
      "properties": {
        "p1": 40823000659,
        "p59a": null,
        "p59b": null,
        "p59c": null,
        "p59d": null,
        "p59e": null,
        "p59f": null,
        "p59g": null,
        "x": 0,
        "y": 0
      },
      "geometry": { "type": "Point", "coordinates": [0.0, 0.0] }
    },
    {
      "type": "Feature",
      "properties": {
        "p1": 40823000663,
        "p59a": "1.0",
        "p59b": "3.0",
        "p59c": "1.0",
        "p59d": "36",
        "p59e": "10.0",
        "p59f": "1.0",
        "p59g": "4.0",
        "x": 0,
        "y": 0
      },
      "geometry": { "type": "Point", "coordinates": [0.0, 0.0] }
    },
    {
      "type": "Feature",
      "properties": {
        "p1": 40823000670,
        "p59a": null,
        "p59b": null,
        "p59c": null,
        "p59d": null,
        "p59e": null,
        "p59f": null,
        "p59g": null,
        "x": 0,
        "y": 0
      },
      "geometry": { "type": "Point", "coordinates": [0.0, 0.0] }
    },
    {
      "type": "Feature",
      "properties": {
        "p1": 40823000673,
        "p59a": "1.0",
        "p59b": "3.0",
        "p59c": "1.0",
        "p59d": "78",
        "p59e": "10.0",
        "p59f": "1.0",
        "p59g": "4.0",
        "x": 0,
        "y": 0
      },
      "geometry": { "type": "Point", "coordinates": [0.0, 0.0] }
    },
    {
      "type": "Feature",
      "properties": {
        "p1": 40823000675,
        "p59a": "1.0",
        "p59b": "3.0",
        "p59c": "1.0",
        "p59d": "23",
        "p59e": "10.0",
        "p59f": "1.0",
        "p59g": "4.0",
        "x": 0,
        "y": 0
      },
      "geometry": { "type": "Point", "coordinates": [0.0, 0.0] }
    },
    {
      "type": "Feature",
      "properties": {
        "p1": 40823000676,
        "p59a": "1.0",
        "p59b": "3.0",
        "p59c": "1.0",
        "p59d": "74",
        "p59e": "10.0",
        "p59f": "1.0",
        "p59g": "4.0",
        "x": 0,
        "y": 0
      },
      "geometry": { "type": "Point", "coordinates": [0.0, 0.0] }
    },
    {
      "type": "Feature",
      "properties": {
        "p1": 40823000679,
        "p59a": "1.0",
        "p59b": "3.0",
        "p59c": "1.0",
        "p59d": "67",
        "p59e": "10.0",
        "p59f": "1.0",
        "p59g": "4.0",
        "x": 0,
        "y": 0
      },
      "geometry": { "type": "Point", "coordinates": [0.0, 0.0] }
    },
    {
      "type": "Feature",
      "properties": {
        "p1": 40823000682,
        "p59a": "1.0",
        "p59b": "7.0",
        "p59c": "1.0",
        "p59d": "27",
        "p59e": "99.0",
        "p59f": "1.0",
        "p59g": "4.0",
        "x": 0,
        "y": 0
      },
      "geometry": { "type": "Point", "coordinates": [0.0, 0.0] }
    },
    {
      "type": "Feature",
      "properties": {
        "p1": 40823000689,
        "p59a": null,
        "p59b": null,
        "p59c": null,
        "p59d": null,
        "p59e": null,
        "p59f": null,
        "p59g": "4.0",
        "x": 0,
        "y": 0
      },
      "geometry": { "type": "Point", "coordinates": [0.0, 0.0] }
    },
    {
      "type": "Feature",
      "properties": {
        "p1": 40823000690,
        "p59a": "1.0",
        "p59b": "3.0",
        "p59c": "2.0",
        "p59d": "60",
        "p59e": "10.0",
        "p59f": "1.0",
        "p59g": "4.0",
        "x": 0,
        "y": 0
      },
      "geometry": { "type": "Point", "coordinates": [0.0, 0.0] }
    },
    {
      "type": "Feature",
      "properties": {
        "p1": 40823000696,
        "p59a": "1.0",
        "p59b": "3.0",
        "p59c": "2.0",
        "p59d": "66",
        "p59e": "10.0",
        "p59f": "1.0",
        "p59g": "4.0",
        "x": 0,
        "y": 0
      },
      "geometry": { "type": "Point", "coordinates": [0.0, 0.0] }
    },
    {
      "type": "Feature",
      "properties": {
        "p1": 40823000697,
        "p59a": null,
        "p59b": null,
        "p59c": null,
        "p59d": null,
        "p59e": null,
        "p59f": null,
        "p59g": null,
        "x": 0,
        "y": 0
      },
      "geometry": { "type": "Point", "coordinates": [0.0, 0.0] }
    },
    {
      "type": "Feature",
      "properties": {
        "p1": 40823000699,
        "p59a": null,
        "p59b": null,
        "p59c": null,
        "p59d": null,
        "p59e": null,
        "p59f": null,
        "p59g": null,
        "x": 0,
        "y": 0
      },
      "geometry": { "type": "Point", "coordinates": [0.0, 0.0] }
    },
    {
      "type": "Feature",
      "properties": {
        "p1": 40823000700,
        "p59a": null,
        "p59b": null,
        "p59c": null,
        "p59d": null,
        "p59e": null,
        "p59f": null,
        "p59g": null,
        "x": 0,
        "y": 0
      },
      "geometry": { "type": "Point", "coordinates": [0.0, 0.0] }
    },
    {
      "type": "Feature",
      "properties": {
        "p1": 40823000701,
        "p59a": "1.0",
        "p59b": "3.0",
        "p59c": "1.0",
        "p59d": "54",
        "p59e": "10.0",
        "p59f": "1.0",
        "p59g": "4.0",
        "x": 0,
        "y": 0
      },
      "geometry": { "type": "Point", "coordinates": [0.0, 0.0] }
    },
    {
      "type": "Feature",
      "properties": {
        "p1": 40823000706,
        "p59a": "1.0",
        "p59b": "3.0",
        "p59c": "1.0",
        "p59d": "33",
        "p59e": "10.0",
        "p59f": "1.0",
        "p59g": "4.0",
        "x": 0,
        "y": 0
      },
      "geometry": { "type": "Point", "coordinates": [0.0, 0.0] }
    },
    {
      "type": "Feature",
      "properties": {
        "p1": 40823000708,
        "p59a": "1.0",
        "p59b": "3.0",
        "p59c": "2.0",
        "p59d": "42",
        "p59e": "10.0",
        "p59f": "1.0",
        "p59g": "4.0",
        "x": 0,
        "y": 0
      },
      "geometry": { "type": "Point", "coordinates": [0.0, 0.0] }
    },
    {
      "type": "Feature",
      "properties": {
        "p1": 40823000711,
        "p59a": null,
        "p59b": null,
        "p59c": null,
        "p59d": null,
        "p59e": null,
        "p59f": null,
        "p59g": "4.0",
        "x": 0,
        "y": 0
      },
      "geometry": { "type": "Point", "coordinates": [0.0, 0.0] }
    },
    {
      "type": "Feature",
      "properties": {
        "p1": 40823000723,
        "p59a": null,
        "p59b": null,
        "p59c": null,
        "p59d": null,
        "p59e": null,
        "p59f": null,
        "p59g": "4.0",
        "x": 0,
        "y": 0
      },
      "geometry": { "type": "Point", "coordinates": [0.0, 0.0] }
    },
    {
      "type": "Feature",
      "properties": {
        "p1": 40823000729,
        "p59a": "1.0",
        "p59b": "3.0",
        "p59c": "2.0",
        "p59d": "61",
        "p59e": "10.0",
        "p59f": "1.0",
        "p59g": "4.0",
        "x": 0,
        "y": 0
      },
      "geometry": { "type": "Point", "coordinates": [0.0, 0.0] }
    },
    {
      "type": "Feature",
      "properties": {
        "p1": 40823000732,
        "p59a": "1.0",
        "p59b": "3.0",
        "p59c": "1.0",
        "p59d": "22",
        "p59e": "10.0",
        "p59f": "1.0",
        "p59g": "4.0",
        "x": 0,
        "y": 0
      },
      "geometry": { "type": "Point", "coordinates": [0.0, 0.0] }
    },
    {
      "type": "Feature",
      "properties": {
        "p1": 40823000734,
        "p59a": "1.0",
        "p59b": null,
        "p59c": null,
        "p59d": "xx",
        "p59e": null,
        "p59f": null,
        "p59g": "4.0",
        "x": 0,
        "y": 0
      },
      "geometry": { "type": "Point", "coordinates": [0.0, 0.0] }
    },
    {
      "type": "Feature",
      "properties": {
        "p1": 40823000735,
        "p59a": "1.0",
        "p59b": "3.0",
        "p59c": "2.0",
        "p59d": "74",
        "p59e": "10.0",
        "p59f": "1.0",
        "p59g": "4.0",
        "x": 0,
        "y": 0
      },
      "geometry": { "type": "Point", "coordinates": [0.0, 0.0] }
    },
    {
      "type": "Feature",
      "properties": {
        "p1": 40823000738,
        "p59a": "1.0",
        "p59b": "3.0",
        "p59c": "1.0",
        "p59d": "51",
        "p59e": "10.0",
        "p59f": "1.0",
        "p59g": "4.0",
        "x": 0,
        "y": 0
      },
      "geometry": { "type": "Point", "coordinates": [0.0, 0.0] }
    },
    {
      "type": "Feature",
      "properties": {
        "p1": 40823000739,
        "p59a": null,
        "p59b": null,
        "p59c": null,
        "p59d": "XX",
        "p59e": null,
        "p59f": null,
        "p59g": null,
        "x": 0,
        "y": 0
      },
      "geometry": { "type": "Point", "coordinates": [0.0, 0.0] }
    },
    {
      "type": "Feature",
      "properties": {
        "p1": 40823000740,
        "p59a": "1.0",
        "p59b": "3.0",
        "p59c": "2.0",
        "p59d": "50",
        "p59e": "10.0",
        "p59f": "1.0",
        "p59g": "4.0",
        "x": 0,
        "y": 0
      },
      "geometry": { "type": "Point", "coordinates": [0.0, 0.0] }
    },
    {
      "type": "Feature",
      "properties": {
        "p1": 40823000741,
        "p59a": "1.0",
        "p59b": "3.0",
        "p59c": "2.0",
        "p59d": "65",
        "p59e": "10.0",
        "p59f": "1.0",
        "p59g": "4.0",
        "x": 0,
        "y": 0
      },
      "geometry": { "type": "Point", "coordinates": [0.0, 0.0] }
    },
    {
      "type": "Feature",
      "properties": {
        "p1": 40823000746,
        "p59a": "1.0",
        "p59b": "3.0",
        "p59c": "2.0",
        "p59d": "74",
        "p59e": "10.0",
        "p59f": "1.0",
        "p59g": "4.0",
        "x": 0,
        "y": 0
      },
      "geometry": { "type": "Point", "coordinates": [0.0, 0.0] }
    },
    {
      "type": "Feature",
      "properties": {
        "p1": 40823000750,
        "p59a": null,
        "p59b": null,
        "p59c": null,
        "p59d": "XX",
        "p59e": null,
        "p59f": null,
        "p59g": null,
        "x": 0,
        "y": 0
      },
      "geometry": { "type": "Point", "coordinates": [0.0, 0.0] }
    },
    {
      "type": "Feature",
      "properties": {
        "p1": 40823000755,
        "p59a": "1.0",
        "p59b": "3.0",
        "p59c": "1.0",
        "p59d": "32",
        "p59e": "50.0",
        "p59f": "1.0",
        "p59g": "4.0",
        "x": 0,
        "y": 0
      },
      "geometry": { "type": "Point", "coordinates": [0.0, 0.0] }
    },
    {
      "type": "Feature",
      "properties": {
        "p1": 40823000756,
        "p59a": "1.0",
        "p59b": "3.0",
        "p59c": "1.0",
        "p59d": "31",
        "p59e": "10.0",
        "p59f": "1.0",
        "p59g": "4.0",
        "x": 0,
        "y": 0
      },
      "geometry": { "type": "Point", "coordinates": [0.0, 0.0] }
    },
    {
      "type": "Feature",
      "properties": {
        "p1": 40823000764,
        "p59a": null,
        "p59b": null,
        "p59c": null,
        "p59d": "XX",
        "p59e": null,
        "p59f": null,
        "p59g": null,
        "x": 0,
        "y": 0
      },
      "geometry": { "type": "Point", "coordinates": [0.0, 0.0] }
    },
    {
      "type": "Feature",
      "properties": {
        "p1": 40823000766,
        "p59a": "1.0",
        "p59b": "3.0",
        "p59c": "1.0",
        "p59d": "50",
        "p59e": "10.0",
        "p59f": "1.0",
        "p59g": "4.0",
        "x": 0,
        "y": 0
      },
      "geometry": { "type": "Point", "coordinates": [0.0, 0.0] }
    },
    {
      "type": "Feature",
      "properties": {
        "p1": 40823000768,
        "p59a": "1.0",
        "p59b": "3.0",
        "p59c": "1.0",
        "p59d": "49",
        "p59e": "10.0",
        "p59f": "1.0",
        "p59g": "4.0",
        "x": 0,
        "y": 0
      },
      "geometry": { "type": "Point", "coordinates": [0.0, 0.0] }
    },
    {
      "type": "Feature",
      "properties": {
        "p1": 40823000772,
        "p59a": "1.0",
        "p59b": "3.0",
        "p59c": "1.0",
        "p59d": "31",
        "p59e": "618.0",
        "p59f": "1.0",
        "p59g": "4.0",
        "x": 0,
        "y": 0
      },
      "geometry": { "type": "Point", "coordinates": [0.0, 0.0] }
    },
    {
      "type": "Feature",
      "properties": {
        "p1": 40823000776,
        "p59a": "1.0",
        "p59b": null,
        "p59c": null,
        "p59d": "XX",
        "p59e": null,
        "p59f": null,
        "p59g": null,
        "x": 0,
        "y": 0
      },
      "geometry": { "type": "Point", "coordinates": [0.0, 0.0] }
    },
    {
      "type": "Feature",
      "properties": {
        "p1": 40823000777,
        "p59a": null,
        "p59b": null,
        "p59c": null,
        "p59d": "XX",
        "p59e": null,
        "p59f": null,
        "p59g": null,
        "x": 0,
        "y": 0
      },
      "geometry": { "type": "Point", "coordinates": [0.0, 0.0] }
    },
    {
      "type": "Feature",
      "properties": {
        "p1": 40823000779,
        "p59a": "1.0",
        "p59b": "3.0",
        "p59c": "1.0",
        "p59d": "72",
        "p59e": "10.0",
        "p59f": "1.0",
        "p59g": "4.0",
        "x": 0,
        "y": 0
      },
      "geometry": { "type": "Point", "coordinates": [0.0, 0.0] }
    },
    {
      "type": "Feature",
      "properties": {
        "p1": 40823000784,
        "p59a": "1.0",
        "p59b": "3.0",
        "p59c": "1.0",
        "p59d": "20",
        "p59e": "10.0",
        "p59f": "1.0",
        "p59g": "4.0",
        "x": 0,
        "y": 0
      },
      "geometry": { "type": "Point", "coordinates": [0.0, 0.0] }
    },
    {
      "type": "Feature",
      "properties": {
        "p1": 40823000790,
        "p59a": "1.0",
        "p59b": "8.0",
        "p59c": "1.0",
        "p59d": "32",
        "p59e": "10.0",
        "p59f": "5.0",
        "p59g": "3.0",
        "x": 0,
        "y": 0
      },
      "geometry": { "type": "Point", "coordinates": [0.0, 0.0] }
    },
    {
      "type": "Feature",
      "properties": {
        "p1": 40823000801,
        "p59a": "1.0",
        "p59b": "3.0",
        "p59c": "2.0",
        "p59d": "51",
        "p59e": "10.0",
        "p59f": "1.0",
        "p59g": "4.0",
        "x": 0,
        "y": 0
      },
      "geometry": { "type": "Point", "coordinates": [0.0, 0.0] }
    },
    {
      "type": "Feature",
      "properties": {
        "p1": 40823000805,
        "p59a": null,
        "p59b": null,
        "p59c": null,
        "p59d": "XX",
        "p59e": null,
        "p59f": null,
        "p59g": null,
        "x": 0,
        "y": 0
      },
      "geometry": { "type": "Point", "coordinates": [0.0, 0.0] }
    },
    {
      "type": "Feature",
      "properties": {
        "p1": 40823000806,
        "p59a": "1.0",
        "p59b": "3.0",
        "p59c": "2.0",
        "p59d": "56",
        "p59e": "10.0",
        "p59f": "1.0",
        "p59g": "4.0",
        "x": 0,
        "y": 0
      },
      "geometry": { "type": "Point", "coordinates": [0.0, 0.0] }
    },
    {
      "type": "Feature",
      "properties": {
        "p1": 40823000808,
        "p59a": "1.0",
        "p59b": "3.0",
        "p59c": "1.0",
        "p59d": "71",
        "p59e": "10.0",
        "p59f": "1.0",
        "p59g": null,
        "x": 0,
        "y": 0
      },
      "geometry": { "type": "Point", "coordinates": [0.0, 0.0] }
    },
    {
      "type": "Feature",
      "properties": {
        "p1": 40823000809,
        "p59a": null,
        "p59b": null,
        "p59c": null,
        "p59d": "XX",
        "p59e": null,
        "p59f": null,
        "p59g": null,
        "x": 0,
        "y": 0
      },
      "geometry": { "type": "Point", "coordinates": [0.0, 0.0] }
    },
    {
      "type": "Feature",
      "properties": {
        "p1": 40823000811,
        "p59a": null,
        "p59b": null,
        "p59c": null,
        "p59d": null,
        "p59e": null,
        "p59f": null,
        "p59g": null,
        "x": 0,
        "y": 0
      },
      "geometry": { "type": "Point", "coordinates": [0.0, 0.0] }
    },
    {
      "type": "Feature",
      "properties": {
        "p1": 40823000813,
        "p59a": "1.0",
        "p59b": "3.0",
        "p59c": "1.0",
        "p59d": "83",
        "p59e": "10.0",
        "p59f": "1.0",
        "p59g": "4.0",
        "x": 0,
        "y": 0
      },
      "geometry": { "type": "Point", "coordinates": [0.0, 0.0] }
    },
    {
      "type": "Feature",
      "properties": {
        "p1": 40823000814,
        "p59a": null,
        "p59b": null,
        "p59c": null,
        "p59d": "XX",
        "p59e": null,
        "p59f": null,
        "p59g": null,
        "x": 0,
        "y": 0
      },
      "geometry": { "type": "Point", "coordinates": [0.0, 0.0] }
    },
    {
      "type": "Feature",
      "properties": {
        "p1": 40823000816,
        "p59a": "1.0",
        "p59b": null,
        "p59c": null,
        "p59d": "XX",
        "p59e": null,
        "p59f": null,
        "p59g": null,
        "x": 0,
        "y": 0
      },
      "geometry": { "type": "Point", "coordinates": [0.0, 0.0] }
    },
    {
      "type": "Feature",
      "properties": {
        "p1": 40823000818,
        "p59a": "1.0",
        "p59b": null,
        "p59c": null,
        "p59d": "XX",
        "p59e": null,
        "p59f": null,
        "p59g": null,
        "x": 0,
        "y": 0
      },
      "geometry": { "type": "Point", "coordinates": [0.0, 0.0] }
    },
    {
      "type": "Feature",
      "properties": {
        "p1": 40823000821,
        "p59a": "1.0",
        "p59b": "3.0",
        "p59c": "2.0",
        "p59d": "22",
        "p59e": "10.0",
        "p59f": "1.0",
        "p59g": "4.0",
        "x": 0,
        "y": 0
      },
      "geometry": { "type": "Point", "coordinates": [0.0, 0.0] }
    },
    {
      "type": "Feature",
      "properties": {
        "p1": 40823000827,
        "p59a": "1.0",
        "p59b": "3.0",
        "p59c": "1.0",
        "p59d": "24",
        "p59e": "10.0",
        "p59f": "1.0",
        "p59g": "4.0",
        "x": 0,
        "y": 0
      },
      "geometry": { "type": "Point", "coordinates": [0.0, 0.0] }
    },
    {
      "type": "Feature",
      "properties": {
        "p1": 40823000829,
        "p59a": "1.0",
        "p59b": "3.0",
        "p59c": "1.0",
        "p59d": "51",
        "p59e": "10.0",
        "p59f": "1.0",
        "p59g": "4.0",
        "x": 0,
        "y": 0
      },
      "geometry": { "type": "Point", "coordinates": [0.0, 0.0] }
    },
    {
      "type": "Feature",
      "properties": {
        "p1": 40823000830,
        "p59a": "1.0",
        "p59b": "3.0",
        "p59c": "1.0",
        "p59d": "57",
        "p59e": "10.0",
        "p59f": "1.0",
        "p59g": "4.0",
        "x": 0,
        "y": 0
      },
      "geometry": { "type": "Point", "coordinates": [0.0, 0.0] }
    },
    {
      "type": "Feature",
      "properties": {
        "p1": 40823000831,
        "p59a": "1.0",
        "p59b": "3.0",
        "p59c": "1.0",
        "p59d": "60",
        "p59e": "10.0",
        "p59f": "1.0",
        "p59g": "4.0",
        "x": 0,
        "y": 0
      },
      "geometry": { "type": "Point", "coordinates": [0.0, 0.0] }
    },
    {
      "type": "Feature",
      "properties": {
        "p1": 40823000838,
        "p59a": "1.0",
        "p59b": "3.0",
        "p59c": "2.0",
        "p59d": "44",
        "p59e": "10.0",
        "p59f": "1.0",
        "p59g": "4.0",
        "x": 0,
        "y": 0
      },
      "geometry": { "type": "Point", "coordinates": [0.0, 0.0] }
    },
    {
      "type": "Feature",
      "properties": {
        "p1": 40823000840,
        "p59a": null,
        "p59b": null,
        "p59c": null,
        "p59d": null,
        "p59e": null,
        "p59f": null,
        "p59g": null,
        "x": 0,
        "y": 0
      },
      "geometry": { "type": "Point", "coordinates": [0.0, 0.0] }
    },
    {
      "type": "Feature",
      "properties": {
        "p1": 40823000849,
        "p59a": "1.0",
        "p59b": "3.0",
        "p59c": "1.0",
        "p59d": "23",
        "p59e": "10.0",
        "p59f": "1.0",
        "p59g": "4.0",
        "x": 0,
        "y": 0
      },
      "geometry": { "type": "Point", "coordinates": [0.0, 0.0] }
    },
    {
      "type": "Feature",
      "properties": {
        "p1": 40823000851,
        "p59a": "1.0",
        "p59b": "3.0",
        "p59c": "2.0",
        "p59d": "84",
        "p59e": "10.0",
        "p59f": "1.0",
        "p59g": "4.0",
        "x": 0,
        "y": 0
      },
      "geometry": { "type": "Point", "coordinates": [0.0, 0.0] }
    },
    {
      "type": "Feature",
      "properties": {
        "p1": 40824000002,
        "p59a": "1.0",
        "p59b": "3.0",
        "p59c": "2.0",
        "p59d": "39",
        "p59e": "10.0",
        "p59f": "1.0",
        "p59g": "4.0",
        "x": 0,
        "y": 0
      },
      "geometry": { "type": "Point", "coordinates": [0.0, 0.0] }
    },
    {
      "type": "Feature",
      "properties": {
        "p1": 40824000004,
        "p59a": null,
        "p59b": null,
        "p59c": null,
        "p59d": null,
        "p59e": null,
        "p59f": null,
        "p59g": null,
        "x": 0,
        "y": 0
      },
      "geometry": { "type": "Point", "coordinates": [0.0, 0.0] }
    },
    {
      "type": "Feature",
      "properties": {
        "p1": 40824000012,
        "p59a": null,
        "p59b": null,
        "p59c": null,
        "p59d": null,
        "p59e": null,
        "p59f": null,
        "p59g": null,
        "x": 0,
        "y": 0
      },
      "geometry": { "type": "Point", "coordinates": [0.0, 0.0] }
    },
    {
      "type": "Feature",
      "properties": {
        "p1": 40824000013,
        "p59a": "1.0",
        "p59b": "3.0",
        "p59c": "1.0",
        "p59d": "55",
        "p59e": "10.0",
        "p59f": "1.0",
        "p59g": "4.0",
        "x": 0,
        "y": 0
      },
      "geometry": { "type": "Point", "coordinates": [0.0, 0.0] }
    },
    {
      "type": "Feature",
      "properties": {
        "p1": 40824000014,
        "p59a": null,
        "p59b": null,
        "p59c": null,
        "p59d": null,
        "p59e": null,
        "p59f": null,
        "p59g": null,
        "x": 0,
        "y": 0
      },
      "geometry": { "type": "Point", "coordinates": [0.0, 0.0] }
    },
    {
      "type": "Feature",
      "properties": {
        "p1": 40824000015,
        "p59a": null,
        "p59b": null,
        "p59c": null,
        "p59d": null,
        "p59e": null,
        "p59f": null,
        "p59g": null,
        "x": 0,
        "y": 0
      },
      "geometry": { "type": "Point", "coordinates": [0.0, 0.0] }
    },
    {
      "type": "Feature",
      "properties": {
        "p1": 40824000016,
        "p59a": null,
        "p59b": null,
        "p59c": null,
        "p59d": null,
        "p59e": null,
        "p59f": null,
        "p59g": null,
        "x": 0,
        "y": 0
      },
      "geometry": { "type": "Point", "coordinates": [0.0, 0.0] }
    },
    {
      "type": "Feature",
      "properties": {
        "p1": 40824000019,
        "p59a": "1.0",
        "p59b": "3.0",
        "p59c": "1.0",
        "p59d": "53",
        "p59e": "10.0",
        "p59f": "5.0",
        "p59g": "3.0",
        "x": 0,
        "y": 0
      },
      "geometry": { "type": "Point", "coordinates": [0.0, 0.0] }
    },
    {
      "type": "Feature",
      "properties": {
        "p1": 40824000020,
        "p59a": "1.0",
        "p59b": "3.0",
        "p59c": "1.0",
        "p59d": "29",
        "p59e": "10.0",
        "p59f": "1.0",
        "p59g": "4.0",
        "x": 0,
        "y": 0
      },
      "geometry": { "type": "Point", "coordinates": [0.0, 0.0] }
    },
    {
      "type": "Feature",
      "properties": {
        "p1": 40824000025,
        "p59a": null,
        "p59b": null,
        "p59c": null,
        "p59d": null,
        "p59e": null,
        "p59f": null,
        "p59g": null,
        "x": 0,
        "y": 0
      },
      "geometry": { "type": "Point", "coordinates": [0.0, 0.0] }
    },
    {
      "type": "Feature",
      "properties": {
        "p1": 40824000027,
        "p59a": null,
        "p59b": null,
        "p59c": null,
        "p59d": null,
        "p59e": null,
        "p59f": null,
        "p59g": null,
        "x": 0,
        "y": 0
      },
      "geometry": { "type": "Point", "coordinates": [0.0, 0.0] }
    },
    {
      "type": "Feature",
      "properties": {
        "p1": 40824000028,
        "p59a": null,
        "p59b": null,
        "p59c": null,
        "p59d": null,
        "p59e": null,
        "p59f": null,
        "p59g": null,
        "x": 0,
        "y": 0
      },
      "geometry": { "type": "Point", "coordinates": [0.0, 0.0] }
    },
    {
      "type": "Feature",
      "properties": {
        "p1": 40824000029,
        "p59a": "1.0",
        "p59b": "3.0",
        "p59c": "1.0",
        "p59d": "61",
        "p59e": "10.0",
        "p59f": "1.0",
        "p59g": "4.0",
        "x": 0,
        "y": 0
      },
      "geometry": { "type": "Point", "coordinates": [0.0, 0.0] }
    },
    {
      "type": "Feature",
      "properties": {
        "p1": 40824000035,
        "p59a": "1.0",
        "p59b": "3.0",
        "p59c": "1.0",
        "p59d": "47",
        "p59e": "10.0",
        "p59f": "1.0",
        "p59g": "4.0",
        "x": 0,
        "y": 0
      },
      "geometry": { "type": "Point", "coordinates": [0.0, 0.0] }
    },
    {
      "type": "Feature",
      "properties": {
        "p1": 40824000040,
        "p59a": null,
        "p59b": null,
        "p59c": null,
        "p59d": null,
        "p59e": null,
        "p59f": null,
        "p59g": null,
        "x": 0,
        "y": 0
      },
      "geometry": { "type": "Point", "coordinates": [0.0, 0.0] }
    },
    {
      "type": "Feature",
      "properties": {
        "p1": 40824000044,
        "p59a": null,
        "p59b": null,
        "p59c": null,
        "p59d": null,
        "p59e": null,
        "p59f": null,
        "p59g": null,
        "x": 0,
        "y": 0
      },
      "geometry": { "type": "Point", "coordinates": [0.0, 0.0] }
    },
    {
      "type": "Feature",
      "properties": {
        "p1": 40824000046,
        "p59a": null,
        "p59b": null,
        "p59c": null,
        "p59d": null,
        "p59e": null,
        "p59f": null,
        "p59g": null,
        "x": 0,
        "y": 0
      },
      "geometry": { "type": "Point", "coordinates": [0.0, 0.0] }
    },
    {
      "type": "Feature",
      "properties": {
        "p1": 40824000048,
        "p59a": "1.0",
        "p59b": "3.0",
        "p59c": "1.0",
        "p59d": "19",
        "p59e": "10.0",
        "p59f": "1.0",
        "p59g": "4.0",
        "x": 0,
        "y": 0
      },
      "geometry": { "type": "Point", "coordinates": [0.0, 0.0] }
    },
    {
      "type": "Feature",
      "properties": {
        "p1": 40824000049,
        "p59a": null,
        "p59b": null,
        "p59c": null,
        "p59d": null,
        "p59e": null,
        "p59f": null,
        "p59g": null,
        "x": 0,
        "y": 0
      },
      "geometry": { "type": "Point", "coordinates": [0.0, 0.0] }
    },
    {
      "type": "Feature",
      "properties": {
        "p1": 40824000060,
        "p59a": "1.0",
        "p59b": "3.0",
        "p59c": "1.0",
        "p59d": "46",
        "p59e": "10.0",
        "p59f": "1.0",
        "p59g": "4.0",
        "x": 0,
        "y": 0
      },
      "geometry": { "type": "Point", "coordinates": [0.0, 0.0] }
    },
    {
      "type": "Feature",
      "properties": {
        "p1": 40824000065,
        "p59a": "1.0",
        "p59b": "7.0",
        "p59c": "1.0",
        "p59d": "18",
        "p59e": "10.0",
        "p59f": "1.0",
        "p59g": "4.0",
        "x": 0,
        "y": 0
      },
      "geometry": { "type": "Point", "coordinates": [0.0, 0.0] }
    },
    {
      "type": "Feature",
      "properties": {
        "p1": 40824000067,
        "p59a": null,
        "p59b": null,
        "p59c": null,
        "p59d": null,
        "p59e": null,
        "p59f": null,
        "p59g": null,
        "x": 0,
        "y": 0
      },
      "geometry": { "type": "Point", "coordinates": [0.0, 0.0] }
    },
    {
      "type": "Feature",
      "properties": {
        "p1": 40824000068,
        "p59a": null,
        "p59b": null,
        "p59c": null,
        "p59d": null,
        "p59e": null,
        "p59f": null,
        "p59g": null,
        "x": 0,
        "y": 0
      },
      "geometry": { "type": "Point", "coordinates": [0.0, 0.0] }
    },
    {
      "type": "Feature",
      "properties": {
        "p1": 40824000069,
        "p59a": "1.0",
        "p59b": "3.0",
        "p59c": "1.0",
        "p59d": "49",
        "p59e": "10.0",
        "p59f": "1.0",
        "p59g": "4.0",
        "x": 0,
        "y": 0
      },
      "geometry": { "type": "Point", "coordinates": [0.0, 0.0] }
    },
    {
      "type": "Feature",
      "properties": {
        "p1": 40824000075,
        "p59a": "1.0",
        "p59b": "3.0",
        "p59c": "1.0",
        "p59d": "21",
        "p59e": "10.0",
        "p59f": "1.0",
        "p59g": "4.0",
        "x": 0,
        "y": 0
      },
      "geometry": { "type": "Point", "coordinates": [0.0, 0.0] }
    },
    {
      "type": "Feature",
      "properties": {
        "p1": 40824000078,
        "p59a": null,
        "p59b": null,
        "p59c": null,
        "p59d": null,
        "p59e": null,
        "p59f": null,
        "p59g": null,
        "x": 0,
        "y": 0
      },
      "geometry": { "type": "Point", "coordinates": [0.0, 0.0] }
    },
    {
      "type": "Feature",
      "properties": {
        "p1": 40824000080,
        "p59a": "1.0",
        "p59b": "3.0",
        "p59c": "1.0",
        "p59d": "59",
        "p59e": "10.0",
        "p59f": "1.0",
        "p59g": "4.0",
        "x": 0,
        "y": 0
      },
      "geometry": { "type": "Point", "coordinates": [0.0, 0.0] }
    },
    {
      "type": "Feature",
      "properties": {
        "p1": 40824000088,
        "p59a": "1.0",
        "p59b": "3.0",
        "p59c": "1.0",
        "p59d": "22",
        "p59e": "50.0",
        "p59f": "1.0",
        "p59g": "4.0",
        "x": 0,
        "y": 0
      },
      "geometry": { "type": "Point", "coordinates": [0.0, 0.0] }
    },
    {
      "type": "Feature",
      "properties": {
        "p1": 40824000090,
        "p59a": null,
        "p59b": null,
        "p59c": null,
        "p59d": null,
        "p59e": null,
        "p59f": null,
        "p59g": "4.0",
        "x": 0,
        "y": 0
      },
      "geometry": { "type": "Point", "coordinates": [0.0, 0.0] }
    },
    {
      "type": "Feature",
      "properties": {
        "p1": 40824000097,
        "p59a": null,
        "p59b": null,
        "p59c": null,
        "p59d": null,
        "p59e": null,
        "p59f": null,
        "p59g": null,
        "x": 0,
        "y": 0
      },
      "geometry": { "type": "Point", "coordinates": [0.0, 0.0] }
    },
    {
      "type": "Feature",
      "properties": {
        "p1": 40824000098,
        "p59a": null,
        "p59b": null,
        "p59c": null,
        "p59d": null,
        "p59e": null,
        "p59f": null,
        "p59g": null,
        "x": 0,
        "y": 0
      },
      "geometry": { "type": "Point", "coordinates": [0.0, 0.0] }
    },
    {
      "type": "Feature",
      "properties": {
        "p1": 40824000099,
        "p59a": "1.0",
        "p59b": "3.0",
        "p59c": "1.0",
        "p59d": "47",
        "p59e": "340.0",
        "p59f": "1.0",
        "p59g": "4.0",
        "x": 0,
        "y": 0
      },
      "geometry": { "type": "Point", "coordinates": [0.0, 0.0] }
    },
    {
      "type": "Feature",
      "properties": {
        "p1": 40824000101,
        "p59a": null,
        "p59b": null,
        "p59c": null,
        "p59d": null,
        "p59e": null,
        "p59f": null,
        "p59g": null,
        "x": 0,
        "y": 0
      },
      "geometry": { "type": "Point", "coordinates": [0.0, 0.0] }
    },
    {
      "type": "Feature",
      "properties": {
        "p1": 40824000103,
        "p59a": "1.0",
        "p59b": "3.0",
        "p59c": "2.0",
        "p59d": "37",
        "p59e": "10.0",
        "p59f": "1.0",
        "p59g": "4.0",
        "x": 0,
        "y": 0
      },
      "geometry": { "type": "Point", "coordinates": [0.0, 0.0] }
    },
    {
      "type": "Feature",
      "properties": {
        "p1": 40824000106,
        "p59a": null,
        "p59b": null,
        "p59c": null,
        "p59d": null,
        "p59e": null,
        "p59f": null,
        "p59g": null,
        "x": 0,
        "y": 0
      },
      "geometry": { "type": "Point", "coordinates": [0.0, 0.0] }
    },
    {
      "type": "Feature",
      "properties": {
        "p1": 40824000111,
        "p59a": "1.0",
        "p59b": "3.0",
        "p59c": "1.0",
        "p59d": "71",
        "p59e": "10.0",
        "p59f": "1.0",
        "p59g": "4.0",
        "x": 0,
        "y": 0
      },
      "geometry": { "type": "Point", "coordinates": [0.0, 0.0] }
    },
    {
      "type": "Feature",
      "properties": {
        "p1": 40824000118,
        "p59a": "1.0",
        "p59b": "3.0",
        "p59c": "1.0",
        "p59d": "20",
        "p59e": "10.0",
        "p59f": "1.0",
        "p59g": "4.0",
        "x": 0,
        "y": 0
      },
      "geometry": { "type": "Point", "coordinates": [0.0, 0.0] }
    },
    {
      "type": "Feature",
      "properties": {
        "p1": 40824000120,
        "p59a": "1.0",
        "p59b": "3.0",
        "p59c": "1.0",
        "p59d": "79",
        "p59e": "10.0",
        "p59f": "1.0",
        "p59g": "4.0",
        "x": 0,
        "y": 0
      },
      "geometry": { "type": "Point", "coordinates": [0.0, 0.0] }
    },
    {
      "type": "Feature",
      "properties": {
        "p1": 40824000124,
        "p59a": null,
        "p59b": null,
        "p59c": null,
        "p59d": null,
        "p59e": null,
        "p59f": null,
        "p59g": null,
        "x": 0,
        "y": 0
      },
      "geometry": { "type": "Point", "coordinates": [0.0, 0.0] }
    },
    {
      "type": "Feature",
      "properties": {
        "p1": 40824000127,
        "p59a": "1.0",
        "p59b": "3.0",
        "p59c": "1.0",
        "p59d": "51",
        "p59e": "10.0",
        "p59f": "1.0",
        "p59g": "4.0",
        "x": 0,
        "y": 0
      },
      "geometry": { "type": "Point", "coordinates": [0.0, 0.0] }
    },
    {
      "type": "Feature",
      "properties": {
        "p1": 40824000129,
        "p59a": "1.0",
        "p59b": "3.0",
        "p59c": "1.0",
        "p59d": "54",
        "p59e": "10.0",
        "p59f": "1.0",
        "p59g": "4.0",
        "x": 0,
        "y": 0
      },
      "geometry": { "type": "Point", "coordinates": [0.0, 0.0] }
    },
    {
      "type": "Feature",
      "properties": {
        "p1": 40824000131,
        "p59a": null,
        "p59b": null,
        "p59c": null,
        "p59d": null,
        "p59e": null,
        "p59f": null,
        "p59g": null,
        "x": 0,
        "y": 0
      },
      "geometry": { "type": "Point", "coordinates": [0.0, 0.0] }
    },
    {
      "type": "Feature",
      "properties": {
        "p1": 40824000132,
        "p59a": "1.0",
        "p59b": "3.0",
        "p59c": "1.0",
        "p59d": "64",
        "p59e": "10.0",
        "p59f": "1.0",
        "p59g": "4.0",
        "x": 0,
        "y": 0
      },
      "geometry": { "type": "Point", "coordinates": [0.0, 0.0] }
    },
    {
      "type": "Feature",
      "properties": {
        "p1": 40824000133,
        "p59a": null,
        "p59b": null,
        "p59c": null,
        "p59d": null,
        "p59e": null,
        "p59f": null,
        "p59g": null,
        "x": 0,
        "y": 0
      },
      "geometry": { "type": "Point", "coordinates": [0.0, 0.0] }
    },
    {
      "type": "Feature",
      "properties": {
        "p1": 40824000145,
        "p59a": "1.0",
        "p59b": "7.0",
        "p59c": "2.0",
        "p59d": "26",
        "p59e": "104.0",
        "p59f": "1.0",
        "p59g": "4.0",
        "x": 0,
        "y": 0
      },
      "geometry": { "type": "Point", "coordinates": [0.0, 0.0] }
    },
    {
      "type": "Feature",
      "properties": {
        "p1": 40824000147,
        "p59a": null,
        "p59b": null,
        "p59c": null,
        "p59d": null,
        "p59e": null,
        "p59f": null,
        "p59g": null,
        "x": 0,
        "y": 0
      },
      "geometry": { "type": "Point", "coordinates": [0.0, 0.0] }
    },
    {
      "type": "Feature",
      "properties": {
        "p1": 40824000149,
        "p59a": null,
        "p59b": null,
        "p59c": null,
        "p59d": null,
        "p59e": null,
        "p59f": null,
        "p59g": null,
        "x": 0,
        "y": 0
      },
      "geometry": { "type": "Point", "coordinates": [0.0, 0.0] }
    },
    {
      "type": "Feature",
      "properties": {
        "p1": 40824000150,
        "p59a": null,
        "p59b": null,
        "p59c": null,
        "p59d": null,
        "p59e": null,
        "p59f": null,
        "p59g": null,
        "x": 0,
        "y": 0
      },
      "geometry": { "type": "Point", "coordinates": [0.0, 0.0] }
    },
    {
      "type": "Feature",
      "properties": {
        "p1": 40824000153,
        "p59a": null,
        "p59b": null,
        "p59c": null,
        "p59d": null,
        "p59e": null,
        "p59f": null,
        "p59g": "4.0",
        "x": 0,
        "y": 0
      },
      "geometry": { "type": "Point", "coordinates": [0.0, 0.0] }
    },
    {
      "type": "Feature",
      "properties": {
        "p1": 40824000154,
        "p59a": "1.0",
        "p59b": "3.0",
        "p59c": "2.0",
        "p59d": "44",
        "p59e": "10.0",
        "p59f": "1.0",
        "p59g": "4.0",
        "x": 0,
        "y": 0
      },
      "geometry": { "type": "Point", "coordinates": [0.0, 0.0] }
    },
    {
      "type": "Feature",
      "properties": {
        "p1": 40824000156,
        "p59a": null,
        "p59b": null,
        "p59c": null,
        "p59d": null,
        "p59e": null,
        "p59f": null,
        "p59g": null,
        "x": 0,
        "y": 0
      },
      "geometry": { "type": "Point", "coordinates": [0.0, 0.0] }
    },
    {
      "type": "Feature",
      "properties": {
        "p1": 40824000159,
        "p59a": null,
        "p59b": null,
        "p59c": null,
        "p59d": null,
        "p59e": null,
        "p59f": null,
        "p59g": null,
        "x": 0,
        "y": 0
      },
      "geometry": { "type": "Point", "coordinates": [0.0, 0.0] }
    },
    {
      "type": "Feature",
      "properties": {
        "p1": 40824000165,
        "p59a": "1.0",
        "p59b": "3.0",
        "p59c": "1.0",
        "p59d": "32",
        "p59e": "99.0",
        "p59f": "1.0",
        "p59g": "4.0",
        "x": 0,
        "y": 0
      },
      "geometry": { "type": "Point", "coordinates": [0.0, 0.0] }
    },
    {
      "type": "Feature",
      "properties": {
        "p1": 40824000166,
        "p59a": "1.0",
        "p59b": "3.0",
        "p59c": "1.0",
        "p59d": "57",
        "p59e": "10.0",
        "p59f": "1.0",
        "p59g": "4.0",
        "x": 0,
        "y": 0
      },
      "geometry": { "type": "Point", "coordinates": [0.0, 0.0] }
    },
    {
      "type": "Feature",
      "properties": {
        "p1": 40824000167,
        "p59a": "1.0",
        "p59b": "3.0",
        "p59c": "2.0",
        "p59d": "44",
        "p59e": "10.0",
        "p59f": "1.0",
        "p59g": "4.0",
        "x": 0,
        "y": 0
      },
      "geometry": { "type": "Point", "coordinates": [0.0, 0.0] }
    },
    {
      "type": "Feature",
      "properties": {
        "p1": 40824000172,
        "p59a": null,
        "p59b": null,
        "p59c": null,
        "p59d": null,
        "p59e": null,
        "p59f": null,
        "p59g": null,
        "x": 0,
        "y": 0
      },
      "geometry": { "type": "Point", "coordinates": [0.0, 0.0] }
    },
    {
      "type": "Feature",
      "properties": {
        "p1": 40824000173,
        "p59a": "1.0",
        "p59b": "3.0",
        "p59c": "1.0",
        "p59d": "49",
        "p59e": "10.0",
        "p59f": "1.0",
        "p59g": "4.0",
        "x": 0,
        "y": 0
      },
      "geometry": { "type": "Point", "coordinates": [0.0, 0.0] }
    },
    {
      "type": "Feature",
      "properties": {
        "p1": 40824000174,
        "p59a": null,
        "p59b": null,
        "p59c": null,
        "p59d": null,
        "p59e": null,
        "p59f": null,
        "p59g": null,
        "x": 0,
        "y": 0
      },
      "geometry": { "type": "Point", "coordinates": [0.0, 0.0] }
    },
    {
      "type": "Feature",
      "properties": {
        "p1": 40824000176,
        "p59a": null,
        "p59b": null,
        "p59c": null,
        "p59d": null,
        "p59e": null,
        "p59f": null,
        "p59g": "4.0",
        "x": 0,
        "y": 0
      },
      "geometry": { "type": "Point", "coordinates": [0.0, 0.0] }
    },
    {
      "type": "Feature",
      "properties": {
        "p1": 40824000179,
        "p59a": null,
        "p59b": null,
        "p59c": null,
        "p59d": null,
        "p59e": null,
        "p59f": null,
        "p59g": null,
        "x": 0,
        "y": 0
      },
      "geometry": { "type": "Point", "coordinates": [0.0, 0.0] }
    },
    {
      "type": "Feature",
      "properties": {
        "p1": 40824000180,
        "p59a": null,
        "p59b": null,
        "p59c": null,
        "p59d": null,
        "p59e": null,
        "p59f": null,
        "p59g": null,
        "x": 0,
        "y": 0
      },
      "geometry": { "type": "Point", "coordinates": [0.0, 0.0] }
    },
    {
      "type": "Feature",
      "properties": {
        "p1": 40824000181,
        "p59a": "1.0",
        "p59b": "3.0",
        "p59c": "2.0",
        "p59d": "42",
        "p59e": "10.0",
        "p59f": "1.0",
        "p59g": "4.0",
        "x": 0,
        "y": 0
      },
      "geometry": { "type": "Point", "coordinates": [0.0, 0.0] }
    },
    {
      "type": "Feature",
      "properties": {
        "p1": 40824000182,
        "p59a": "1.0",
        "p59b": "3.0",
        "p59c": "2.0",
        "p59d": "56",
        "p59e": "10.0",
        "p59f": "1.0",
        "p59g": "4.0",
        "x": 0,
        "y": 0
      },
      "geometry": { "type": "Point", "coordinates": [0.0, 0.0] }
    },
    {
      "type": "Feature",
      "properties": {
        "p1": 40824000186,
        "p59a": "1.0",
        "p59b": "3.0",
        "p59c": "1.0",
        "p59d": "50",
        "p59e": "10.0",
        "p59f": "1.0",
        "p59g": "4.0",
        "x": 0,
        "y": 0
      },
      "geometry": { "type": "Point", "coordinates": [0.0, 0.0] }
    },
    {
      "type": "Feature",
      "properties": {
        "p1": 40824000190,
        "p59a": "1.0",
        "p59b": "7.0",
        "p59c": "2.0",
        "p59d": "66",
        "p59e": "10.0",
        "p59f": "1.0",
        "p59g": "4.0",
        "x": 0,
        "y": 0
      },
      "geometry": { "type": "Point", "coordinates": [0.0, 0.0] }
    },
    {
      "type": "Feature",
      "properties": {
        "p1": 40824000191,
        "p59a": null,
        "p59b": null,
        "p59c": null,
        "p59d": null,
        "p59e": null,
        "p59f": null,
        "p59g": null,
        "x": 0,
        "y": 0
      },
      "geometry": { "type": "Point", "coordinates": [0.0, 0.0] }
    },
    {
      "type": "Feature",
      "properties": {
        "p1": 40824000194,
        "p59a": null,
        "p59b": null,
        "p59c": null,
        "p59d": null,
        "p59e": null,
        "p59f": null,
        "p59g": null,
        "x": 0,
        "y": 0
      },
      "geometry": { "type": "Point", "coordinates": [0.0, 0.0] }
    },
    {
      "type": "Feature",
      "properties": {
        "p1": 40824000199,
        "p59a": "1.0",
        "p59b": "3.0",
        "p59c": "2.0",
        "p59d": "57",
        "p59e": "10.0",
        "p59f": "1.0",
        "p59g": "4.0",
        "x": 0,
        "y": 0
      },
      "geometry": { "type": "Point", "coordinates": [0.0, 0.0] }
    },
    {
      "type": "Feature",
      "properties": {
        "p1": 40824000203,
        "p59a": "1.0",
        "p59b": "3.0",
        "p59c": "2.0",
        "p59d": "36",
        "p59e": "10.0",
        "p59f": "1.0",
        "p59g": "4.0",
        "x": 0,
        "y": 0
      },
      "geometry": { "type": "Point", "coordinates": [0.0, 0.0] }
    },
    {
      "type": "Feature",
      "properties": {
        "p1": 40824000204,
        "p59a": null,
        "p59b": null,
        "p59c": null,
        "p59d": null,
        "p59e": null,
        "p59f": null,
        "p59g": null,
        "x": 0,
        "y": 0
      },
      "geometry": { "type": "Point", "coordinates": [0.0, 0.0] }
    },
    {
      "type": "Feature",
      "properties": {
        "p1": 40824000205,
        "p59a": null,
        "p59b": null,
        "p59c": null,
        "p59d": null,
        "p59e": null,
        "p59f": null,
        "p59g": null,
        "x": 0,
        "y": 0
      },
      "geometry": { "type": "Point", "coordinates": [0.0, 0.0] }
    },
    {
      "type": "Feature",
      "properties": {
        "p1": 40824000206,
        "p59a": "1.0",
        "p59b": "3.0",
        "p59c": "1.0",
        "p59d": "40",
        "p59e": "10.0",
        "p59f": "1.0",
        "p59g": "4.0",
        "x": 0,
        "y": 0
      },
      "geometry": { "type": "Point", "coordinates": [0.0, 0.0] }
    },
    {
      "type": "Feature",
      "properties": {
        "p1": 40824000208,
        "p59a": null,
        "p59b": null,
        "p59c": null,
        "p59d": null,
        "p59e": null,
        "p59f": null,
        "p59g": null,
        "x": 0,
        "y": 0
      },
      "geometry": { "type": "Point", "coordinates": [0.0, 0.0] }
    },
    {
      "type": "Feature",
      "properties": {
        "p1": 40824000209,
        "p59a": null,
        "p59b": null,
        "p59c": null,
        "p59d": null,
        "p59e": null,
        "p59f": null,
        "p59g": null,
        "x": 0,
        "y": 0
      },
      "geometry": { "type": "Point", "coordinates": [0.0, 0.0] }
    },
    {
      "type": "Feature",
      "properties": {
        "p1": 40824000210,
        "p59a": "1.0",
        "p59b": "3.0",
        "p59c": "2.0",
        "p59d": "38",
        "p59e": "10.0",
        "p59f": "1.0",
        "p59g": "4.0",
        "x": 0,
        "y": 0
      },
      "geometry": { "type": "Point", "coordinates": [0.0, 0.0] }
    },
    {
      "type": "Feature",
      "properties": {
        "p1": 40824000215,
        "p59a": "1.0",
        "p59b": "3.0",
        "p59c": "1.0",
        "p59d": "60",
        "p59e": "10.0",
        "p59f": "1.0",
        "p59g": "4.0",
        "x": 0,
        "y": 0
      },
      "geometry": { "type": "Point", "coordinates": [0.0, 0.0] }
    },
    {
      "type": "Feature",
      "properties": {
        "p1": 40824000217,
        "p59a": null,
        "p59b": null,
        "p59c": null,
        "p59d": null,
        "p59e": null,
        "p59f": null,
        "p59g": null,
        "x": 0,
        "y": 0
      },
      "geometry": { "type": "Point", "coordinates": [0.0, 0.0] }
    },
    {
      "type": "Feature",
      "properties": {
        "p1": 40824000218,
        "p59a": null,
        "p59b": null,
        "p59c": null,
        "p59d": null,
        "p59e": null,
        "p59f": null,
        "p59g": null,
        "x": 0,
        "y": 0
      },
      "geometry": { "type": "Point", "coordinates": [0.0, 0.0] }
    },
    {
      "type": "Feature",
      "properties": {
        "p1": 40824000221,
        "p59a": "1.0",
        "p59b": "3.0",
        "p59c": "1.0",
        "p59d": "36",
        "p59e": "10.0",
        "p59f": "1.0",
        "p59g": "4.0",
        "x": 0,
        "y": 0
      },
      "geometry": { "type": "Point", "coordinates": [0.0, 0.0] }
    },
    {
      "type": "Feature",
      "properties": {
        "p1": 40824000222,
        "p59a": null,
        "p59b": null,
        "p59c": null,
        "p59d": null,
        "p59e": null,
        "p59f": null,
        "p59g": null,
        "x": 0,
        "y": 0
      },
      "geometry": { "type": "Point", "coordinates": [0.0, 0.0] }
    },
    {
      "type": "Feature",
      "properties": {
        "p1": 40824000225,
        "p59a": "1.0",
        "p59b": "3.0",
        "p59c": "2.0",
        "p59d": "69",
        "p59e": "10.0",
        "p59f": "1.0",
        "p59g": "4.0",
        "x": 0,
        "y": 0
      },
      "geometry": { "type": "Point", "coordinates": [0.0, 0.0] }
    },
    {
      "type": "Feature",
      "properties": {
        "p1": 40824000226,
        "p59a": null,
        "p59b": null,
        "p59c": null,
        "p59d": null,
        "p59e": null,
        "p59f": null,
        "p59g": "4.0",
        "x": 0,
        "y": 0
      },
      "geometry": { "type": "Point", "coordinates": [0.0, 0.0] }
    },
    {
      "type": "Feature",
      "properties": {
        "p1": 40824000227,
        "p59a": "1.0",
        "p59b": "3.0",
        "p59c": "1.0",
        "p59d": "52",
        "p59e": "10.0",
        "p59f": "1.0",
        "p59g": "4.0",
        "x": 0,
        "y": 0
      },
      "geometry": { "type": "Point", "coordinates": [0.0, 0.0] }
    },
    {
      "type": "Feature",
      "properties": {
        "p1": 40824000233,
        "p59a": null,
        "p59b": null,
        "p59c": null,
        "p59d": null,
        "p59e": null,
        "p59f": null,
        "p59g": null,
        "x": 0,
        "y": 0
      },
      "geometry": { "type": "Point", "coordinates": [0.0, 0.0] }
    },
    {
      "type": "Feature",
      "properties": {
        "p1": 40824000234,
        "p59a": "1.0",
        "p59b": "3.0",
        "p59c": "1.0",
        "p59d": "51",
        "p59e": "10.0",
        "p59f": "1.0",
        "p59g": "4.0",
        "x": 0,
        "y": 0
      },
      "geometry": { "type": "Point", "coordinates": [0.0, 0.0] }
    },
    {
      "type": "Feature",
      "properties": {
        "p1": 40824000236,
        "p59a": null,
        "p59b": null,
        "p59c": null,
        "p59d": null,
        "p59e": null,
        "p59f": null,
        "p59g": null,
        "x": 0,
        "y": 0
      },
      "geometry": { "type": "Point", "coordinates": [0.0, 0.0] }
    },
    {
      "type": "Feature",
      "properties": {
        "p1": 40824000237,
        "p59a": "1.0",
        "p59b": "3.0",
        "p59c": "1.0",
        "p59d": "36",
        "p59e": "10.0",
        "p59f": "1.0",
        "p59g": "4.0",
        "x": 0,
        "y": 0
      },
      "geometry": { "type": "Point", "coordinates": [0.0, 0.0] }
    },
    {
      "type": "Feature",
      "properties": {
        "p1": 40824000241,
        "p59a": null,
        "p59b": null,
        "p59c": null,
        "p59d": null,
        "p59e": null,
        "p59f": null,
        "p59g": null,
        "x": 0,
        "y": 0
      },
      "geometry": { "type": "Point", "coordinates": [0.0, 0.0] }
    },
    {
      "type": "Feature",
      "properties": {
        "p1": 40824000243,
        "p59a": "1.0",
        "p59b": "3.0",
        "p59c": "1.0",
        "p59d": "79",
        "p59e": "10.0",
        "p59f": "1.0",
        "p59g": "4.0",
        "x": 0,
        "y": 0
      },
      "geometry": { "type": "Point", "coordinates": [0.0, 0.0] }
    },
    {
      "type": "Feature",
      "properties": {
        "p1": 40824000244,
        "p59a": "1.0",
        "p59b": "3.0",
        "p59c": "1.0",
        "p59d": "76",
        "p59e": "10.0",
        "p59f": "1.0",
        "p59g": "4.0",
        "x": 0,
        "y": 0
      },
      "geometry": { "type": "Point", "coordinates": [0.0, 0.0] }
    },
    {
      "type": "Feature",
      "properties": {
        "p1": 40824000245,
        "p59a": "1.0",
        "p59b": "3.0",
        "p59c": "1.0",
        "p59d": "67",
        "p59e": "10.0",
        "p59f": "1.0",
        "p59g": "4.0",
        "x": 0,
        "y": 0
      },
      "geometry": { "type": "Point", "coordinates": [0.0, 0.0] }
    },
    {
      "type": "Feature",
      "properties": {
        "p1": 40824000248,
        "p59a": null,
        "p59b": null,
        "p59c": null,
        "p59d": null,
        "p59e": null,
        "p59f": null,
        "p59g": null,
        "x": 0,
        "y": 0
      },
      "geometry": { "type": "Point", "coordinates": [0.0, 0.0] }
    },
    {
      "type": "Feature",
      "properties": {
        "p1": 40824000250,
        "p59a": "1.0",
        "p59b": "3.0",
        "p59c": "1.0",
        "p59d": "29",
        "p59e": "10.0",
        "p59f": "1.0",
        "p59g": "4.0",
        "x": 0,
        "y": 0
      },
      "geometry": { "type": "Point", "coordinates": [0.0, 0.0] }
    },
    {
      "type": "Feature",
      "properties": {
        "p1": 40824000255,
        "p59a": null,
        "p59b": null,
        "p59c": null,
        "p59d": null,
        "p59e": null,
        "p59f": null,
        "p59g": null,
        "x": 0,
        "y": 0
      },
      "geometry": { "type": "Point", "coordinates": [0.0, 0.0] }
    },
    {
      "type": "Feature",
      "properties": {
        "p1": 40824000256,
        "p59a": "1.0",
        "p59b": "3.0",
        "p59c": "1.0",
        "p59d": "33",
        "p59e": "10.0",
        "p59f": "1.0",
        "p59g": "4.0",
        "x": 0,
        "y": 0
      },
      "geometry": { "type": "Point", "coordinates": [0.0, 0.0] }
    },
    {
      "type": "Feature",
      "properties": {
        "p1": 40824000259,
        "p59a": "1.0",
        "p59b": "3.0",
        "p59c": "1.0",
        "p59d": "40",
        "p59e": "10.0",
        "p59f": "1.0",
        "p59g": "4.0",
        "x": 0,
        "y": 0
      },
      "geometry": { "type": "Point", "coordinates": [0.0, 0.0] }
    },
    {
      "type": "Feature",
      "properties": {
        "p1": 40824000261,
        "p59a": null,
        "p59b": null,
        "p59c": null,
        "p59d": null,
        "p59e": null,
        "p59f": null,
        "p59g": null,
        "x": 0,
        "y": 0
      },
      "geometry": { "type": "Point", "coordinates": [0.0, 0.0] }
    },
    {
      "type": "Feature",
      "properties": {
        "p1": 40824000265,
        "p59a": "1.0",
        "p59b": "3.0",
        "p59c": "2.0",
        "p59d": "61",
        "p59e": "10.0",
        "p59f": "1.0",
        "p59g": "4.0",
        "x": 0,
        "y": 0
      },
      "geometry": { "type": "Point", "coordinates": [0.0, 0.0] }
    },
    {
      "type": "Feature",
      "properties": {
        "p1": 40824000266,
        "p59a": "1.0",
        "p59b": "7.0",
        "p59c": "2.0",
        "p59d": "19",
        "p59e": "10.0",
        "p59f": "1.0",
        "p59g": "4.0",
        "x": 0,
        "y": 0
      },
      "geometry": { "type": "Point", "coordinates": [0.0, 0.0] }
    },
    {
      "type": "Feature",
      "properties": {
        "p1": 40824000268,
        "p59a": null,
        "p59b": null,
        "p59c": null,
        "p59d": null,
        "p59e": null,
        "p59f": null,
        "p59g": null,
        "x": 0,
        "y": 0
      },
      "geometry": { "type": "Point", "coordinates": [0.0, 0.0] }
    },
    {
      "type": "Feature",
      "properties": {
        "p1": 40824000272,
        "p59a": "1.0",
        "p59b": "3.0",
        "p59c": "1.0",
        "p59d": "60",
        "p59e": "10.0",
        "p59f": "1.0",
        "p59g": "4.0",
        "x": 0,
        "y": 0
      },
      "geometry": { "type": "Point", "coordinates": [0.0, 0.0] }
    },
    {
      "type": "Feature",
      "properties": {
        "p1": 40824000273,
        "p59a": "1.0",
        "p59b": "2.0",
        "p59c": "4.0",
        "p59d": "12",
        "p59e": "10.0",
        "p59f": "5.0",
        "p59g": "3.0",
        "x": 0,
        "y": 0
      },
      "geometry": { "type": "Point", "coordinates": [0.0, 0.0] }
    },
    {
      "type": "Feature",
      "properties": {
        "p1": 40824000275,
        "p59a": "1.0",
        "p59b": "3.0",
        "p59c": "1.0",
        "p59d": "41",
        "p59e": "10.0",
        "p59f": "1.0",
        "p59g": "4.0",
        "x": 0,
        "y": 0
      },
      "geometry": { "type": "Point", "coordinates": [0.0, 0.0] }
    },
    {
      "type": "Feature",
      "properties": {
        "p1": 40824000276,
        "p59a": null,
        "p59b": null,
        "p59c": null,
        "p59d": null,
        "p59e": null,
        "p59f": null,
        "p59g": null,
        "x": 0,
        "y": 0
      },
      "geometry": { "type": "Point", "coordinates": [0.0, 0.0] }
    },
    {
      "type": "Feature",
      "properties": {
        "p1": 40824000278,
        "p59a": "1.0",
        "p59b": "3.0",
        "p59c": "1.0",
        "p59d": "25",
        "p59e": "10.0",
        "p59f": "1.0",
        "p59g": "4.0",
        "x": 0,
        "y": 0
      },
      "geometry": { "type": "Point", "coordinates": [0.0, 0.0] }
    },
    {
      "type": "Feature",
      "properties": {
        "p1": 40824000280,
        "p59a": "1.0",
        "p59b": "3.0",
        "p59c": "1.0",
        "p59d": "33",
        "p59e": "10.0",
        "p59f": "1.0",
        "p59g": "4.0",
        "x": 0,
        "y": 0
      },
      "geometry": { "type": "Point", "coordinates": [0.0, 0.0] }
    },
    {
      "type": "Feature",
      "properties": {
        "p1": 40824000284,
        "p59a": "1.0",
        "p59b": "3.0",
        "p59c": "2.0",
        "p59d": "19",
        "p59e": "10.0",
        "p59f": "1.0",
        "p59g": "4.0",
        "x": 0,
        "y": 0
      },
      "geometry": { "type": "Point", "coordinates": [0.0, 0.0] }
    },
    {
      "type": "Feature",
      "properties": {
        "p1": 40824000285,
        "p59a": "1.0",
        "p59b": "3.0",
        "p59c": "1.0",
        "p59d": "69",
        "p59e": "10.0",
        "p59f": "1.0",
        "p59g": "4.0",
        "x": 0,
        "y": 0
      },
      "geometry": { "type": "Point", "coordinates": [0.0, 0.0] }
    },
    {
      "type": "Feature",
      "properties": {
        "p1": 40824000286,
        "p59a": null,
        "p59b": null,
        "p59c": null,
        "p59d": null,
        "p59e": null,
        "p59f": null,
        "p59g": null,
        "x": 0,
        "y": 0
      },
      "geometry": { "type": "Point", "coordinates": [0.0, 0.0] }
    },
    {
      "type": "Feature",
      "properties": {
        "p1": 40824000288,
        "p59a": "1.0",
        "p59b": "7.0",
        "p59c": "1.0",
        "p59d": "42",
        "p59e": "160.0",
        "p59f": "1.0",
        "p59g": "4.0",
        "x": 0,
        "y": 0
      },
      "geometry": { "type": "Point", "coordinates": [0.0, 0.0] }
    },
    {
      "type": "Feature",
      "properties": {
        "p1": 40824000290,
        "p59a": null,
        "p59b": null,
        "p59c": null,
        "p59d": null,
        "p59e": null,
        "p59f": null,
        "p59g": null,
        "x": 0,
        "y": 0
      },
      "geometry": { "type": "Point", "coordinates": [0.0, 0.0] }
    },
    {
      "type": "Feature",
      "properties": {
        "p1": 40824000293,
        "p59a": null,
        "p59b": null,
        "p59c": null,
        "p59d": null,
        "p59e": null,
        "p59f": null,
        "p59g": null,
        "x": 0,
        "y": 0
      },
      "geometry": { "type": "Point", "coordinates": [0.0, 0.0] }
    },
    {
      "type": "Feature",
      "properties": {
        "p1": 40824000297,
        "p59a": "1.0",
        "p59b": "3.0",
        "p59c": "2.0",
        "p59d": "19",
        "p59e": "10.0",
        "p59f": "1.0",
        "p59g": "4.0",
        "x": 0,
        "y": 0
      },
      "geometry": { "type": "Point", "coordinates": [0.0, 0.0] }
    },
    {
      "type": "Feature",
      "properties": {
        "p1": 40824000298,
        "p59a": "1.0",
        "p59b": "3.0",
        "p59c": "1.0",
        "p59d": "37",
        "p59e": "10.0",
        "p59f": "1.0",
        "p59g": "4.0",
        "x": 0,
        "y": 0
      },
      "geometry": { "type": "Point", "coordinates": [0.0, 0.0] }
    },
    {
      "type": "Feature",
      "properties": {
        "p1": 40824000299,
        "p59a": null,
        "p59b": null,
        "p59c": null,
        "p59d": null,
        "p59e": null,
        "p59f": null,
        "p59g": null,
        "x": 0,
        "y": 0
      },
      "geometry": { "type": "Point", "coordinates": [0.0, 0.0] }
    },
    {
      "type": "Feature",
      "properties": {
        "p1": 40824000300,
        "p59a": "1.0",
        "p59b": "3.0",
        "p59c": "1.0",
        "p59d": "38",
        "p59e": "10.0",
        "p59f": "1.0",
        "p59g": "4.0",
        "x": 0,
        "y": 0
      },
      "geometry": { "type": "Point", "coordinates": [0.0, 0.0] }
    },
    {
      "type": "Feature",
      "properties": {
        "p1": 40824000301,
        "p59a": null,
        "p59b": null,
        "p59c": null,
        "p59d": null,
        "p59e": null,
        "p59f": null,
        "p59g": null,
        "x": 0,
        "y": 0
      },
      "geometry": { "type": "Point", "coordinates": [0.0, 0.0] }
    },
    {
      "type": "Feature",
      "properties": {
        "p1": 40824000303,
        "p59a": "1.0",
        "p59b": "3.0",
        "p59c": "1.0",
        "p59d": "37",
        "p59e": "10.0",
        "p59f": "6.0",
        "p59g": "4.0",
        "x": 0,
        "y": 0
      },
      "geometry": { "type": "Point", "coordinates": [0.0, 0.0] }
    },
    {
      "type": "Feature",
      "properties": {
        "p1": 40824000307,
        "p59a": null,
        "p59b": null,
        "p59c": null,
        "p59d": null,
        "p59e": null,
        "p59f": null,
        "p59g": null,
        "x": 0,
        "y": 0
      },
      "geometry": { "type": "Point", "coordinates": [0.0, 0.0] }
    },
    {
      "type": "Feature",
      "properties": {
        "p1": 40824000309,
        "p59a": null,
        "p59b": null,
        "p59c": null,
        "p59d": null,
        "p59e": null,
        "p59f": null,
        "p59g": null,
        "x": 0,
        "y": 0
      },
      "geometry": { "type": "Point", "coordinates": [0.0, 0.0] }
    },
    {
      "type": "Feature",
      "properties": {
        "p1": 40824000311,
        "p59a": "1.0",
        "p59b": "3.0",
        "p59c": "1.0",
        "p59d": "30",
        "p59e": "10.0",
        "p59f": "1.0",
        "p59g": "4.0",
        "x": 0,
        "y": 0
      },
      "geometry": { "type": "Point", "coordinates": [0.0, 0.0] }
    },
    {
      "type": "Feature",
      "properties": {
        "p1": 40824000312,
        "p59a": null,
        "p59b": null,
        "p59c": null,
        "p59d": null,
        "p59e": null,
        "p59f": null,
        "p59g": null,
        "x": 0,
        "y": 0
      },
      "geometry": { "type": "Point", "coordinates": [0.0, 0.0] }
    },
    {
      "type": "Feature",
      "properties": {
        "p1": 40824000315,
        "p59a": "1.0",
        "p59b": "3.0",
        "p59c": "2.0",
        "p59d": "50",
        "p59e": "10.0",
        "p59f": "1.0",
        "p59g": "4.0",
        "x": 0,
        "y": 0
      },
      "geometry": { "type": "Point", "coordinates": [0.0, 0.0] }
    },
    {
      "type": "Feature",
      "properties": {
        "p1": 40824000316,
        "p59a": null,
        "p59b": null,
        "p59c": null,
        "p59d": null,
        "p59e": null,
        "p59f": null,
        "p59g": null,
        "x": 0,
        "y": 0
      },
      "geometry": { "type": "Point", "coordinates": [0.0, 0.0] }
    },
    {
      "type": "Feature",
      "properties": {
        "p1": 40824000318,
        "p59a": null,
        "p59b": null,
        "p59c": null,
        "p59d": null,
        "p59e": null,
        "p59f": null,
        "p59g": null,
        "x": 0,
        "y": 0
      },
      "geometry": { "type": "Point", "coordinates": [0.0, 0.0] }
    },
    {
      "type": "Feature",
      "properties": {
        "p1": 40824000319,
        "p59a": "1.0",
        "p59b": "3.0",
        "p59c": "1.0",
        "p59d": "69",
        "p59e": "10.0",
        "p59f": "1.0",
        "p59g": "4.0",
        "x": 0,
        "y": 0
      },
      "geometry": { "type": "Point", "coordinates": [0.0, 0.0] }
    },
    {
      "type": "Feature",
      "properties": {
        "p1": 40824000321,
        "p59a": null,
        "p59b": null,
        "p59c": null,
        "p59d": null,
        "p59e": null,
        "p59f": null,
        "p59g": "4.0",
        "x": 0,
        "y": 0
      },
      "geometry": { "type": "Point", "coordinates": [0.0, 0.0] }
    },
    {
      "type": "Feature",
      "properties": {
        "p1": 40824000322,
        "p59a": "1.0",
        "p59b": "7.0",
        "p59c": "1.0",
        "p59d": "47",
        "p59e": "10.0",
        "p59f": "5.0",
        "p59g": "3.0",
        "x": 0,
        "y": 0
      },
      "geometry": { "type": "Point", "coordinates": [0.0, 0.0] }
    },
    {
      "type": "Feature",
      "properties": {
        "p1": 40824000327,
        "p59a": "1.0",
        "p59b": "3.0",
        "p59c": "1.0",
        "p59d": "66",
        "p59e": "901.0",
        "p59f": "1.0",
        "p59g": "4.0",
        "x": 0,
        "y": 0
      },
      "geometry": { "type": "Point", "coordinates": [0.0, 0.0] }
    },
    {
      "type": "Feature",
      "properties": {
        "p1": 40824000332,
        "p59a": null,
        "p59b": null,
        "p59c": null,
        "p59d": null,
        "p59e": null,
        "p59f": null,
        "p59g": null,
        "x": 0,
        "y": 0
      },
      "geometry": { "type": "Point", "coordinates": [0.0, 0.0] }
    },
    {
      "type": "Feature",
      "properties": {
        "p1": 40824000333,
        "p59a": null,
        "p59b": null,
        "p59c": null,
        "p59d": null,
        "p59e": null,
        "p59f": null,
        "p59g": null,
        "x": 0,
        "y": 0
      },
      "geometry": { "type": "Point", "coordinates": [0.0, 0.0] }
    },
    {
      "type": "Feature",
      "properties": {
        "p1": 40824000334,
        "p59a": null,
        "p59b": null,
        "p59c": null,
        "p59d": null,
        "p59e": null,
        "p59f": null,
        "p59g": null,
        "x": 0,
        "y": 0
      },
      "geometry": { "type": "Point", "coordinates": [0.0, 0.0] }
    },
    {
      "type": "Feature",
      "properties": {
        "p1": 40824000335,
        "p59a": null,
        "p59b": null,
        "p59c": null,
        "p59d": null,
        "p59e": null,
        "p59f": null,
        "p59g": "4.0",
        "x": 0,
        "y": 0
      },
      "geometry": { "type": "Point", "coordinates": [0.0, 0.0] }
    },
    {
      "type": "Feature",
      "properties": {
        "p1": 40824000338,
        "p59a": null,
        "p59b": null,
        "p59c": null,
        "p59d": null,
        "p59e": null,
        "p59f": null,
        "p59g": null,
        "x": 0,
        "y": 0
      },
      "geometry": { "type": "Point", "coordinates": [0.0, 0.0] }
    },
    {
      "type": "Feature",
      "properties": {
        "p1": 40824000340,
        "p59a": "1.0",
        "p59b": "3.0",
        "p59c": "1.0",
        "p59d": "62",
        "p59e": "10.0",
        "p59f": "5.0",
        "p59g": "4.0",
        "x": 0,
        "y": 0
      },
      "geometry": { "type": "Point", "coordinates": [0.0, 0.0] }
    },
    {
      "type": "Feature",
      "properties": {
        "p1": 40824000351,
        "p59a": null,
        "p59b": null,
        "p59c": null,
        "p59d": null,
        "p59e": null,
        "p59f": null,
        "p59g": null,
        "x": 0,
        "y": 0
      },
      "geometry": { "type": "Point", "coordinates": [0.0, 0.0] }
    },
    {
      "type": "Feature",
      "properties": {
        "p1": 40824000354,
        "p59a": "1.0",
        "p59b": "3.0",
        "p59c": "1.0",
        "p59d": "36",
        "p59e": "10.0",
        "p59f": "1.0",
        "p59g": "4.0",
        "x": 0,
        "y": 0
      },
      "geometry": { "type": "Point", "coordinates": [0.0, 0.0] }
    },
    {
      "type": "Feature",
      "properties": {
        "p1": 40824000355,
        "p59a": null,
        "p59b": null,
        "p59c": null,
        "p59d": null,
        "p59e": null,
        "p59f": null,
        "p59g": "4.0",
        "x": 0,
        "y": 0
      },
      "geometry": { "type": "Point", "coordinates": [0.0, 0.0] }
    },
    {
      "type": "Feature",
      "properties": {
        "p1": 40824000359,
        "p59a": null,
        "p59b": null,
        "p59c": null,
        "p59d": null,
        "p59e": null,
        "p59f": null,
        "p59g": null,
        "x": 0,
        "y": 0
      },
      "geometry": { "type": "Point", "coordinates": [0.0, 0.0] }
    },
    {
      "type": "Feature",
      "properties": {
        "p1": 40824000360,
        "p59a": null,
        "p59b": null,
        "p59c": null,
        "p59d": null,
        "p59e": null,
        "p59f": null,
        "p59g": null,
        "x": 0,
        "y": 0
      },
      "geometry": { "type": "Point", "coordinates": [0.0, 0.0] }
    },
    {
      "type": "Feature",
      "properties": {
        "p1": 40824000363,
        "p59a": "1.0",
        "p59b": "3.0",
        "p59c": "1.0",
        "p59d": "54",
        "p59e": "10.0",
        "p59f": "1.0",
        "p59g": "4.0",
        "x": 0,
        "y": 0
      },
      "geometry": { "type": "Point", "coordinates": [0.0, 0.0] }
    },
    {
      "type": "Feature",
      "properties": {
        "p1": 40824000365,
        "p59a": "1.0",
        "p59b": "3.0",
        "p59c": "1.0",
        "p59d": "37",
        "p59e": "10.0",
        "p59f": "1.0",
        "p59g": "4.0",
        "x": 0,
        "y": 0
      },
      "geometry": { "type": "Point", "coordinates": [0.0, 0.0] }
    },
    {
      "type": "Feature",
      "properties": {
        "p1": 40824000368,
        "p59a": null,
        "p59b": null,
        "p59c": null,
        "p59d": null,
        "p59e": null,
        "p59f": null,
        "p59g": null,
        "x": 0,
        "y": 0
      },
      "geometry": { "type": "Point", "coordinates": [0.0, 0.0] }
    },
    {
      "type": "Feature",
      "properties": {
        "p1": 40824000370,
        "p59a": null,
        "p59b": null,
        "p59c": null,
        "p59d": null,
        "p59e": null,
        "p59f": null,
        "p59g": null,
        "x": 0,
        "y": 0
      },
      "geometry": { "type": "Point", "coordinates": [0.0, 0.0] }
    },
    {
      "type": "Feature",
      "properties": {
        "p1": 40824000373,
        "p59a": null,
        "p59b": null,
        "p59c": null,
        "p59d": null,
        "p59e": null,
        "p59f": null,
        "p59g": null,
        "x": 0,
        "y": 0
      },
      "geometry": { "type": "Point", "coordinates": [0.0, 0.0] }
    },
    {
      "type": "Feature",
      "properties": {
        "p1": 40824000376,
        "p59a": null,
        "p59b": null,
        "p59c": null,
        "p59d": null,
        "p59e": null,
        "p59f": null,
        "p59g": "4.0",
        "x": 0,
        "y": 0
      },
      "geometry": { "type": "Point", "coordinates": [0.0, 0.0] }
    },
    {
      "type": "Feature",
      "properties": {
        "p1": 40824000378,
        "p59a": null,
        "p59b": null,
        "p59c": null,
        "p59d": null,
        "p59e": null,
        "p59f": null,
        "p59g": "4.0",
        "x": 0,
        "y": 0
      },
      "geometry": { "type": "Point", "coordinates": [0.0, 0.0] }
    },
    {
      "type": "Feature",
      "properties": {
        "p1": 40824000380,
        "p59a": "1.0",
        "p59b": "2.0",
        "p59c": "1.0",
        "p59d": "66",
        "p59e": "10.0",
        "p59f": "5.0",
        "p59g": "3.0",
        "x": 0,
        "y": 0
      },
      "geometry": { "type": "Point", "coordinates": [0.0, 0.0] }
    },
    {
      "type": "Feature",
      "properties": {
        "p1": 40824000386,
        "p59a": null,
        "p59b": null,
        "p59c": null,
        "p59d": null,
        "p59e": null,
        "p59f": null,
        "p59g": "4.0",
        "x": 0,
        "y": 0
      },
      "geometry": { "type": "Point", "coordinates": [0.0, 0.0] }
    },
    {
      "type": "Feature",
      "properties": {
        "p1": 40824000389,
        "p59a": "1.0",
        "p59b": "3.0",
        "p59c": "2.0",
        "p59d": "72",
        "p59e": "10.0",
        "p59f": "1.0",
        "p59g": "4.0",
        "x": 0,
        "y": 0
      },
      "geometry": { "type": "Point", "coordinates": [0.0, 0.0] }
    },
    {
      "type": "Feature",
      "properties": {
        "p1": 40824000395,
        "p59a": null,
        "p59b": null,
        "p59c": null,
        "p59d": null,
        "p59e": null,
        "p59f": null,
        "p59g": null,
        "x": 0,
        "y": 0
      },
      "geometry": { "type": "Point", "coordinates": [0.0, 0.0] }
    },
    {
      "type": "Feature",
      "properties": {
        "p1": 40824000400,
        "p59a": null,
        "p59b": null,
        "p59c": null,
        "p59d": null,
        "p59e": null,
        "p59f": null,
        "p59g": null,
        "x": 0,
        "y": 0
      },
      "geometry": { "type": "Point", "coordinates": [0.0, 0.0] }
    },
    {
      "type": "Feature",
      "properties": {
        "p1": 40824000402,
        "p59a": null,
        "p59b": null,
        "p59c": null,
        "p59d": null,
        "p59e": null,
        "p59f": null,
        "p59g": "4.0",
        "x": 0,
        "y": 0
      },
      "geometry": { "type": "Point", "coordinates": [0.0, 0.0] }
    },
    {
      "type": "Feature",
      "properties": {
        "p1": 40824000403,
        "p59a": null,
        "p59b": null,
        "p59c": null,
        "p59d": null,
        "p59e": null,
        "p59f": null,
        "p59g": "4.0",
        "x": 0,
        "y": 0
      },
      "geometry": { "type": "Point", "coordinates": [0.0, 0.0] }
    },
    {
      "type": "Feature",
      "properties": {
        "p1": 40824000404,
        "p59a": "1.0",
        "p59b": "3.0",
        "p59c": "1.0",
        "p59d": "57",
        "p59e": "10.0",
        "p59f": "1.0",
        "p59g": "4.0",
        "x": 0,
        "y": 0
      },
      "geometry": { "type": "Point", "coordinates": [0.0, 0.0] }
    },
    {
      "type": "Feature",
      "properties": {
        "p1": 40824000409,
        "p59a": null,
        "p59b": null,
        "p59c": null,
        "p59d": null,
        "p59e": null,
        "p59f": null,
        "p59g": "4.0",
        "x": 0,
        "y": 0
      },
      "geometry": { "type": "Point", "coordinates": [0.0, 0.0] }
    },
    {
      "type": "Feature",
      "properties": {
        "p1": 40824000410,
        "p59a": null,
        "p59b": null,
        "p59c": null,
        "p59d": null,
        "p59e": null,
        "p59f": null,
        "p59g": "4.0",
        "x": 0,
        "y": 0
      },
      "geometry": { "type": "Point", "coordinates": [0.0, 0.0] }
    },
    {
      "type": "Feature",
      "properties": {
        "p1": 40824000411,
        "p59a": null,
        "p59b": null,
        "p59c": null,
        "p59d": null,
        "p59e": null,
        "p59f": null,
        "p59g": "4.0",
        "x": 0,
        "y": 0
      },
      "geometry": { "type": "Point", "coordinates": [0.0, 0.0] }
    },
    {
      "type": "Feature",
      "properties": {
        "p1": 40824000412,
        "p59a": "1.0",
        "p59b": "3.0",
        "p59c": "1.0",
        "p59d": "34",
        "p59e": "10.0",
        "p59f": "1.0",
        "p59g": "4.0",
        "x": 0,
        "y": 0
      },
      "geometry": { "type": "Point", "coordinates": [0.0, 0.0] }
    },
    {
      "type": "Feature",
      "properties": {
        "p1": 40824000414,
        "p59a": null,
        "p59b": null,
        "p59c": null,
        "p59d": null,
        "p59e": null,
        "p59f": null,
        "p59g": "4.0",
        "x": 0,
        "y": 0
      },
      "geometry": { "type": "Point", "coordinates": [0.0, 0.0] }
    },
    {
      "type": "Feature",
      "properties": {
        "p1": 40824000417,
        "p59a": "1.0",
        "p59b": "3.0",
        "p59c": "2.0",
        "p59d": "21",
        "p59e": "10.0",
        "p59f": "1.0",
        "p59g": "4.0",
        "x": 0,
        "y": 0
      },
      "geometry": { "type": "Point", "coordinates": [0.0, 0.0] }
    },
    {
      "type": "Feature",
      "properties": {
        "p1": 40824000419,
        "p59a": null,
        "p59b": null,
        "p59c": null,
        "p59d": null,
        "p59e": null,
        "p59f": null,
        "p59g": "4.0",
        "x": 0,
        "y": 0
      },
      "geometry": { "type": "Point", "coordinates": [0.0, 0.0] }
    },
    {
      "type": "Feature",
      "properties": {
        "p1": 40824000421,
        "p59a": "1.0",
        "p59b": "3.0",
        "p59c": "1.0",
        "p59d": "37",
        "p59e": "10.0",
        "p59f": "1.0",
        "p59g": "4.0",
        "x": 0,
        "y": 0
      },
      "geometry": { "type": "Point", "coordinates": [0.0, 0.0] }
    },
    {
      "type": "Feature",
      "properties": {
        "p1": 40824000422,
        "p59a": null,
        "p59b": null,
        "p59c": null,
        "p59d": "XX",
        "p59e": null,
        "p59f": null,
        "p59g": "4.0",
        "x": 0,
        "y": 0
      },
      "geometry": { "type": "Point", "coordinates": [0.0, 0.0] }
    },
    {
      "type": "Feature",
      "properties": {
        "p1": 40824000427,
        "p59a": null,
        "p59b": null,
        "p59c": null,
        "p59d": "XX",
        "p59e": null,
        "p59f": null,
        "p59g": "4.0",
        "x": 0,
        "y": 0
      },
      "geometry": { "type": "Point", "coordinates": [0.0, 0.0] }
    },
    {
      "type": "Feature",
      "properties": {
        "p1": 40824000430,
        "p59a": "1.0",
        "p59b": "2.0",
        "p59c": "1.0",
        "p59d": "31",
        "p59e": "10.0",
        "p59f": "2.0",
        "p59g": "3.0",
        "x": 0,
        "y": 0
      },
      "geometry": { "type": "Point", "coordinates": [0.0, 0.0] }
    },
    {
      "type": "Feature",
      "properties": {
        "p1": 40824000431,
        "p59a": null,
        "p59b": null,
        "p59c": null,
        "p59d": "XX",
        "p59e": null,
        "p59f": null,
        "p59g": "4.0",
        "x": 0,
        "y": 0
      },
      "geometry": { "type": "Point", "coordinates": [0.0, 0.0] }
    },
    {
      "type": "Feature",
      "properties": {
        "p1": 40824000432,
        "p59a": null,
        "p59b": null,
        "p59c": null,
        "p59d": "XX",
        "p59e": null,
        "p59f": null,
        "p59g": "4.0",
        "x": 0,
        "y": 0
      },
      "geometry": { "type": "Point", "coordinates": [0.0, 0.0] }
    },
    {
      "type": "Feature",
      "properties": {
        "p1": 40824000433,
        "p59a": "1.0",
        "p59b": "3.0",
        "p59c": "2.0",
        "p59d": "59",
        "p59e": "10.0",
        "p59f": "1.0",
        "p59g": "4.0",
        "x": 0,
        "y": 0
      },
      "geometry": { "type": "Point", "coordinates": [0.0, 0.0] }
    },
    {
      "type": "Feature",
      "properties": {
        "p1": 40824000434,
        "p59a": null,
        "p59b": null,
        "p59c": null,
        "p59d": "XX",
        "p59e": null,
        "p59f": null,
        "p59g": "4.0",
        "x": 0,
        "y": 0
      },
      "geometry": { "type": "Point", "coordinates": [0.0, 0.0] }
    },
    {
      "type": "Feature",
      "properties": {
        "p1": 40824000436,
        "p59a": "1.0",
        "p59b": "3.0",
        "p59c": "2.0",
        "p59d": "19",
        "p59e": "10.0",
        "p59f": "1.0",
        "p59g": "4.0",
        "x": 0,
        "y": 0
      },
      "geometry": { "type": "Point", "coordinates": [0.0, 0.0] }
    },
    {
      "type": "Feature",
      "properties": {
        "p1": 40824000439,
        "p59a": "1.0",
        "p59b": "3.0",
        "p59c": "1.0",
        "p59d": "42",
        "p59e": "10.0",
        "p59f": "1.0",
        "p59g": "4.0",
        "x": 0,
        "y": 0
      },
      "geometry": { "type": "Point", "coordinates": [0.0, 0.0] }
    },
    {
      "type": "Feature",
      "properties": {
        "p1": 40824000441,
        "p59a": null,
        "p59b": null,
        "p59c": null,
        "p59d": "XX",
        "p59e": null,
        "p59f": null,
        "p59g": "4.0",
        "x": 0,
        "y": 0
      },
      "geometry": { "type": "Point", "coordinates": [0.0, 0.0] }
    },
    {
      "type": "Feature",
      "properties": {
        "p1": 40824000442,
        "p59a": null,
        "p59b": null,
        "p59c": null,
        "p59d": "XX",
        "p59e": null,
        "p59f": null,
        "p59g": "4.0",
        "x": 0,
        "y": 0
      },
      "geometry": { "type": "Point", "coordinates": [0.0, 0.0] }
    },
    {
      "type": "Feature",
      "properties": {
        "p1": 40824000443,
        "p59a": null,
        "p59b": null,
        "p59c": null,
        "p59d": "XX",
        "p59e": null,
        "p59f": null,
        "p59g": "4.0",
        "x": 0,
        "y": 0
      },
      "geometry": { "type": "Point", "coordinates": [0.0, 0.0] }
    },
    {
      "type": "Feature",
      "properties": {
        "p1": 40824000444,
        "p59a": "1.0",
        "p59b": "3.0",
        "p59c": "2.0",
        "p59d": "68",
        "p59e": "10.0",
        "p59f": "1.0",
        "p59g": "4.0",
        "x": 0,
        "y": 0
      },
      "geometry": { "type": "Point", "coordinates": [0.0, 0.0] }
    },
    {
      "type": "Feature",
      "properties": {
        "p1": 40824000445,
        "p59a": "1.0",
        "p59b": "1.0",
        "p59c": "1.0",
        "p59d": "30",
        "p59e": "10.0",
        "p59f": "5.0",
        "p59g": "3.0",
        "x": 0,
        "y": 0
      },
      "geometry": { "type": "Point", "coordinates": [0.0, 0.0] }
    },
    {
      "type": "Feature",
      "properties": {
        "p1": 40824000448,
        "p59a": null,
        "p59b": null,
        "p59c": null,
        "p59d": "XX",
        "p59e": null,
        "p59f": null,
        "p59g": "4.0",
        "x": 0,
        "y": 0
      },
      "geometry": { "type": "Point", "coordinates": [0.0, 0.0] }
    },
    {
      "type": "Feature",
      "properties": {
        "p1": 40824000449,
        "p59a": null,
        "p59b": null,
        "p59c": null,
        "p59d": "XX",
        "p59e": null,
        "p59f": null,
        "p59g": "4.0",
        "x": 0,
        "y": 0
      },
      "geometry": { "type": "Point", "coordinates": [0.0, 0.0] }
    },
    {
      "type": "Feature",
      "properties": {
        "p1": 40824000453,
        "p59a": null,
        "p59b": null,
        "p59c": null,
        "p59d": "XX",
        "p59e": null,
        "p59f": null,
        "p59g": "4.0",
        "x": 0,
        "y": 0
      },
      "geometry": { "type": "Point", "coordinates": [0.0, 0.0] }
    },
    {
      "type": "Feature",
      "properties": {
        "p1": 40824000454,
        "p59a": "1.0",
        "p59b": "3.0",
        "p59c": "2.0",
        "p59d": "48",
        "p59e": "10.0",
        "p59f": "2.0",
        "p59g": "4.0",
        "x": 0,
        "y": 0
      },
      "geometry": { "type": "Point", "coordinates": [0.0, 0.0] }
    },
    {
      "type": "Feature",
      "properties": {
        "p1": 40824000460,
        "p59a": null,
        "p59b": null,
        "p59c": null,
        "p59d": "XX",
        "p59e": null,
        "p59f": null,
        "p59g": "4.0",
        "x": 0,
        "y": 0
      },
      "geometry": { "type": "Point", "coordinates": [0.0, 0.0] }
    },
    {
      "type": "Feature",
      "properties": {
        "p1": 40824000462,
        "p59a": null,
        "p59b": null,
        "p59c": null,
        "p59d": "XX",
        "p59e": null,
        "p59f": null,
        "p59g": "4.0",
        "x": 0,
        "y": 0
      },
      "geometry": { "type": "Point", "coordinates": [0.0, 0.0] }
    },
    {
      "type": "Feature",
      "properties": {
        "p1": 40824000464,
        "p59a": null,
        "p59b": null,
        "p59c": null,
        "p59d": "XX",
        "p59e": null,
        "p59f": null,
        "p59g": "4.0",
        "x": 0,
        "y": 0
      },
      "geometry": { "type": "Point", "coordinates": [0.0, 0.0] }
    },
    {
      "type": "Feature",
      "properties": {
        "p1": 40824000469,
        "p59a": "1.0",
        "p59b": "3.0",
        "p59c": "1.0",
        "p59d": "21",
        "p59e": "10.0",
        "p59f": "1.0",
        "p59g": "4.0",
        "x": 0,
        "y": 0
      },
      "geometry": { "type": "Point", "coordinates": [0.0, 0.0] }
    },
    {
      "type": "Feature",
      "properties": {
        "p1": 40824000471,
        "p59a": "1.0",
        "p59b": "1.0",
        "p59c": "1.0",
        "p59d": "40",
        "p59e": "10.0",
        "p59f": "5.0",
        "p59g": "3.0",
        "x": 0,
        "y": 0
      },
      "geometry": { "type": "Point", "coordinates": [0.0, 0.0] }
    },
    {
      "type": "Feature",
      "properties": {
        "p1": 40824000472,
        "p59a": "1.0",
        "p59b": "3.0",
        "p59c": "1.0",
        "p59d": "40",
        "p59e": "340.0",
        "p59f": "1.0",
        "p59g": "4.0",
        "x": 0,
        "y": 0
      },
      "geometry": { "type": "Point", "coordinates": [0.0, 0.0] }
    },
    {
      "type": "Feature",
      "properties": {
        "p1": 40824000473,
        "p59a": "1.0",
        "p59b": "3.0",
        "p59c": "2.0",
        "p59d": "35",
        "p59e": "10.0",
        "p59f": "1.0",
        "p59g": "4.0",
        "x": 0,
        "y": 0
      },
      "geometry": { "type": "Point", "coordinates": [0.0, 0.0] }
    },
    {
      "type": "Feature",
      "properties": {
        "p1": 40824000474,
        "p59a": "1.0",
        "p59b": "3.0",
        "p59c": "1.0",
        "p59d": "44",
        "p59e": "10.0",
        "p59f": "1.0",
        "p59g": "4.0",
        "x": 0,
        "y": 0
      },
      "geometry": { "type": "Point", "coordinates": [0.0, 0.0] }
    },
    {
      "type": "Feature",
      "properties": {
        "p1": 40824000482,
        "p59a": "1.0",
        "p59b": "3.0",
        "p59c": "1.0",
        "p59d": "61",
        "p59e": "10.0",
        "p59f": "1.0",
        "p59g": "4.0",
        "x": 0,
        "y": 0
      },
      "geometry": { "type": "Point", "coordinates": [0.0, 0.0] }
    },
    {
      "type": "Feature",
      "properties": {
        "p1": 40824000487,
        "p59a": null,
        "p59b": null,
        "p59c": null,
        "p59d": "XX",
        "p59e": null,
        "p59f": null,
        "p59g": "4.0",
        "x": 0,
        "y": 0
      },
      "geometry": { "type": "Point", "coordinates": [0.0, 0.0] }
    },
    {
      "type": "Feature",
      "properties": {
        "p1": 40824000492,
        "p59a": null,
        "p59b": null,
        "p59c": null,
        "p59d": "XX",
        "p59e": null,
        "p59f": null,
        "p59g": "4.0",
        "x": 0,
        "y": 0
      },
      "geometry": { "type": "Point", "coordinates": [0.0, 0.0] }
    },
    {
      "type": "Feature",
      "properties": {
        "p1": 40824000493,
        "p59a": "1.0",
        "p59b": "3.0",
        "p59c": "1.0",
        "p59d": "24",
        "p59e": "10.0",
        "p59f": "1.0",
        "p59g": "4.0",
        "x": 0,
        "y": 0
      },
      "geometry": { "type": "Point", "coordinates": [0.0, 0.0] }
    },
    {
      "type": "Feature",
      "properties": {
        "p1": 40824000498,
        "p59a": null,
        "p59b": null,
        "p59c": null,
        "p59d": "XX",
        "p59e": null,
        "p59f": null,
        "p59g": "4.0",
        "x": 0,
        "y": 0
      },
      "geometry": { "type": "Point", "coordinates": [0.0, 0.0] }
    },
    {
      "type": "Feature",
      "properties": {
        "p1": 40824000499,
        "p59a": null,
        "p59b": null,
        "p59c": null,
        "p59d": "XX",
        "p59e": null,
        "p59f": null,
        "p59g": "4.0",
        "x": 0,
        "y": 0
      },
      "geometry": { "type": "Point", "coordinates": [0.0, 0.0] }
    },
    {
      "type": "Feature",
      "properties": {
        "p1": 40824000516,
        "p59a": null,
        "p59b": null,
        "p59c": null,
        "p59d": "XX",
        "p59e": null,
        "p59f": null,
        "p59g": "4.0",
        "x": 0,
        "y": 0
      },
      "geometry": { "type": "Point", "coordinates": [0.0, 0.0] }
    },
    {
      "type": "Feature",
      "properties": {
        "p1": 40824000519,
        "p59a": "1.0",
        "p59b": "2.0",
        "p59c": "1.0",
        "p59d": "53",
        "p59e": "10.0",
        "p59f": "5.0",
        "p59g": "3.0",
        "x": 0,
        "y": 0
      },
      "geometry": { "type": "Point", "coordinates": [0.0, 0.0] }
    },
    {
      "type": "Feature",
      "properties": {
        "p1": 40824000520,
        "p59a": "1.0",
        "p59b": "3.0",
        "p59c": "1.0",
        "p59d": "54",
        "p59e": "10.0",
        "p59f": "1.0",
        "p59g": "4.0",
        "x": 0,
        "y": 0
      },
      "geometry": { "type": "Point", "coordinates": [0.0, 0.0] }
    },
    {
      "type": "Feature",
      "properties": {
        "p1": 40824000522,
        "p59a": "1.0",
        "p59b": "3.0",
        "p59c": "1.0",
        "p59d": "35",
        "p59e": "10.0",
        "p59f": "1.0",
        "p59g": "4.0",
        "x": 0,
        "y": 0
      },
      "geometry": { "type": "Point", "coordinates": [0.0, 0.0] }
    },
    {
      "type": "Feature",
      "properties": {
        "p1": 40824000523,
        "p59a": "1.0",
        "p59b": "3.0",
        "p59c": "1.0",
        "p59d": "18",
        "p59e": "10.0",
        "p59f": "5.0",
        "p59g": "3.0",
        "x": 0,
        "y": 0
      },
      "geometry": { "type": "Point", "coordinates": [0.0, 0.0] }
    },
    {
      "type": "Feature",
      "properties": {
        "p1": 40824000526,
        "p59a": null,
        "p59b": null,
        "p59c": null,
        "p59d": "XX",
        "p59e": null,
        "p59f": null,
        "p59g": "4.0",
        "x": 0,
        "y": 0
      },
      "geometry": { "type": "Point", "coordinates": [0.0, 0.0] }
    },
    {
      "type": "Feature",
      "properties": {
        "p1": 40824000527,
        "p59a": "1.0",
        "p59b": "2.0",
        "p59c": "1.0",
        "p59d": "43",
        "p59e": "10.0",
        "p59f": "5.0",
        "p59g": "3.0",
        "x": 0,
        "y": 0
      },
      "geometry": { "type": "Point", "coordinates": [0.0, 0.0] }
    },
    {
      "type": "Feature",
      "properties": {
        "p1": 40824000528,
        "p59a": null,
        "p59b": null,
        "p59c": null,
        "p59d": "XX",
        "p59e": null,
        "p59f": null,
        "p59g": "4.0",
        "x": 0,
        "y": 0
      },
      "geometry": { "type": "Point", "coordinates": [0.0, 0.0] }
    },
    {
      "type": "Feature",
      "properties": {
        "p1": 40824000529,
        "p59a": "1.0",
        "p59b": "3.0",
        "p59c": "1.0",
        "p59d": "45",
        "p59e": "10.0",
        "p59f": "1.0",
        "p59g": "4.0",
        "x": 0,
        "y": 0
      },
      "geometry": { "type": "Point", "coordinates": [0.0, 0.0] }
    },
    {
      "type": "Feature",
      "properties": {
        "p1": 40824000530,
        "p59a": null,
        "p59b": null,
        "p59c": null,
        "p59d": "XX",
        "p59e": null,
        "p59f": null,
        "p59g": "4.0",
        "x": 0,
        "y": 0
      },
      "geometry": { "type": "Point", "coordinates": [0.0, 0.0] }
    },
    {
      "type": "Feature",
      "properties": {
        "p1": 40824000531,
        "p59a": "1.0",
        "p59b": "3.0",
        "p59c": "1.0",
        "p59d": "21",
        "p59e": "10.0",
        "p59f": "1.0",
        "p59g": "4.0",
        "x": 0,
        "y": 0
      },
      "geometry": { "type": "Point", "coordinates": [0.0, 0.0] }
    },
    {
      "type": "Feature",
      "properties": {
        "p1": 40824000536,
        "p59a": "1.0",
        "p59b": "3.0",
        "p59c": "1.0",
        "p59d": "60",
        "p59e": "10.0",
        "p59f": "1.0",
        "p59g": "4.0",
        "x": 0,
        "y": 0
      },
      "geometry": { "type": "Point", "coordinates": [0.0, 0.0] }
    },
    {
      "type": "Feature",
      "properties": {
        "p1": 40824000538,
        "p59a": "1.0",
        "p59b": "2.0",
        "p59c": "1.0",
        "p59d": "30",
        "p59e": "10.0",
        "p59f": "5.0",
        "p59g": "3.0",
        "x": 0,
        "y": 0
      },
      "geometry": { "type": "Point", "coordinates": [0.0, 0.0] }
    },
    {
      "type": "Feature",
      "properties": {
        "p1": 40824000540,
        "p59a": "1.0",
        "p59b": "3.0",
        "p59c": "1.0",
        "p59d": "54",
        "p59e": "340.0",
        "p59f": "1.0",
        "p59g": "4.0",
        "x": 0,
        "y": 0
      },
      "geometry": { "type": "Point", "coordinates": [0.0, 0.0] }
    },
    {
      "type": "Feature",
      "properties": {
        "p1": 40824000541,
        "p59a": null,
        "p59b": null,
        "p59c": null,
        "p59d": "XX",
        "p59e": null,
        "p59f": null,
        "p59g": "4.0",
        "x": 0,
        "y": 0
      },
      "geometry": { "type": "Point", "coordinates": [0.0, 0.0] }
    },
    {
      "type": "Feature",
      "properties": {
        "p1": 40824000543,
        "p59a": null,
        "p59b": null,
        "p59c": null,
        "p59d": "XX",
        "p59e": null,
        "p59f": null,
        "p59g": "4.0",
        "x": 0,
        "y": 0
      },
      "geometry": { "type": "Point", "coordinates": [0.0, 0.0] }
    },
    {
      "type": "Feature",
      "properties": {
        "p1": 40824000544,
        "p59a": null,
        "p59b": null,
        "p59c": null,
        "p59d": "XX",
        "p59e": null,
        "p59f": null,
        "p59g": "4.0",
        "x": 0,
        "y": 0
      },
      "geometry": { "type": "Point", "coordinates": [0.0, 0.0] }
    },
    {
      "type": "Feature",
      "properties": {
        "p1": 40824000546,
        "p59a": "1.0",
        "p59b": "3.0",
        "p59c": "1.0",
        "p59d": "21",
        "p59e": "10.0",
        "p59f": "1.0",
        "p59g": "4.0",
        "x": 0,
        "y": 0
      },
      "geometry": { "type": "Point", "coordinates": [0.0, 0.0] }
    },
    {
      "type": "Feature",
      "properties": {
        "p1": 40824000555,
        "p59a": "1.0",
        "p59b": "3.0",
        "p59c": "1.0",
        "p59d": "46",
        "p59e": "10.0",
        "p59f": "1.0",
        "p59g": "4.0",
        "x": 0,
        "y": 0
      },
      "geometry": { "type": "Point", "coordinates": [0.0, 0.0] }
    },
    {
      "type": "Feature",
      "properties": {
        "p1": 40824000559,
        "p59a": "1.0",
        "p59b": "3.0",
        "p59c": "1.0",
        "p59d": "67",
        "p59e": "10.0",
        "p59f": "1.0",
        "p59g": "4.0",
        "x": 0,
        "y": 0
      },
      "geometry": { "type": "Point", "coordinates": [0.0, 0.0] }
    },
    {
      "type": "Feature",
      "properties": {
        "p1": 40824000564,
        "p59a": "1.0",
        "p59b": "3.0",
        "p59c": "2.0",
        "p59d": "40",
        "p59e": "10.0",
        "p59f": "1.0",
        "p59g": "4.0",
        "x": 0,
        "y": 0
      },
      "geometry": { "type": "Point", "coordinates": [0.0, 0.0] }
    },
    {
      "type": "Feature",
      "properties": {
        "p1": 40824000565,
        "p59a": null,
        "p59b": null,
        "p59c": null,
        "p59d": "XX",
        "p59e": null,
        "p59f": null,
        "p59g": "4.0",
        "x": 0,
        "y": 0
      },
      "geometry": { "type": "Point", "coordinates": [0.0, 0.0] }
    },
    {
      "type": "Feature",
      "properties": {
        "p1": 40824000568,
        "p59a": null,
        "p59b": null,
        "p59c": null,
        "p59d": "XX",
        "p59e": null,
        "p59f": null,
        "p59g": "4.0",
        "x": 0,
        "y": 0
      },
      "geometry": { "type": "Point", "coordinates": [0.0, 0.0] }
    },
    {
      "type": "Feature",
      "properties": {
        "p1": 40824000569,
        "p59a": null,
        "p59b": null,
        "p59c": null,
        "p59d": "XX",
        "p59e": null,
        "p59f": null,
        "p59g": "4.0",
        "x": 0,
        "y": 0
      },
      "geometry": { "type": "Point", "coordinates": [0.0, 0.0] }
    },
    {
      "type": "Feature",
      "properties": {
        "p1": 40824000572,
        "p59a": "1.0",
        "p59b": "3.0",
        "p59c": "1.0",
        "p59d": "55",
        "p59e": "10.0",
        "p59f": "1.0",
        "p59g": "4.0",
        "x": 0,
        "y": 0
      },
      "geometry": { "type": "Point", "coordinates": [0.0, 0.0] }
    },
    {
      "type": "Feature",
      "properties": {
        "p1": 40824000573,
        "p59a": "1.0",
        "p59b": "3.0",
        "p59c": "1.0",
        "p59d": "48",
        "p59e": "10.0",
        "p59f": "1.0",
        "p59g": "4.0",
        "x": 0,
        "y": 0
      },
      "geometry": { "type": "Point", "coordinates": [0.0, 0.0] }
    },
    {
      "type": "Feature",
      "properties": {
        "p1": 40824000575,
        "p59a": null,
        "p59b": null,
        "p59c": null,
        "p59d": "XX",
        "p59e": null,
        "p59f": null,
        "p59g": "4.0",
        "x": 0,
        "y": 0
      },
      "geometry": { "type": "Point", "coordinates": [0.0, 0.0] }
    },
    {
      "type": "Feature",
      "properties": {
        "p1": 40824000579,
        "p59a": "1.0",
        "p59b": "3.0",
        "p59c": "1.0",
        "p59d": "32",
        "p59e": "10.0",
        "p59f": "1.0",
        "p59g": "4.0",
        "x": 0,
        "y": 0
      },
      "geometry": { "type": "Point", "coordinates": [0.0, 0.0] }
    },
    {
      "type": "Feature",
      "properties": {
        "p1": 40824000580,
        "p59a": null,
        "p59b": null,
        "p59c": null,
        "p59d": "XX",
        "p59e": null,
        "p59f": null,
        "p59g": "4.0",
        "x": 0,
        "y": 0
      },
      "geometry": { "type": "Point", "coordinates": [0.0, 0.0] }
    },
    {
      "type": "Feature",
      "properties": {
        "p1": 40824000582,
        "p59a": "1.0",
        "p59b": "3.0",
        "p59c": "1.0",
        "p59d": "21",
        "p59e": "10.0",
        "p59f": "1.0",
        "p59g": "4.0",
        "x": 0,
        "y": 0
      },
      "geometry": { "type": "Point", "coordinates": [0.0, 0.0] }
    },
    {
      "type": "Feature",
      "properties": {
        "p1": 40824000583,
        "p59a": "1.0",
        "p59b": "3.0",
        "p59c": "2.0",
        "p59d": "41",
        "p59e": "10.0",
        "p59f": "1.0",
        "p59g": "4.0",
        "x": 0,
        "y": 0
      },
      "geometry": { "type": "Point", "coordinates": [0.0, 0.0] }
    },
    {
      "type": "Feature",
      "properties": {
        "p1": 40824000588,
        "p59a": "1.0",
        "p59b": "3.0",
        "p59c": "1.0",
        "p59d": "18",
        "p59e": "10.0",
        "p59f": "1.0",
        "p59g": "4.0",
        "x": 0,
        "y": 0
      },
      "geometry": { "type": "Point", "coordinates": [0.0, 0.0] }
    },
    {
      "type": "Feature",
      "properties": {
        "p1": 40824000590,
        "p59a": null,
        "p59b": null,
        "p59c": null,
        "p59d": "XX",
        "p59e": null,
        "p59f": null,
        "p59g": "4.0",
        "x": 0,
        "y": 0
      },
      "geometry": { "type": "Point", "coordinates": [0.0, 0.0] }
    },
    {
      "type": "Feature",
      "properties": {
        "p1": 40824000591,
        "p59a": "1.0",
        "p59b": "3.0",
        "p59c": "1.0",
        "p59d": "18",
        "p59e": "10.0",
        "p59f": "1.0",
        "p59g": "4.0",
        "x": 0,
        "y": 0
      },
      "geometry": { "type": "Point", "coordinates": [0.0, 0.0] }
    },
    {
      "type": "Feature",
      "properties": {
        "p1": 40824000592,
        "p59a": "1.0",
        "p59b": "3.0",
        "p59c": "1.0",
        "p59d": "25",
        "p59e": "10.0",
        "p59f": "1.0",
        "p59g": "4.0",
        "x": 0,
        "y": 0
      },
      "geometry": { "type": "Point", "coordinates": [0.0, 0.0] }
    },
    {
      "type": "Feature",
      "properties": {
        "p1": 40824000593,
        "p59a": "1.0",
        "p59b": "3.0",
        "p59c": "2.0",
        "p59d": "65",
        "p59e": "10.0",
        "p59f": "1.0",
        "p59g": "4.0",
        "x": 0,
        "y": 0
      },
      "geometry": { "type": "Point", "coordinates": [0.0, 0.0] }
    },
    {
      "type": "Feature",
      "properties": {
        "p1": 40824000595,
        "p59a": null,
        "p59b": null,
        "p59c": null,
        "p59d": "XX",
        "p59e": null,
        "p59f": null,
        "p59g": "4.0",
        "x": 0,
        "y": 0
      },
      "geometry": { "type": "Point", "coordinates": [0.0, 0.0] }
    },
    {
      "type": "Feature",
      "properties": {
        "p1": 40824000596,
        "p59a": "1.0",
        "p59b": "3.0",
        "p59c": "1.0",
        "p59d": "53",
        "p59e": "10.0",
        "p59f": "1.0",
        "p59g": "4.0",
        "x": 0,
        "y": 0
      },
      "geometry": { "type": "Point", "coordinates": [0.0, 0.0] }
    },
    {
      "type": "Feature",
      "properties": {
        "p1": 40824000598,
        "p59a": null,
        "p59b": null,
        "p59c": null,
        "p59d": "XX",
        "p59e": null,
        "p59f": null,
        "p59g": "4.0",
        "x": 0,
        "y": 0
      },
      "geometry": { "type": "Point", "coordinates": [0.0, 0.0] }
    },
    {
      "type": "Feature",
      "properties": {
        "p1": 40824000599,
        "p59a": "1.0",
        "p59b": "3.0",
        "p59c": "2.0",
        "p59d": "36",
        "p59e": "10.0",
        "p59f": "1.0",
        "p59g": "4.0",
        "x": 0,
        "y": 0
      },
      "geometry": { "type": "Point", "coordinates": [0.0, 0.0] }
    },
    {
      "type": "Feature",
      "properties": {
        "p1": 40824000602,
        "p59a": null,
        "p59b": null,
        "p59c": null,
        "p59d": "XX",
        "p59e": null,
        "p59f": null,
        "p59g": "4.0",
        "x": 0,
        "y": 0
      },
      "geometry": { "type": "Point", "coordinates": [0.0, 0.0] }
    },
    {
      "type": "Feature",
      "properties": {
        "p1": 40824000603,
        "p59a": null,
        "p59b": null,
        "p59c": null,
        "p59d": "XX",
        "p59e": null,
        "p59f": null,
        "p59g": "4.0",
        "x": 0,
        "y": 0
      },
      "geometry": { "type": "Point", "coordinates": [0.0, 0.0] }
    },
    {
      "type": "Feature",
      "properties": {
        "p1": 40824000605,
        "p59a": null,
        "p59b": null,
        "p59c": null,
        "p59d": "XX",
        "p59e": null,
        "p59f": null,
        "p59g": "4.0",
        "x": 0,
        "y": 0
      },
      "geometry": { "type": "Point", "coordinates": [0.0, 0.0] }
    },
    {
      "type": "Feature",
      "properties": {
        "p1": 40824000607,
        "p59a": "1.0",
        "p59b": "3.0",
        "p59c": "1.0",
        "p59d": "74",
        "p59e": "10.0",
        "p59f": "1.0",
        "p59g": "4.0",
        "x": 0,
        "y": 0
      },
      "geometry": { "type": "Point", "coordinates": [0.0, 0.0] }
    },
    {
      "type": "Feature",
      "properties": {
        "p1": 40824000608,
        "p59a": "1.0",
        "p59b": "3.0",
        "p59c": "1.0",
        "p59d": "72",
        "p59e": "10.0",
        "p59f": "1.0",
        "p59g": "4.0",
        "x": 0,
        "y": 0
      },
      "geometry": { "type": "Point", "coordinates": [0.0, 0.0] }
    },
    {
      "type": "Feature",
      "properties": {
        "p1": 40824000609,
        "p59a": "1.0",
        "p59b": "3.0",
        "p59c": "2.0",
        "p59d": "51",
        "p59e": "10.0",
        "p59f": "1.0",
        "p59g": "4.0",
        "x": 0,
        "y": 0
      },
      "geometry": { "type": "Point", "coordinates": [0.0, 0.0] }
    },
    {
      "type": "Feature",
      "properties": {
        "p1": 40824000610,
        "p59a": null,
        "p59b": null,
        "p59c": null,
        "p59d": "XX",
        "p59e": null,
        "p59f": null,
        "p59g": "4.0",
        "x": 0,
        "y": 0
      },
      "geometry": { "type": "Point", "coordinates": [0.0, 0.0] }
    },
    {
      "type": "Feature",
      "properties": {
        "p1": 40824000616,
        "p59a": null,
        "p59b": null,
        "p59c": null,
        "p59d": "XX",
        "p59e": null,
        "p59f": null,
        "p59g": null,
        "x": 0,
        "y": 0
      },
      "geometry": { "type": "Point", "coordinates": [0.0, 0.0] }
    },
    {
      "type": "Feature",
      "properties": {
        "p1": 40824000619,
        "p59a": null,
        "p59b": null,
        "p59c": null,
        "p59d": "XX",
        "p59e": null,
        "p59f": null,
        "p59g": "4.0",
        "x": 0,
        "y": 0
      },
      "geometry": { "type": "Point", "coordinates": [0.0, 0.0] }
    },
    {
      "type": "Feature",
      "properties": {
        "p1": 40824000623,
        "p59a": "1.0",
        "p59b": "3.0",
        "p59c": "1.0",
        "p59d": "80",
        "p59e": "10.0",
        "p59f": "1.0",
        "p59g": "4.0",
        "x": 0,
        "y": 0
      },
      "geometry": { "type": "Point", "coordinates": [0.0, 0.0] }
    },
    {
      "type": "Feature",
      "properties": {
        "p1": 40824000625,
        "p59a": null,
        "p59b": null,
        "p59c": null,
        "p59d": "XX",
        "p59e": null,
        "p59f": null,
        "p59g": "4.0",
        "x": 0,
        "y": 0
      },
      "geometry": { "type": "Point", "coordinates": [0.0, 0.0] }
    },
    {
      "type": "Feature",
      "properties": {
        "p1": 40824000627,
        "p59a": null,
        "p59b": null,
        "p59c": null,
        "p59d": "XX",
        "p59e": null,
        "p59f": null,
        "p59g": "4.0",
        "x": 0,
        "y": 0
      },
      "geometry": { "type": "Point", "coordinates": [0.0, 0.0] }
    },
    {
      "type": "Feature",
      "properties": {
        "p1": 40824000629,
        "p59a": "1.0",
        "p59b": "3.0",
        "p59c": "1.0",
        "p59d": "26",
        "p59e": "10.0",
        "p59f": "1.0",
        "p59g": "4.0",
        "x": 0,
        "y": 0
      },
      "geometry": { "type": "Point", "coordinates": [0.0, 0.0] }
    },
    {
      "type": "Feature",
      "properties": {
        "p1": 40824000630,
        "p59a": null,
        "p59b": null,
        "p59c": null,
        "p59d": "XX",
        "p59e": null,
        "p59f": null,
        "p59g": "4.0",
        "x": 0,
        "y": 0
      },
      "geometry": { "type": "Point", "coordinates": [0.0, 0.0] }
    },
    {
      "type": "Feature",
      "properties": {
        "p1": 40824000633,
        "p59a": "1.0",
        "p59b": "1.0",
        "p59c": "1.0",
        "p59d": "35",
        "p59e": "10.0",
        "p59f": "5.0",
        "p59g": "3.0",
        "x": 0,
        "y": 0
      },
      "geometry": { "type": "Point", "coordinates": [0.0, 0.0] }
    },
    {
      "type": "Feature",
      "properties": {
        "p1": 40824000634,
        "p59a": null,
        "p59b": null,
        "p59c": null,
        "p59d": "XX",
        "p59e": null,
        "p59f": null,
        "p59g": "4.0",
        "x": 0,
        "y": 0
      },
      "geometry": { "type": "Point", "coordinates": [0.0, 0.0] }
    },
    {
      "type": "Feature",
      "properties": {
        "p1": 40824000636,
        "p59a": null,
        "p59b": null,
        "p59c": null,
        "p59d": "XX",
        "p59e": null,
        "p59f": null,
        "p59g": "4.0",
        "x": 0,
        "y": 0
      },
      "geometry": { "type": "Point", "coordinates": [0.0, 0.0] }
    },
    {
      "type": "Feature",
      "properties": {
        "p1": 40824000638,
        "p59a": null,
        "p59b": null,
        "p59c": null,
        "p59d": "XX",
        "p59e": null,
        "p59f": null,
        "p59g": "4.0",
        "x": 0,
        "y": 0
      },
      "geometry": { "type": "Point", "coordinates": [0.0, 0.0] }
    },
    {
      "type": "Feature",
      "properties": {
        "p1": 40824000642,
        "p59a": "1.0",
        "p59b": "3.0",
        "p59c": "1.0",
        "p59d": "50",
        "p59e": "10.0",
        "p59f": "1.0",
        "p59g": "4.0",
        "x": 0,
        "y": 0
      },
      "geometry": { "type": "Point", "coordinates": [0.0, 0.0] }
    },
    {
      "type": "Feature",
      "properties": {
        "p1": 40824000646,
        "p59a": "1.0",
        "p59b": "3.0",
        "p59c": "1.0",
        "p59d": "48",
        "p59e": "160.0",
        "p59f": "1.0",
        "p59g": "4.0",
        "x": 0,
        "y": 0
      },
      "geometry": { "type": "Point", "coordinates": [0.0, 0.0] }
    },
    {
      "type": "Feature",
      "properties": {
        "p1": 40824000655,
        "p59a": null,
        "p59b": null,
        "p59c": null,
        "p59d": "XX",
        "p59e": null,
        "p59f": null,
        "p59g": "4.0",
        "x": 0,
        "y": 0
      },
      "geometry": { "type": "Point", "coordinates": [0.0, 0.0] }
    },
    {
      "type": "Feature",
      "properties": {
        "p1": 40824000660,
        "p59a": null,
        "p59b": null,
        "p59c": null,
        "p59d": "XX",
        "p59e": null,
        "p59f": null,
        "p59g": "4.0",
        "x": 0,
        "y": 0
      },
      "geometry": { "type": "Point", "coordinates": [0.0, 0.0] }
    },
    {
      "type": "Feature",
      "properties": {
        "p1": 40824000661,
        "p59a": "1.0",
        "p59b": "3.0",
        "p59c": "1.0",
        "p59d": "19",
        "p59e": "10.0",
        "p59f": "1.0",
        "p59g": "4.0",
        "x": 0,
        "y": 0
      },
      "geometry": { "type": "Point", "coordinates": [0.0, 0.0] }
    },
    {
      "type": "Feature",
      "properties": {
        "p1": 40824000662,
        "p59a": "1.0",
        "p59b": "3.0",
        "p59c": "2.0",
        "p59d": "35",
        "p59e": "10.0",
        "p59f": "1.0",
        "p59g": "4.0",
        "x": 0,
        "y": 0
      },
      "geometry": { "type": "Point", "coordinates": [0.0, 0.0] }
    },
    {
      "type": "Feature",
      "properties": {
        "p1": 40824000666,
        "p59a": null,
        "p59b": null,
        "p59c": null,
        "p59d": "XX",
        "p59e": null,
        "p59f": null,
        "p59g": "4.0",
        "x": 0,
        "y": 0
      },
      "geometry": { "type": "Point", "coordinates": [0.0, 0.0] }
    },
    {
      "type": "Feature",
      "properties": {
        "p1": 40824000667,
        "p59a": "1.0",
        "p59b": "3.0",
        "p59c": "2.0",
        "p59d": "42",
        "p59e": "10.0",
        "p59f": "1.0",
        "p59g": "4.0",
        "x": 0,
        "y": 0
      },
      "geometry": { "type": "Point", "coordinates": [0.0, 0.0] }
    },
    {
      "type": "Feature",
      "properties": {
        "p1": 40824000670,
        "p59a": null,
        "p59b": null,
        "p59c": null,
        "p59d": null,
        "p59e": null,
        "p59f": null,
        "p59g": "4.0",
        "x": 0,
        "y": 0
      },
      "geometry": { "type": "Point", "coordinates": [0.0, 0.0] }
    },
    {
      "type": "Feature",
      "properties": {
        "p1": 40824000671,
        "p59a": null,
        "p59b": null,
        "p59c": null,
        "p59d": "XX",
        "p59e": null,
        "p59f": null,
        "p59g": "4.0",
        "x": 0,
        "y": 0
      },
      "geometry": { "type": "Point", "coordinates": [0.0, 0.0] }
    },
    {
      "type": "Feature",
      "properties": {
        "p1": 40824000672,
        "p59a": "1.0",
        "p59b": "3.0",
        "p59c": "1.0",
        "p59d": "52",
        "p59e": "150.0",
        "p59f": "1.0",
        "p59g": "4.0",
        "x": 0,
        "y": 0
      },
      "geometry": { "type": "Point", "coordinates": [0.0, 0.0] }
    },
    {
      "type": "Feature",
      "properties": {
        "p1": 40824000678,
        "p59a": "1.0",
        "p59b": "3.0",
        "p59c": "1.0",
        "p59d": "42",
        "p59e": "10.0",
        "p59f": "1.0",
        "p59g": "4.0",
        "x": 0,
        "y": 0
      },
      "geometry": { "type": "Point", "coordinates": [0.0, 0.0] }
    },
    {
      "type": "Feature",
      "properties": {
        "p1": 40824000679,
        "p59a": "1.0",
        "p59b": "3.0",
        "p59c": "2.0",
        "p59d": "31",
        "p59e": "10.0",
        "p59f": "1.0",
        "p59g": "4.0",
        "x": 0,
        "y": 0
      },
      "geometry": { "type": "Point", "coordinates": [0.0, 0.0] }
    },
    {
      "type": "Feature",
      "properties": {
        "p1": 40824000683,
        "p59a": "1.0",
        "p59b": "3.0",
        "p59c": "1.0",
        "p59d": "43",
        "p59e": "10.0",
        "p59f": "1.0",
        "p59g": "4.0",
        "x": 0,
        "y": 0
      },
      "geometry": { "type": "Point", "coordinates": [0.0, 0.0] }
    },
    {
      "type": "Feature",
      "properties": {
        "p1": 40824000685,
        "p59a": "1.0",
        "p59b": "3.0",
        "p59c": "1.0",
        "p59d": "65",
        "p59e": "10.0",
        "p59f": "1.0",
        "p59g": "4.0",
        "x": 0,
        "y": 0
      },
      "geometry": { "type": "Point", "coordinates": [0.0, 0.0] }
    },
    {
      "type": "Feature",
      "properties": {
        "p1": 40824000689,
        "p59a": "1.0",
        "p59b": "3.0",
        "p59c": "1.0",
        "p59d": "21",
        "p59e": "10.0",
        "p59f": "1.0",
        "p59g": "4.0",
        "x": 0,
        "y": 0
      },
      "geometry": { "type": "Point", "coordinates": [0.0, 0.0] }
    },
    {
      "type": "Feature",
      "properties": {
        "p1": 40824000691,
        "p59a": "1.0",
        "p59b": "3.0",
        "p59c": "2.0",
        "p59d": "18",
        "p59e": "10.0",
        "p59f": "1.0",
        "p59g": "4.0",
        "x": 0,
        "y": 0
      },
      "geometry": { "type": "Point", "coordinates": [0.0, 0.0] }
    },
    {
      "type": "Feature",
      "properties": {
        "p1": 40824000692,
        "p59a": null,
        "p59b": null,
        "p59c": null,
        "p59d": "XX",
        "p59e": null,
        "p59f": null,
        "p59g": "4.0",
        "x": 0,
        "y": 0
      },
      "geometry": { "type": "Point", "coordinates": [0.0, 0.0] }
    },
    {
      "type": "Feature",
      "properties": {
        "p1": 40824000694,
        "p59a": "1.0",
        "p59b": "3.0",
        "p59c": "2.0",
        "p59d": "19",
        "p59e": "10.0",
        "p59f": "1.0",
        "p59g": "4.0",
        "x": 0,
        "y": 0
      },
      "geometry": { "type": "Point", "coordinates": [0.0, 0.0] }
    },
    {
      "type": "Feature",
      "properties": {
        "p1": 40824000695,
        "p59a": "1.0",
        "p59b": "1.0",
        "p59c": "1.0",
        "p59d": "26",
        "p59e": "10.0",
        "p59f": "5.0",
        "p59g": "3.0",
        "x": 0,
        "y": 0
      },
      "geometry": { "type": "Point", "coordinates": [0.0, 0.0] }
    },
    {
      "type": "Feature",
      "properties": {
        "p1": 40824000696,
        "p59a": null,
        "p59b": null,
        "p59c": null,
        "p59d": "XX",
        "p59e": null,
        "p59f": null,
        "p59g": "4.0",
        "x": 0,
        "y": 0
      },
      "geometry": { "type": "Point", "coordinates": [0.0, 0.0] }
    },
    {
      "type": "Feature",
      "properties": {
        "p1": 40824000699,
        "p59a": "1.0",
        "p59b": "1.0",
        "p59c": "1.0",
        "p59d": "42",
        "p59e": "10.0",
        "p59f": "5.0",
        "p59g": "3.0",
        "x": 0,
        "y": 0
      },
      "geometry": { "type": "Point", "coordinates": [0.0, 0.0] }
    },
    {
      "type": "Feature",
      "properties": {
        "p1": 40824000703,
        "p59a": null,
        "p59b": null,
        "p59c": null,
        "p59d": "XX",
        "p59e": null,
        "p59f": null,
        "p59g": "4.0",
        "x": 0,
        "y": 0
      },
      "geometry": { "type": "Point", "coordinates": [0.0, 0.0] }
    },
    {
      "type": "Feature",
      "properties": {
        "p1": 40824000704,
        "p59a": null,
        "p59b": null,
        "p59c": null,
        "p59d": "XX",
        "p59e": null,
        "p59f": null,
        "p59g": "4.0",
        "x": 0,
        "y": 0
      },
      "geometry": { "type": "Point", "coordinates": [0.0, 0.0] }
    },
    {
      "type": "Feature",
      "properties": {
        "p1": 40824000706,
        "p59a": null,
        "p59b": null,
        "p59c": null,
        "p59d": "XX",
        "p59e": null,
        "p59f": null,
        "p59g": "4.0",
        "x": 0,
        "y": 0
      },
      "geometry": { "type": "Point", "coordinates": [0.0, 0.0] }
    },
    {
      "type": "Feature",
      "properties": {
        "p1": 40824000707,
        "p59a": "1.0",
        "p59b": "3.0",
        "p59c": "2.0",
        "p59d": "62",
        "p59e": "10.0",
        "p59f": "1.0",
        "p59g": "4.0",
        "x": 0,
        "y": 0
      },
      "geometry": { "type": "Point", "coordinates": [0.0, 0.0] }
    },
    {
      "type": "Feature",
      "properties": {
        "p1": 40824000709,
        "p59a": "1.0",
        "p59b": "3.0",
        "p59c": "2.0",
        "p59d": "18",
        "p59e": "10.0",
        "p59f": "5.0",
        "p59g": "3.0",
        "x": 0,
        "y": 0
      },
      "geometry": { "type": "Point", "coordinates": [0.0, 0.0] }
    },
    {
      "type": "Feature",
      "properties": {
        "p1": 40824000712,
        "p59a": null,
        "p59b": null,
        "p59c": null,
        "p59d": "XX",
        "p59e": null,
        "p59f": null,
        "p59g": "4.0",
        "x": 0,
        "y": 0
      },
      "geometry": { "type": "Point", "coordinates": [0.0, 0.0] }
    },
    {
      "type": "Feature",
      "properties": {
        "p1": 40824000713,
        "p59a": null,
        "p59b": null,
        "p59c": null,
        "p59d": "XX",
        "p59e": null,
        "p59f": null,
        "p59g": "4.0",
        "x": 0,
        "y": 0
      },
      "geometry": { "type": "Point", "coordinates": [0.0, 0.0] }
    },
    {
      "type": "Feature",
      "properties": {
        "p1": 40824000714,
        "p59a": null,
        "p59b": null,
        "p59c": null,
        "p59d": "XX",
        "p59e": null,
        "p59f": null,
        "p59g": "4.0",
        "x": 0,
        "y": 0
      },
      "geometry": { "type": "Point", "coordinates": [0.0, 0.0] }
    },
    {
      "type": "Feature",
      "properties": {
        "p1": 40824000721,
        "p59a": "1.0",
        "p59b": "3.0",
        "p59c": "2.0",
        "p59d": "38",
        "p59e": "10.0",
        "p59f": "1.0",
        "p59g": "4.0",
        "x": 0,
        "y": 0
      },
      "geometry": { "type": "Point", "coordinates": [0.0, 0.0] }
    },
    {
      "type": "Feature",
      "properties": {
        "p1": 40824000729,
        "p59a": null,
        "p59b": null,
        "p59c": null,
        "p59d": "XX",
        "p59e": null,
        "p59f": null,
        "p59g": "4.0",
        "x": 0,
        "y": 0
      },
      "geometry": { "type": "Point", "coordinates": [0.0, 0.0] }
    },
    {
      "type": "Feature",
      "properties": {
        "p1": 40824000739,
        "p59a": "1.0",
        "p59b": "3.0",
        "p59c": "2.0",
        "p59d": "78",
        "p59e": "10.0",
        "p59f": "1.0",
        "p59g": "4.0",
        "x": 0,
        "y": 0
      },
      "geometry": { "type": "Point", "coordinates": [0.0, 0.0] }
    },
    {
      "type": "Feature",
      "properties": {
        "p1": 40824000740,
        "p59a": null,
        "p59b": null,
        "p59c": null,
        "p59d": "XX",
        "p59e": null,
        "p59f": null,
        "p59g": "4.0",
        "x": 0,
        "y": 0
      },
      "geometry": { "type": "Point", "coordinates": [0.0, 0.0] }
    },
    {
      "type": "Feature",
      "properties": {
        "p1": 40824000741,
        "p59a": "1.0",
        "p59b": "3.0",
        "p59c": "1.0",
        "p59d": "46",
        "p59e": "10.0",
        "p59f": "1.0",
        "p59g": "4.0",
        "x": 0,
        "y": 0
      },
      "geometry": { "type": "Point", "coordinates": [0.0, 0.0] }
    },
    {
      "type": "Feature",
      "properties": {
        "p1": 40824000743,
        "p59a": null,
        "p59b": null,
        "p59c": null,
        "p59d": "XX",
        "p59e": null,
        "p59f": null,
        "p59g": "4.0",
        "x": 0,
        "y": 0
      },
      "geometry": { "type": "Point", "coordinates": [0.0, 0.0] }
    },
    {
      "type": "Feature",
      "properties": {
        "p1": 40824000745,
        "p59a": "1.0",
        "p59b": "3.0",
        "p59c": "2.0",
        "p59d": "47",
        "p59e": "10.0",
        "p59f": "1.0",
        "p59g": "4.0",
        "x": 0,
        "y": 0
      },
      "geometry": { "type": "Point", "coordinates": [0.0, 0.0] }
    },
    {
      "type": "Feature",
      "properties": {
        "p1": 40824000747,
        "p59a": null,
        "p59b": null,
        "p59c": null,
        "p59d": "XX",
        "p59e": null,
        "p59f": null,
        "p59g": "4.0",
        "x": 0,
        "y": 0
      },
      "geometry": { "type": "Point", "coordinates": [0.0, 0.0] }
    },
    {
      "type": "Feature",
      "properties": {
        "p1": 40824000748,
        "p59a": "1.0",
        "p59b": "3.0",
        "p59c": "2.0",
        "p59d": "49",
        "p59e": "10.0",
        "p59f": "1.0",
        "p59g": "4.0",
        "x": 0,
        "y": 0
      },
      "geometry": { "type": "Point", "coordinates": [0.0, 0.0] }
    },
    {
      "type": "Feature",
      "properties": {
        "p1": 40824000749,
        "p59a": null,
        "p59b": null,
        "p59c": null,
        "p59d": "XX",
        "p59e": null,
        "p59f": null,
        "p59g": "4.0",
        "x": 0,
        "y": 0
      },
      "geometry": { "type": "Point", "coordinates": [0.0, 0.0] }
    },
    {
      "type": "Feature",
      "properties": {
        "p1": 40824000752,
        "p59a": null,
        "p59b": null,
        "p59c": null,
        "p59d": "XX",
        "p59e": null,
        "p59f": null,
        "p59g": "4.0",
        "x": 0,
        "y": 0
      },
      "geometry": { "type": "Point", "coordinates": [0.0, 0.0] }
    },
    {
      "type": "Feature",
      "properties": {
        "p1": 40824000753,
        "p59a": null,
        "p59b": null,
        "p59c": null,
        "p59d": "XX",
        "p59e": null,
        "p59f": null,
        "p59g": "4.0",
        "x": 0,
        "y": 0
      },
      "geometry": { "type": "Point", "coordinates": [0.0, 0.0] }
    },
    {
      "type": "Feature",
      "properties": {
        "p1": 40824000757,
        "p59a": null,
        "p59b": null,
        "p59c": null,
        "p59d": "XX",
        "p59e": null,
        "p59f": null,
        "p59g": "4.0",
        "x": 0,
        "y": 0
      },
      "geometry": { "type": "Point", "coordinates": [0.0, 0.0] }
    },
    {
      "type": "Feature",
      "properties": {
        "p1": 40824000759,
        "p59a": null,
        "p59b": null,
        "p59c": null,
        "p59d": "XX",
        "p59e": null,
        "p59f": null,
        "p59g": "4.0",
        "x": 0,
        "y": 0
      },
      "geometry": { "type": "Point", "coordinates": [0.0, 0.0] }
    },
    {
      "type": "Feature",
      "properties": {
        "p1": 40824000760,
        "p59a": "1.0",
        "p59b": "3.0",
        "p59c": "1.0",
        "p59d": "48",
        "p59e": "10.0",
        "p59f": "1.0",
        "p59g": "4.0",
        "x": 0,
        "y": 0
      },
      "geometry": { "type": "Point", "coordinates": [0.0, 0.0] }
    },
    {
      "type": "Feature",
      "properties": {
        "p1": 40824000763,
        "p59a": "1.0",
        "p59b": "3.0",
        "p59c": "2.0",
        "p59d": "61",
        "p59e": "10.0",
        "p59f": "1.0",
        "p59g": "4.0",
        "x": 0,
        "y": 0
      },
      "geometry": { "type": "Point", "coordinates": [0.0, 0.0] }
    },
    {
      "type": "Feature",
      "properties": {
        "p1": 40824000764,
        "p59a": "1.0",
        "p59b": "3.0",
        "p59c": "1.0",
        "p59d": "35",
        "p59e": "10.0",
        "p59f": "1.0",
        "p59g": "4.0",
        "x": 0,
        "y": 0
      },
      "geometry": { "type": "Point", "coordinates": [0.0, 0.0] }
    },
    {
      "type": "Feature",
      "properties": {
        "p1": 40824000765,
        "p59a": null,
        "p59b": null,
        "p59c": null,
        "p59d": "XX",
        "p59e": null,
        "p59f": null,
        "p59g": "4.0",
        "x": 0,
        "y": 0
      },
      "geometry": { "type": "Point", "coordinates": [0.0, 0.0] }
    },
    {
      "type": "Feature",
      "properties": {
        "p1": 40824000771,
        "p59a": "1.0",
        "p59b": "3.0",
        "p59c": "1.0",
        "p59d": "68",
        "p59e": "340.0",
        "p59f": "1.0",
        "p59g": "4.0",
        "x": 0,
        "y": 0
      },
      "geometry": { "type": "Point", "coordinates": [0.0, 0.0] }
    },
    {
      "type": "Feature",
      "properties": {
        "p1": 40824000773,
        "p59a": null,
        "p59b": null,
        "p59c": null,
        "p59d": "XX",
        "p59e": null,
        "p59f": null,
        "p59g": "4.0",
        "x": 0,
        "y": 0
      },
      "geometry": { "type": "Point", "coordinates": [0.0, 0.0] }
    },
    {
      "type": "Feature",
      "properties": {
        "p1": 40824000775,
        "p59a": "1.0",
        "p59b": "3.0",
        "p59c": "1.0",
        "p59d": "29",
        "p59e": "180.0",
        "p59f": "1.0",
        "p59g": "4.0",
        "x": 0,
        "y": 0
      },
      "geometry": { "type": "Point", "coordinates": [0.0, 0.0] }
    },
    {
      "type": "Feature",
      "properties": {
        "p1": 40824000776,
        "p59a": null,
        "p59b": null,
        "p59c": null,
        "p59d": "XX",
        "p59e": null,
        "p59f": null,
        "p59g": "4.0",
        "x": 0,
        "y": 0
      },
      "geometry": { "type": "Point", "coordinates": [0.0, 0.0] }
    },
    {
      "type": "Feature",
      "properties": {
        "p1": 40824000778,
        "p59a": null,
        "p59b": null,
        "p59c": null,
        "p59d": "XX",
        "p59e": null,
        "p59f": null,
        "p59g": "4.0",
        "x": 0,
        "y": 0
      },
      "geometry": { "type": "Point", "coordinates": [0.0, 0.0] }
    },
    {
      "type": "Feature",
      "properties": {
        "p1": 40824000781,
        "p59a": null,
        "p59b": null,
        "p59c": null,
        "p59d": "XX",
        "p59e": null,
        "p59f": null,
        "p59g": "4.0",
        "x": 0,
        "y": 0
      },
      "geometry": { "type": "Point", "coordinates": [0.0, 0.0] }
    },
    {
      "type": "Feature",
      "properties": {
        "p1": 40824000782,
        "p59a": "1.0",
        "p59b": "3.0",
        "p59c": "1.0",
        "p59d": "61",
        "p59e": "10.0",
        "p59f": "1.0",
        "p59g": "4.0",
        "x": 0,
        "y": 0
      },
      "geometry": { "type": "Point", "coordinates": [0.0, 0.0] }
    },
    {
      "type": "Feature",
      "properties": {
        "p1": 40824000785,
        "p59a": "1.0",
        "p59b": "3.0",
        "p59c": "1.0",
        "p59d": "31",
        "p59e": "10.0",
        "p59f": "1.0",
        "p59g": "4.0",
        "x": 0,
        "y": 0
      },
      "geometry": { "type": "Point", "coordinates": [0.0, 0.0] }
    },
    {
      "type": "Feature",
      "properties": {
        "p1": 40824000786,
        "p59a": null,
        "p59b": null,
        "p59c": null,
        "p59d": "XX",
        "p59e": null,
        "p59f": null,
        "p59g": "4.0",
        "x": 0,
        "y": 0
      },
      "geometry": { "type": "Point", "coordinates": [0.0, 0.0] }
    },
    {
      "type": "Feature",
      "properties": {
        "p1": 40824000788,
        "p59a": null,
        "p59b": null,
        "p59c": null,
        "p59d": "XX",
        "p59e": null,
        "p59f": null,
        "p59g": "4.0",
        "x": 0,
        "y": 0
      },
      "geometry": { "type": "Point", "coordinates": [0.0, 0.0] }
    },
    {
      "type": "Feature",
      "properties": {
        "p1": 40824000789,
        "p59a": "1.0",
        "p59b": "3.0",
        "p59c": "2.0",
        "p59d": "31",
        "p59e": "10.0",
        "p59f": "1.0",
        "p59g": "4.0",
        "x": 0,
        "y": 0
      },
      "geometry": { "type": "Point", "coordinates": [0.0, 0.0] }
    },
    {
      "type": "Feature",
      "properties": {
        "p1": 40824000795,
        "p59a": null,
        "p59b": null,
        "p59c": null,
        "p59d": "XX",
        "p59e": null,
        "p59f": null,
        "p59g": "4.0",
        "x": 0,
        "y": 0
      },
      "geometry": { "type": "Point", "coordinates": [0.0, 0.0] }
    },
    {
      "type": "Feature",
      "properties": {
        "p1": 40824000798,
        "p59a": "1.0",
        "p59b": "3.0",
        "p59c": "1.0",
        "p59d": "41",
        "p59e": "10.0",
        "p59f": "1.0",
        "p59g": "4.0",
        "x": 0,
        "y": 0
      },
      "geometry": { "type": "Point", "coordinates": [0.0, 0.0] }
    },
    {
      "type": "Feature",
      "properties": {
        "p1": 40824000799,
        "p59a": null,
        "p59b": null,
        "p59c": null,
        "p59d": "xx",
        "p59e": null,
        "p59f": null,
        "p59g": "4.0",
        "x": 0,
        "y": 0
      },
      "geometry": { "type": "Point", "coordinates": [0.0, 0.0] }
    },
    {
      "type": "Feature",
      "properties": {
        "p1": 40824000800,
        "p59a": "1.0",
        "p59b": "3.0",
        "p59c": "1.0",
        "p59d": "24",
        "p59e": "10.0",
        "p59f": "1.0",
        "p59g": "4.0",
        "x": 0,
        "y": 0
      },
      "geometry": { "type": "Point", "coordinates": [0.0, 0.0] }
    },
    {
      "type": "Feature",
      "properties": {
        "p1": 40824000803,
        "p59a": null,
        "p59b": null,
        "p59c": null,
        "p59d": "XX",
        "p59e": null,
        "p59f": null,
        "p59g": "4.0",
        "x": 0,
        "y": 0
      },
      "geometry": { "type": "Point", "coordinates": [0.0, 0.0] }
    },
    {
      "type": "Feature",
      "properties": {
        "p1": 40824000804,
        "p59a": "1.0",
        "p59b": "3.0",
        "p59c": "1.0",
        "p59d": "54",
        "p59e": "10.0",
        "p59f": "1.0",
        "p59g": "4.0",
        "x": 0,
        "y": 0
      },
      "geometry": { "type": "Point", "coordinates": [0.0, 0.0] }
    },
    {
      "type": "Feature",
      "properties": {
        "p1": 40824000808,
        "p59a": null,
        "p59b": null,
        "p59c": null,
        "p59d": "XX",
        "p59e": null,
        "p59f": null,
        "p59g": "4.0",
        "x": 0,
        "y": 0
      },
      "geometry": { "type": "Point", "coordinates": [0.0, 0.0] }
    },
    {
      "type": "Feature",
      "properties": {
        "p1": 40824000811,
        "p59a": null,
        "p59b": null,
        "p59c": null,
        "p59d": "XX",
        "p59e": null,
        "p59f": null,
        "p59g": "4.0",
        "x": 0,
        "y": 0
      },
      "geometry": { "type": "Point", "coordinates": [0.0, 0.0] }
    },
    {
      "type": "Feature",
      "properties": {
        "p1": 40824000812,
        "p59a": null,
        "p59b": null,
        "p59c": null,
        "p59d": "XX",
        "p59e": null,
        "p59f": null,
        "p59g": "4.0",
        "x": 0,
        "y": 0
      },
      "geometry": { "type": "Point", "coordinates": [0.0, 0.0] }
    },
    {
      "type": "Feature",
      "properties": {
        "p1": 40824000813,
        "p59a": "1.0",
        "p59b": "3.0",
        "p59c": "1.0",
        "p59d": "33",
        "p59e": "10.0",
        "p59f": "1.0",
        "p59g": "4.0",
        "x": 0,
        "y": 0
      },
      "geometry": { "type": "Point", "coordinates": [0.0, 0.0] }
    },
    {
      "type": "Feature",
      "properties": {
        "p1": 40824000817,
        "p59a": "1.0",
        "p59b": "3.0",
        "p59c": "1.0",
        "p59d": "45",
        "p59e": "50.0",
        "p59f": "1.0",
        "p59g": "4.0",
        "x": 0,
        "y": 0
      },
      "geometry": { "type": "Point", "coordinates": [0.0, 0.0] }
    },
    {
      "type": "Feature",
      "properties": {
        "p1": 40824000818,
        "p59a": null,
        "p59b": null,
        "p59c": null,
        "p59d": "XX",
        "p59e": null,
        "p59f": null,
        "p59g": "4.0",
        "x": 0,
        "y": 0
      },
      "geometry": { "type": "Point", "coordinates": [0.0, 0.0] }
    },
    {
      "type": "Feature",
      "properties": {
        "p1": 40824000820,
        "p59a": null,
        "p59b": null,
        "p59c": null,
        "p59d": "XX",
        "p59e": null,
        "p59f": null,
        "p59g": "4.0",
        "x": 0,
        "y": 0
      },
      "geometry": { "type": "Point", "coordinates": [0.0, 0.0] }
    },
    {
      "type": "Feature",
      "properties": {
        "p1": 40824000822,
        "p59a": null,
        "p59b": null,
        "p59c": null,
        "p59d": "XX",
        "p59e": null,
        "p59f": null,
        "p59g": "4.0",
        "x": 0,
        "y": 0
      },
      "geometry": { "type": "Point", "coordinates": [0.0, 0.0] }
    },
    {
      "type": "Feature",
      "properties": {
        "p1": 40824000826,
        "p59a": null,
        "p59b": null,
        "p59c": null,
        "p59d": "XX",
        "p59e": null,
        "p59f": null,
        "p59g": "4.0",
        "x": 0,
        "y": 0
      },
      "geometry": { "type": "Point", "coordinates": [0.0, 0.0] }
    },
    {
      "type": "Feature",
      "properties": {
        "p1": 40824000830,
        "p59a": null,
        "p59b": null,
        "p59c": null,
        "p59d": "XX",
        "p59e": null,
        "p59f": null,
        "p59g": "4.0",
        "x": 0,
        "y": 0
      },
      "geometry": { "type": "Point", "coordinates": [0.0, 0.0] }
    },
    {
      "type": "Feature",
      "properties": {
        "p1": 40824000838,
        "p59a": null,
        "p59b": null,
        "p59c": null,
        "p59d": "XX",
        "p59e": null,
        "p59f": null,
        "p59g": "4.0",
        "x": 0,
        "y": 0
      },
      "geometry": { "type": "Point", "coordinates": [0.0, 0.0] }
    },
    {
      "type": "Feature",
      "properties": {
        "p1": 40824000839,
        "p59a": null,
        "p59b": null,
        "p59c": null,
        "p59d": "XX",
        "p59e": null,
        "p59f": null,
        "p59g": "4.0",
        "x": 0,
        "y": 0
      },
      "geometry": { "type": "Point", "coordinates": [0.0, 0.0] }
    },
    {
      "type": "Feature",
      "properties": {
        "p1": 40824000841,
        "p59a": null,
        "p59b": null,
        "p59c": null,
        "p59d": "XX",
        "p59e": null,
        "p59f": null,
        "p59g": "4.0",
        "x": 0,
        "y": 0
      },
      "geometry": { "type": "Point", "coordinates": [0.0, 0.0] }
    },
    {
      "type": "Feature",
      "properties": {
        "p1": 40824000843,
        "p59a": null,
        "p59b": null,
        "p59c": null,
        "p59d": "XX",
        "p59e": null,
        "p59f": null,
        "p59g": "4.0",
        "x": 0,
        "y": 0
      },
      "geometry": { "type": "Point", "coordinates": [0.0, 0.0] }
    },
    {
      "type": "Feature",
      "properties": {
        "p1": 40824000847,
        "p59a": "1.0",
        "p59b": "3.0",
        "p59c": "1.0",
        "p59d": "67",
        "p59e": "10.0",
        "p59f": "1.0",
        "p59g": "4.0",
        "x": 0,
        "y": 0
      },
      "geometry": { "type": "Point", "coordinates": [0.0, 0.0] }
    },
    {
      "type": "Feature",
      "properties": {
        "p1": 40824000851,
        "p59a": "1.0",
        "p59b": "3.0",
        "p59c": "2.0",
        "p59d": "49",
        "p59e": "10.0",
        "p59f": "1.0",
        "p59g": "4.0",
        "x": 0,
        "y": 0
      },
      "geometry": { "type": "Point", "coordinates": [0.0, 0.0] }
    },
    {
      "type": "Feature",
      "properties": {
        "p1": 40824000854,
        "p59a": null,
        "p59b": null,
        "p59c": null,
        "p59d": "XX",
        "p59e": null,
        "p59f": null,
        "p59g": "4.0",
        "x": 0,
        "y": 0
      },
      "geometry": { "type": "Point", "coordinates": [0.0, 0.0] }
    },
    {
      "type": "Feature",
      "properties": {
        "p1": 40824000855,
        "p59a": null,
        "p59b": null,
        "p59c": null,
        "p59d": "XX",
        "p59e": null,
        "p59f": null,
        "p59g": "4.0",
        "x": 0,
        "y": 0
      },
      "geometry": { "type": "Point", "coordinates": [0.0, 0.0] }
    },
    {
      "type": "Feature",
      "properties": {
        "p1": 40824000859,
        "p59a": null,
        "p59b": null,
        "p59c": null,
        "p59d": "XX",
        "p59e": null,
        "p59f": null,
        "p59g": "4.0",
        "x": 0,
        "y": 0
      },
      "geometry": { "type": "Point", "coordinates": [0.0, 0.0] }
    },
    {
      "type": "Feature",
      "properties": {
        "p1": 40824000860,
        "p59a": null,
        "p59b": null,
        "p59c": null,
        "p59d": "XX",
        "p59e": null,
        "p59f": null,
        "p59g": "4.0",
        "x": 0,
        "y": 0
      },
      "geometry": { "type": "Point", "coordinates": [0.0, 0.0] }
    },
    {
      "type": "Feature",
      "properties": {
        "p1": 40824000865,
        "p59a": null,
        "p59b": null,
        "p59c": null,
        "p59d": "XX",
        "p59e": null,
        "p59f": null,
        "p59g": "4.0",
        "x": 0,
        "y": 0
      },
      "geometry": { "type": "Point", "coordinates": [0.0, 0.0] }
    },
    {
      "type": "Feature",
      "properties": {
        "p1": 40824000872,
        "p59a": null,
        "p59b": null,
        "p59c": null,
        "p59d": "XX",
        "p59e": null,
        "p59f": null,
        "p59g": "4.0",
        "x": 0,
        "y": 0
      },
      "geometry": { "type": "Point", "coordinates": [0.0, 0.0] }
    },
    {
      "type": "Feature",
      "properties": {
        "p1": 40824000873,
        "p59a": "1.0",
        "p59b": "3.0",
        "p59c": "2.0",
        "p59d": "42",
        "p59e": "10.0",
        "p59f": "1.0",
        "p59g": "4.0",
        "x": 0,
        "y": 0
      },
      "geometry": { "type": "Point", "coordinates": [0.0, 0.0] }
    },
    {
      "type": "Feature",
      "properties": {
        "p1": 40824000876,
        "p59a": null,
        "p59b": null,
        "p59c": null,
        "p59d": "XX",
        "p59e": null,
        "p59f": null,
        "p59g": "4.0",
        "x": 0,
        "y": 0
      },
      "geometry": { "type": "Point", "coordinates": [0.0, 0.0] }
    },
    {
      "type": "Feature",
      "properties": {
        "p1": 40824000877,
        "p59a": "1.0",
        "p59b": "3.0",
        "p59c": "1.0",
        "p59d": "58",
        "p59e": "10.0",
        "p59f": "1.0",
        "p59g": "4.0",
        "x": 0,
        "y": 0
      },
      "geometry": { "type": "Point", "coordinates": [0.0, 0.0] }
    },
    {
      "type": "Feature",
      "properties": {
        "p1": 40824000880,
        "p59a": null,
        "p59b": null,
        "p59c": null,
        "p59d": "XX",
        "p59e": null,
        "p59f": null,
        "p59g": "4.0",
        "x": 0,
        "y": 0
      },
      "geometry": { "type": "Point", "coordinates": [0.0, 0.0] }
    },
    {
      "type": "Feature",
      "properties": {
        "p1": 40824000883,
        "p59a": null,
        "p59b": null,
        "p59c": null,
        "p59d": "XX",
        "p59e": null,
        "p59f": null,
        "p59g": null,
        "x": 0,
        "y": 0
      },
      "geometry": { "type": "Point", "coordinates": [0.0, 0.0] }
    },
    {
      "type": "Feature",
      "properties": {
        "p1": 40824000886,
        "p59a": "1.0",
        "p59b": "3.0",
        "p59c": "1.0",
        "p59d": "63",
        "p59e": "10.0",
        "p59f": "1.0",
        "p59g": "4.0",
        "x": 0,
        "y": 0
      },
      "geometry": { "type": "Point", "coordinates": [0.0, 0.0] }
    },
    {
      "type": "Feature",
      "properties": {
        "p1": 40824000887,
        "p59a": null,
        "p59b": null,
        "p59c": null,
        "p59d": "XX",
        "p59e": null,
        "p59f": null,
        "p59g": null,
        "x": 0,
        "y": 0
      },
      "geometry": { "type": "Point", "coordinates": [0.0, 0.0] }
    },
    {
      "type": "Feature",
      "properties": {
        "p1": 40824000889,
        "p59a": "1.0",
        "p59b": "3.0",
        "p59c": "1.0",
        "p59d": "44",
        "p59e": "10.0",
        "p59f": "1.0",
        "p59g": "4.0",
        "x": 0,
        "y": 0
      },
      "geometry": { "type": "Point", "coordinates": [0.0, 0.0] }
    },
    {
      "type": "Feature",
      "properties": {
        "p1": 40824000891,
        "p59a": "1.0",
        "p59b": "3.0",
        "p59c": "2.0",
        "p59d": "19",
        "p59e": "10.0",
        "p59f": "1.0",
        "p59g": "4.0",
        "x": 0,
        "y": 0
      },
      "geometry": { "type": "Point", "coordinates": [0.0, 0.0] }
    },
    {
      "type": "Feature",
      "properties": {
        "p1": 40824000894,
        "p59a": "1.0",
        "p59b": "3.0",
        "p59c": "2.0",
        "p59d": "55",
        "p59e": "10.0",
        "p59f": "1.0",
        "p59g": "4.0",
        "x": 0,
        "y": 0
      },
      "geometry": { "type": "Point", "coordinates": [0.0, 0.0] }
    },
    {
      "type": "Feature",
      "properties": {
        "p1": 40824000899,
        "p59a": "1.0",
        "p59b": "3.0",
        "p59c": "2.0",
        "p59d": "35",
        "p59e": "10.0",
        "p59f": "1.0",
        "p59g": "4.0",
        "x": 0,
        "y": 0
      },
      "geometry": { "type": "Point", "coordinates": [0.0, 0.0] }
    },
    {
      "type": "Feature",
      "properties": {
        "p1": 40824000900,
        "p59a": null,
        "p59b": null,
        "p59c": null,
        "p59d": "XX",
        "p59e": null,
        "p59f": null,
        "p59g": null,
        "x": 0,
        "y": 0
      },
      "geometry": { "type": "Point", "coordinates": [0.0, 0.0] }
    },
    {
      "type": "Feature",
      "properties": {
        "p1": 40824000901,
        "p59a": "1.0",
        "p59b": "3.0",
        "p59c": "1.0",
        "p59d": "71",
        "p59e": "10.0",
        "p59f": "1.0",
        "p59g": "4.0",
        "x": 0,
        "y": 0
      },
      "geometry": { "type": "Point", "coordinates": [0.0, 0.0] }
    },
    {
      "type": "Feature",
      "properties": {
        "p1": 40824000902,
        "p59a": "1.0",
        "p59b": "3.0",
        "p59c": "1.0",
        "p59d": "34",
        "p59e": "10.0",
        "p59f": "1.0",
        "p59g": "4.0",
        "x": 0,
        "y": 0
      },
      "geometry": { "type": "Point", "coordinates": [0.0, 0.0] }
    },
    {
      "type": "Feature",
      "properties": {
        "p1": 40824000904,
        "p59a": "1.0",
        "p59b": "2.0",
        "p59c": "1.0",
        "p59d": "56",
        "p59e": "10.0",
        "p59f": "5.0",
        "p59g": "3.0",
        "x": 0,
        "y": 0
      },
      "geometry": { "type": "Point", "coordinates": [0.0, 0.0] }
    },
    {
      "type": "Feature",
      "properties": {
        "p1": 40824000905,
        "p59a": null,
        "p59b": null,
        "p59c": null,
        "p59d": "xx",
        "p59e": null,
        "p59f": null,
        "p59g": "4.0",
        "x": 0,
        "y": 0
      },
      "geometry": { "type": "Point", "coordinates": [0.0, 0.0] }
    },
    {
      "type": "Feature",
      "properties": {
        "p1": 40824000908,
        "p59a": null,
        "p59b": null,
        "p59c": null,
        "p59d": "XX",
        "p59e": null,
        "p59f": null,
        "p59g": null,
        "x": 0,
        "y": 0
      },
      "geometry": { "type": "Point", "coordinates": [0.0, 0.0] }
    },
    {
      "type": "Feature",
      "properties": {
        "p1": 40824000911,
        "p59a": "1.0",
        "p59b": "3.0",
        "p59c": "2.0",
        "p59d": "51",
        "p59e": "10.0",
        "p59f": "1.0",
        "p59g": "4.0",
        "x": 0,
        "y": 0
      },
      "geometry": { "type": "Point", "coordinates": [0.0, 0.0] }
    },
    {
      "type": "Feature",
      "properties": {
        "p1": 40824000913,
        "p59a": "1.0",
        "p59b": "3.0",
        "p59c": "1.0",
        "p59d": "64",
        "p59e": "104.0",
        "p59f": "1.0",
        "p59g": "4.0",
        "x": 0,
        "y": 0
      },
      "geometry": { "type": "Point", "coordinates": [0.0, 0.0] }
    },
    {
      "type": "Feature",
      "properties": {
        "p1": 40824000925,
        "p59a": null,
        "p59b": null,
        "p59c": null,
        "p59d": "XX",
        "p59e": null,
        "p59f": null,
        "p59g": null,
        "x": 0,
        "y": 0
      },
      "geometry": { "type": "Point", "coordinates": [0.0, 0.0] }
    },
    {
      "type": "Feature",
      "properties": {
        "p1": 40824000926,
        "p59a": null,
        "p59b": null,
        "p59c": null,
        "p59d": "XX",
        "p59e": null,
        "p59f": null,
        "p59g": null,
        "x": 0,
        "y": 0
      },
      "geometry": { "type": "Point", "coordinates": [0.0, 0.0] }
    },
    {
      "type": "Feature",
      "properties": {
        "p1": 40824000928,
        "p59a": "1.0",
        "p59b": "3.0",
        "p59c": "1.0",
        "p59d": "25",
        "p59e": "10.0",
        "p59f": "1.0",
        "p59g": "4.0",
        "x": 0,
        "y": 0
      },
      "geometry": { "type": "Point", "coordinates": [0.0, 0.0] }
    },
    {
      "type": "Feature",
      "properties": {
        "p1": 40824000929,
        "p59a": "1.0",
        "p59b": "3.0",
        "p59c": "1.0",
        "p59d": "64",
        "p59e": "10.0",
        "p59f": "1.0",
        "p59g": "4.0",
        "x": 0,
        "y": 0
      },
      "geometry": { "type": "Point", "coordinates": [0.0, 0.0] }
    },
    {
      "type": "Feature",
      "properties": {
        "p1": 40824000931,
        "p59a": "1.0",
        "p59b": "3.0",
        "p59c": "1.0",
        "p59d": "34",
        "p59e": "10.0",
        "p59f": "1.0",
        "p59g": "4.0",
        "x": 0,
        "y": 0
      },
      "geometry": { "type": "Point", "coordinates": [0.0, 0.0] }
    },
    {
      "type": "Feature",
      "properties": {
        "p1": 40824000932,
        "p59a": null,
        "p59b": null,
        "p59c": null,
        "p59d": "XX",
        "p59e": null,
        "p59f": null,
        "p59g": null,
        "x": 0,
        "y": 0
      },
      "geometry": { "type": "Point", "coordinates": [0.0, 0.0] }
    },
    {
      "type": "Feature",
      "properties": {
        "p1": 40824000934,
        "p59a": "1.0",
        "p59b": "3.0",
        "p59c": "1.0",
        "p59d": "75",
        "p59e": "10.0",
        "p59f": "1.0",
        "p59g": "4.0",
        "x": 0,
        "y": 0
      },
      "geometry": { "type": "Point", "coordinates": [0.0, 0.0] }
    },
    {
      "type": "Feature",
      "properties": {
        "p1": 40824000937,
        "p59a": null,
        "p59b": null,
        "p59c": null,
        "p59d": "XX",
        "p59e": null,
        "p59f": null,
        "p59g": null,
        "x": 0,
        "y": 0
      },
      "geometry": { "type": "Point", "coordinates": [0.0, 0.0] }
    },
    {
      "type": "Feature",
      "properties": {
        "p1": 40824000938,
        "p59a": "1.0",
        "p59b": "3.0",
        "p59c": "1.0",
        "p59d": "29",
        "p59e": "10.0",
        "p59f": "1.0",
        "p59g": "4.0",
        "x": 0,
        "y": 0
      },
      "geometry": { "type": "Point", "coordinates": [0.0, 0.0] }
    },
    {
      "type": "Feature",
      "properties": {
        "p1": 40824000940,
        "p59a": "1.0",
        "p59b": "3.0",
        "p59c": "1.0",
        "p59d": "33",
        "p59e": "10.0",
        "p59f": "1.0",
        "p59g": "4.0",
        "x": 0,
        "y": 0
      },
      "geometry": { "type": "Point", "coordinates": [0.0, 0.0] }
    },
    {
      "type": "Feature",
      "properties": {
        "p1": 40824000944,
        "p59a": null,
        "p59b": null,
        "p59c": null,
        "p59d": "XX",
        "p59e": null,
        "p59f": null,
        "p59g": null,
        "x": 0,
        "y": 0
      },
      "geometry": { "type": "Point", "coordinates": [0.0, 0.0] }
    },
    {
      "type": "Feature",
      "properties": {
        "p1": 40824000945,
        "p59a": null,
        "p59b": null,
        "p59c": null,
        "p59d": "XX",
        "p59e": null,
        "p59f": null,
        "p59g": null,
        "x": 0,
        "y": 0
      },
      "geometry": { "type": "Point", "coordinates": [0.0, 0.0] }
    },
    {
      "type": "Feature",
      "properties": {
        "p1": 40824000947,
        "p59a": null,
        "p59b": null,
        "p59c": null,
        "p59d": "XX",
        "p59e": null,
        "p59f": null,
        "p59g": null,
        "x": 0,
        "y": 0
      },
      "geometry": { "type": "Point", "coordinates": [0.0, 0.0] }
    },
    {
      "type": "Feature",
      "properties": {
        "p1": 40824000949,
        "p59a": null,
        "p59b": null,
        "p59c": null,
        "p59d": "XX",
        "p59e": null,
        "p59f": null,
        "p59g": null,
        "x": 0,
        "y": 0
      },
      "geometry": { "type": "Point", "coordinates": [0.0, 0.0] }
    },
    {
      "type": "Feature",
      "properties": {
        "p1": 40824000951,
        "p59a": null,
        "p59b": null,
        "p59c": null,
        "p59d": "XX",
        "p59e": null,
        "p59f": null,
        "p59g": null,
        "x": 0,
        "y": 0
      },
      "geometry": { "type": "Point", "coordinates": [0.0, 0.0] }
    },
    {
      "type": "Feature",
      "properties": {
        "p1": 40824000959,
        "p59a": "1.0",
        "p59b": "3.0",
        "p59c": "1.0",
        "p59d": "22",
        "p59e": "10.0",
        "p59f": "1.0",
        "p59g": "4.0",
        "x": 0,
        "y": 0
      },
      "geometry": { "type": "Point", "coordinates": [0.0, 0.0] }
    },
    {
      "type": "Feature",
      "properties": {
        "p1": 40824000964,
        "p59a": null,
        "p59b": null,
        "p59c": null,
        "p59d": "XX",
        "p59e": null,
        "p59f": null,
        "p59g": null,
        "x": 0,
        "y": 0
      },
      "geometry": { "type": "Point", "coordinates": [0.0, 0.0] }
    },
    {
      "type": "Feature",
      "properties": {
        "p1": 40824000965,
        "p59a": null,
        "p59b": null,
        "p59c": null,
        "p59d": "XX",
        "p59e": null,
        "p59f": null,
        "p59g": null,
        "x": 0,
        "y": 0
      },
      "geometry": { "type": "Point", "coordinates": [0.0, 0.0] }
    },
    {
      "type": "Feature",
      "properties": {
        "p1": 40824000966,
        "p59a": "1.0",
        "p59b": "3.0",
        "p59c": "2.0",
        "p59d": "23",
        "p59e": "10.0",
        "p59f": "1.0",
        "p59g": "4.0",
        "x": 0,
        "y": 0
      },
      "geometry": { "type": "Point", "coordinates": [0.0, 0.0] }
    },
    {
      "type": "Feature",
      "properties": {
        "p1": 40824000972,
        "p59a": null,
        "p59b": null,
        "p59c": null,
        "p59d": "XX",
        "p59e": null,
        "p59f": null,
        "p59g": null,
        "x": 0,
        "y": 0
      },
      "geometry": { "type": "Point", "coordinates": [0.0, 0.0] }
    },
    {
      "type": "Feature",
      "properties": {
        "p1": 40824000975,
        "p59a": "1.0",
        "p59b": "4.0",
        "p59c": "1.0",
        "p59d": "54",
        "p59e": "10.0",
        "p59f": "1.0",
        "p59g": "4.0",
        "x": 0,
        "y": 0
      },
      "geometry": { "type": "Point", "coordinates": [0.0, 0.0] }
    },
    {
      "type": "Feature",
      "properties": {
        "p1": 40824000977,
        "p59a": null,
        "p59b": null,
        "p59c": null,
        "p59d": "XX",
        "p59e": null,
        "p59f": null,
        "p59g": null,
        "x": 0,
        "y": 0
      },
      "geometry": { "type": "Point", "coordinates": [0.0, 0.0] }
    },
    {
      "type": "Feature",
      "properties": {
        "p1": 40824000982,
        "p59a": null,
        "p59b": null,
        "p59c": null,
        "p59d": "XX",
        "p59e": null,
        "p59f": null,
        "p59g": null,
        "x": 0,
        "y": 0
      },
      "geometry": { "type": "Point", "coordinates": [0.0, 0.0] }
    },
    {
      "type": "Feature",
      "properties": {
        "p1": 40824000984,
        "p59a": "1.0",
        "p59b": "3.0",
        "p59c": "2.0",
        "p59d": "25",
        "p59e": "10.0",
        "p59f": "1.0",
        "p59g": "4.0",
        "x": 0,
        "y": 0
      },
      "geometry": { "type": "Point", "coordinates": [0.0, 0.0] }
    },
    {
      "type": "Feature",
      "properties": {
        "p1": 40824000985,
        "p59a": "1.0",
        "p59b": "3.0",
        "p59c": "1.0",
        "p59d": "71",
        "p59e": "10.0",
        "p59f": "5.0",
        "p59g": "4.0",
        "x": 0,
        "y": 0
      },
      "geometry": { "type": "Point", "coordinates": [0.0, 0.0] }
    },
    {
      "type": "Feature",
      "properties": {
        "p1": 40824000987,
        "p59a": "1.0",
        "p59b": "3.0",
        "p59c": "1.0",
        "p59d": "34",
        "p59e": "10.0",
        "p59f": "1.0",
        "p59g": "4.0",
        "x": 0,
        "y": 0
      },
      "geometry": { "type": "Point", "coordinates": [0.0, 0.0] }
    },
    {
      "type": "Feature",
      "properties": {
        "p1": 40824000988,
        "p59a": null,
        "p59b": null,
        "p59c": null,
        "p59d": "XX",
        "p59e": null,
        "p59f": null,
        "p59g": null,
        "x": 0,
        "y": 0
      },
      "geometry": { "type": "Point", "coordinates": [0.0, 0.0] }
    },
    {
      "type": "Feature",
      "properties": {
        "p1": 40824000991,
        "p59a": null,
        "p59b": null,
        "p59c": null,
        "p59d": null,
        "p59e": null,
        "p59f": null,
        "p59g": null,
        "x": 0,
        "y": 0
      },
      "geometry": { "type": "Point", "coordinates": [0.0, 0.0] }
    },
    {
      "type": "Feature",
      "properties": {
        "p1": 40824000994,
        "p59a": null,
        "p59b": null,
        "p59c": null,
        "p59d": null,
        "p59e": null,
        "p59f": null,
        "p59g": null,
        "x": 0,
        "y": 0
      },
      "geometry": { "type": "Point", "coordinates": [0.0, 0.0] }
    },
    {
      "type": "Feature",
      "properties": {
        "p1": 40824000995,
        "p59a": null,
        "p59b": null,
        "p59c": null,
        "p59d": null,
        "p59e": null,
        "p59f": null,
        "p59g": null,
        "x": 0,
        "y": 0
      },
      "geometry": { "type": "Point", "coordinates": [0.0, 0.0] }
    },
    {
      "type": "Feature",
      "properties": {
        "p1": 40824000997,
        "p59a": "1.0",
        "p59b": "3.0",
        "p59c": "2.0",
        "p59d": "18",
        "p59e": "10.0",
        "p59f": "1.0",
        "p59g": "4.0",
        "x": 0,
        "y": 0
      },
      "geometry": { "type": "Point", "coordinates": [0.0, 0.0] }
    },
    {
      "type": "Feature",
      "properties": {
        "p1": 40824000998,
        "p59a": "1.0",
        "p59b": "3.0",
        "p59c": "1.0",
        "p59d": "63",
        "p59e": "10.0",
        "p59f": "1.0",
        "p59g": "4.0",
        "x": 0,
        "y": 0
      },
      "geometry": { "type": "Point", "coordinates": [0.0, 0.0] }
    },
    {
      "type": "Feature",
      "properties": {
        "p1": 40824001004,
        "p59a": "1.0",
        "p59b": "3.0",
        "p59c": "2.0",
        "p59d": "54",
        "p59e": "10.0",
        "p59f": "5.0",
        "p59g": "2.0",
        "x": 0,
        "y": 0
      },
      "geometry": { "type": "Point", "coordinates": [0.0, 0.0] }
    },
    {
      "type": "Feature",
      "properties": {
        "p1": 40824001005,
        "p59a": "1.0",
        "p59b": "3.0",
        "p59c": "1.0",
        "p59d": "46",
        "p59e": "10.0",
        "p59f": "1.0",
        "p59g": "4.0",
        "x": 0,
        "y": 0
      },
      "geometry": { "type": "Point", "coordinates": [0.0, 0.0] }
    },
    {
      "type": "Feature",
      "properties": {
        "p1": 40824001010,
        "p59a": null,
        "p59b": null,
        "p59c": null,
        "p59d": null,
        "p59e": null,
        "p59f": null,
        "p59g": null,
        "x": 0,
        "y": 0
      },
      "geometry": { "type": "Point", "coordinates": [0.0, 0.0] }
    },
    {
      "type": "Feature",
      "properties": {
        "p1": 40824001012,
        "p59a": null,
        "p59b": null,
        "p59c": null,
        "p59d": null,
        "p59e": null,
        "p59f": null,
        "p59g": null,
        "x": 0,
        "y": 0
      },
      "geometry": { "type": "Point", "coordinates": [0.0, 0.0] }
    },
    {
      "type": "Feature",
      "properties": {
        "p1": 40824001013,
        "p59a": "1.0",
        "p59b": "3.0",
        "p59c": "1.0",
        "p59d": "46",
        "p59e": "10.0",
        "p59f": "1.0",
        "p59g": "4.0",
        "x": 0,
        "y": 0
      },
      "geometry": { "type": "Point", "coordinates": [0.0, 0.0] }
    },
    {
      "type": "Feature",
      "properties": {
        "p1": 40824001014,
        "p59a": "1.0",
        "p59b": "7.0",
        "p59c": "1.0",
        "p59d": "32",
        "p59e": "10.0",
        "p59f": "1.0",
        "p59g": "4.0",
        "x": 0,
        "y": 0
      },
      "geometry": { "type": "Point", "coordinates": [0.0, 0.0] }
    },
    {
      "type": "Feature",
      "properties": {
        "p1": 40824001015,
        "p59a": null,
        "p59b": null,
        "p59c": null,
        "p59d": null,
        "p59e": null,
        "p59f": null,
        "p59g": null,
        "x": 0,
        "y": 0
      },
      "geometry": { "type": "Point", "coordinates": [0.0, 0.0] }
    },
    {
      "type": "Feature",
      "properties": {
        "p1": 40824001017,
        "p59a": null,
        "p59b": null,
        "p59c": null,
        "p59d": null,
        "p59e": null,
        "p59f": null,
        "p59g": null,
        "x": 0,
        "y": 0
      },
      "geometry": { "type": "Point", "coordinates": [0.0, 0.0] }
    },
    {
      "type": "Feature",
      "properties": {
        "p1": 40824001020,
        "p59a": null,
        "p59b": null,
        "p59c": null,
        "p59d": null,
        "p59e": null,
        "p59f": null,
        "p59g": null,
        "x": 0,
        "y": 0
      },
      "geometry": { "type": "Point", "coordinates": [0.0, 0.0] }
    },
    {
      "type": "Feature",
      "properties": {
        "p1": 40824001021,
        "p59a": "1.0",
        "p59b": "3.0",
        "p59c": "1.0",
        "p59d": "75",
        "p59e": "10.0",
        "p59f": "1.0",
        "p59g": "4.0",
        "x": 0,
        "y": 0
      },
      "geometry": { "type": "Point", "coordinates": [0.0, 0.0] }
    },
    {
      "type": "Feature",
      "properties": {
        "p1": 40824001028,
        "p59a": null,
        "p59b": null,
        "p59c": null,
        "p59d": null,
        "p59e": null,
        "p59f": null,
        "p59g": "4.0",
        "x": 0,
        "y": 0
      },
      "geometry": { "type": "Point", "coordinates": [0.0, 0.0] }
    },
    {
      "type": "Feature",
      "properties": {
        "p1": 40824001029,
        "p59a": "1.0",
        "p59b": "3.0",
        "p59c": "2.0",
        "p59d": "45",
        "p59e": "10.0",
        "p59f": "1.0",
        "p59g": "4.0",
        "x": 0,
        "y": 0
      },
      "geometry": { "type": "Point", "coordinates": [0.0, 0.0] }
    },
    {
      "type": "Feature",
      "properties": {
        "p1": 40824001033,
        "p59a": null,
        "p59b": null,
        "p59c": null,
        "p59d": "XX",
        "p59e": null,
        "p59f": null,
        "p59g": null,
        "x": 0,
        "y": 0
      },
      "geometry": { "type": "Point", "coordinates": [0.0, 0.0] }
    },
    {
      "type": "Feature",
      "properties": {
        "p1": 40824001034,
        "p59a": null,
        "p59b": null,
        "p59c": null,
        "p59d": null,
        "p59e": null,
        "p59f": null,
        "p59g": null,
        "x": 0,
        "y": 0
      },
      "geometry": { "type": "Point", "coordinates": [0.0, 0.0] }
    },
    {
      "type": "Feature",
      "properties": {
        "p1": 40824001035,
        "p59a": null,
        "p59b": null,
        "p59c": null,
        "p59d": "12",
        "p59e": "998.0",
        "p59f": null,
        "p59g": "4.0",
        "x": 0,
        "y": 0
      },
      "geometry": { "type": "Point", "coordinates": [0.0, 0.0] }
    },
    {
      "type": "Feature",
      "properties": {
        "p1": 40824001038,
        "p59a": "1.0",
        "p59b": "3.0",
        "p59c": "2.0",
        "p59d": "47",
        "p59e": "10.0",
        "p59f": "1.0",
        "p59g": "4.0",
        "x": 0,
        "y": 0
      },
      "geometry": { "type": "Point", "coordinates": [0.0, 0.0] }
    },
    {
      "type": "Feature",
      "properties": {
        "p1": 40824001041,
        "p59a": "1.0",
        "p59b": "3.0",
        "p59c": "1.0",
        "p59d": "20",
        "p59e": "10.0",
        "p59f": "5.0",
        "p59g": "3.0",
        "x": 0,
        "y": 0
      },
      "geometry": { "type": "Point", "coordinates": [0.0, 0.0] }
    },
    {
      "type": "Feature",
      "properties": {
        "p1": 40824001042,
        "p59a": null,
        "p59b": null,
        "p59c": null,
        "p59d": "XX",
        "p59e": null,
        "p59f": null,
        "p59g": null,
        "x": 0,
        "y": 0
      },
      "geometry": { "type": "Point", "coordinates": [0.0, 0.0] }
    },
    {
      "type": "Feature",
      "properties": {
        "p1": 40824001047,
        "p59a": null,
        "p59b": null,
        "p59c": null,
        "p59d": "XX",
        "p59e": null,
        "p59f": null,
        "p59g": null,
        "x": 0,
        "y": 0
      },
      "geometry": { "type": "Point", "coordinates": [0.0, 0.0] }
    },
    {
      "type": "Feature",
      "properties": {
        "p1": 40824001055,
        "p59a": "1.0",
        "p59b": "3.0",
        "p59c": "1.0",
        "p59d": "46",
        "p59e": "10.0",
        "p59f": "1.0",
        "p59g": "4.0",
        "x": 0,
        "y": 0
      },
      "geometry": { "type": "Point", "coordinates": [0.0, 0.0] }
    },
    {
      "type": "Feature",
      "properties": {
        "p1": 40824001057,
        "p59a": "1.0",
        "p59b": "8.0",
        "p59c": "1.0",
        "p59d": "74",
        "p59e": "10.0",
        "p59f": "5.0",
        "p59g": "3.0",
        "x": 0,
        "y": 0
      },
      "geometry": { "type": "Point", "coordinates": [0.0, 0.0] }
    },
    {
      "type": "Feature",
      "properties": {
        "p1": 40824001059,
        "p59a": "1.0",
        "p59b": "3.0",
        "p59c": "2.0",
        "p59d": "19",
        "p59e": "10.0",
        "p59f": "1.0",
        "p59g": "4.0",
        "x": 0,
        "y": 0
      },
      "geometry": { "type": "Point", "coordinates": [0.0, 0.0] }
    }
  ]
}
